ISO-10303-21;
HEADER;
/* Generated by software containing ST-Developer
 * from STEP Tools, Inc. (www.steptools.com) 
 */
/* OPTION: using custom renumber hook */

FILE_DESCRIPTION(
/* description */ ('STEP AP242 Edition 2',
'CAx-IF Rec.Pracs.---Representation and Presentation of Product Manufa
cturing Information (PMI)---4.0---2014-10-13',
'CAx-IF Rec.Pracs.---3D Tessellated Geometry---0.4---2014-09-14','2;1',
'CAx-IF Rec.Pracs.---User Defined Attributes---1.5---2016-08-15'),
/* implementation_level */ '2;1');

FILE_NAME(
/* name */ '6a6c88cb8da84d1e223485df',
/* time_stamp */ '2026-07-31T11:36:44Z',
/* author */ (''),
/* organization */ (''),
/* preprocessor_version */ 'ST-DEVELOPER v20',
/* originating_system */ 'ONSHAPE BY PTC INC, 1.218',
/* authorisation */ '  ');

FILE_SCHEMA (('AP242_MANAGED_MODEL_BASED_3D_ENGINEERING_MIM_LF { 1 0 10303 442 3 1 4 }'));
ENDSEC;

DATA;
#10=ELLIPSE('',#5828,0.0314803938975307,0.0222599999993677);
#11=ELLIPSE('',#5829,0.0314803938975307,0.0222599999993677);
#12=ELLIPSE('',#5830,0.0314803938975309,0.0222599999993677);
#13=ELLIPSE('',#5831,0.0314803938975309,0.0222599999993677);
#14=CONTEXT_DEPENDENT_SHAPE_REPRESENTATION(#46,#9469);
#15=CONTEXT_DEPENDENT_SHAPE_REPRESENTATION(#47,#9471);
#16=CONTEXT_DEPENDENT_SHAPE_REPRESENTATION(#48,#9472);
#17=CONTEXT_DEPENDENT_SHAPE_REPRESENTATION(#49,#9473);
#18=CONTEXT_DEPENDENT_SHAPE_REPRESENTATION(#50,#9475);
#19=CONTEXT_DEPENDENT_SHAPE_REPRESENTATION(#51,#9476);
#20=CONTEXT_DEPENDENT_SHAPE_REPRESENTATION(#52,#9477);
#21=CONTEXT_DEPENDENT_SHAPE_REPRESENTATION(#53,#9478);
#22=CONTEXT_DEPENDENT_SHAPE_REPRESENTATION(#54,#9479);
#23=CONTEXT_DEPENDENT_SHAPE_REPRESENTATION(#55,#9480);
#24=CONTEXT_DEPENDENT_SHAPE_REPRESENTATION(#56,#9481);
#25=CONTEXT_DEPENDENT_SHAPE_REPRESENTATION(#57,#9482);
#26=CONTEXT_DEPENDENT_SHAPE_REPRESENTATION(#58,#9484);
#27=CONTEXT_DEPENDENT_SHAPE_REPRESENTATION(#59,#9485);
#28=CONTEXT_DEPENDENT_SHAPE_REPRESENTATION(#60,#9486);
#29=CONTEXT_DEPENDENT_SHAPE_REPRESENTATION(#61,#9487);
#30=NEXT_ASSEMBLY_USAGE_OCCURRENCE('NAUO1','Part 1','Part 1',#9488,#9489,
'');
#31=NEXT_ASSEMBLY_USAGE_OCCURRENCE('NAUO2','Part 1','Part 1',#9488,#9490,
'');
#32=NEXT_ASSEMBLY_USAGE_OCCURRENCE('NAUO3','Part 1','Part 1',#9488,#9490,
'');
#33=NEXT_ASSEMBLY_USAGE_OCCURRENCE('NAUO4','Part 1','Part 1',#9488,#9490,
'');
#34=NEXT_ASSEMBLY_USAGE_OCCURRENCE('NAUO5','Part 1','Part 1',#9488,#9491,
'');
#35=NEXT_ASSEMBLY_USAGE_OCCURRENCE('NAUO6','Part 1','Part 1',#9488,#9490,
'');
#36=NEXT_ASSEMBLY_USAGE_OCCURRENCE('NAUO7','Part 1','Part 1',#9488,#9490,
'');
#37=NEXT_ASSEMBLY_USAGE_OCCURRENCE('NAUO8','Part 1','Part 1',#9488,#9490,
'');
#38=NEXT_ASSEMBLY_USAGE_OCCURRENCE('NAUO9','Part 1','Part 1',#9488,#9490,
'');
#39=NEXT_ASSEMBLY_USAGE_OCCURRENCE('NAUO10','Part 1','Part 1',#9488,#9491,
'');
#40=NEXT_ASSEMBLY_USAGE_OCCURRENCE('NAUO11','Part 1','Part 1',#9488,#9490,
'');
#41=NEXT_ASSEMBLY_USAGE_OCCURRENCE('NAUO12','Part 1','Part 1',#9488,#9490,
'');
#42=NEXT_ASSEMBLY_USAGE_OCCURRENCE('NAUO13','Part 1','Part 1',#9488,#9492,
'');
#43=NEXT_ASSEMBLY_USAGE_OCCURRENCE('NAUO14','Part 1','Part 1',#9488,#9490,
'');
#44=NEXT_ASSEMBLY_USAGE_OCCURRENCE('NAUO15','Part 1','Part 1',#9488,#9490,
'');
#45=NEXT_ASSEMBLY_USAGE_OCCURRENCE('NAUO16','Part 1','Part 1',#9488,#9490,
'');
#46=(
REPRESENTATION_RELATIONSHIP(' ',' ',#5617,#5616)
REPRESENTATION_RELATIONSHIP_WITH_TRANSFORMATION(#62)
SHAPE_REPRESENTATION_RELATIONSHIP()
);
#47=(
REPRESENTATION_RELATIONSHIP(' ',' ',#5618,#5616)
REPRESENTATION_RELATIONSHIP_WITH_TRANSFORMATION(#63)
SHAPE_REPRESENTATION_RELATIONSHIP()
);
#48=(
REPRESENTATION_RELATIONSHIP(' ',' ',#5618,#5616)
REPRESENTATION_RELATIONSHIP_WITH_TRANSFORMATION(#64)
SHAPE_REPRESENTATION_RELATIONSHIP()
);
#49=(
REPRESENTATION_RELATIONSHIP(' ',' ',#5618,#5616)
REPRESENTATION_RELATIONSHIP_WITH_TRANSFORMATION(#65)
SHAPE_REPRESENTATION_RELATIONSHIP()
);
#50=(
REPRESENTATION_RELATIONSHIP(' ',' ',#5619,#5616)
REPRESENTATION_RELATIONSHIP_WITH_TRANSFORMATION(#66)
SHAPE_REPRESENTATION_RELATIONSHIP()
);
#51=(
REPRESENTATION_RELATIONSHIP(' ',' ',#5618,#5616)
REPRESENTATION_RELATIONSHIP_WITH_TRANSFORMATION(#67)
SHAPE_REPRESENTATION_RELATIONSHIP()
);
#52=(
REPRESENTATION_RELATIONSHIP(' ',' ',#5618,#5616)
REPRESENTATION_RELATIONSHIP_WITH_TRANSFORMATION(#68)
SHAPE_REPRESENTATION_RELATIONSHIP()
);
#53=(
REPRESENTATION_RELATIONSHIP(' ',' ',#5618,#5616)
REPRESENTATION_RELATIONSHIP_WITH_TRANSFORMATION(#69)
SHAPE_REPRESENTATION_RELATIONSHIP()
);
#54=(
REPRESENTATION_RELATIONSHIP(' ',' ',#5618,#5616)
REPRESENTATION_RELATIONSHIP_WITH_TRANSFORMATION(#70)
SHAPE_REPRESENTATION_RELATIONSHIP()
);
#55=(
REPRESENTATION_RELATIONSHIP(' ',' ',#5619,#5616)
REPRESENTATION_RELATIONSHIP_WITH_TRANSFORMATION(#71)
SHAPE_REPRESENTATION_RELATIONSHIP()
);
#56=(
REPRESENTATION_RELATIONSHIP(' ',' ',#5618,#5616)
REPRESENTATION_RELATIONSHIP_WITH_TRANSFORMATION(#72)
SHAPE_REPRESENTATION_RELATIONSHIP()
);
#57=(
REPRESENTATION_RELATIONSHIP(' ',' ',#5618,#5616)
REPRESENTATION_RELATIONSHIP_WITH_TRANSFORMATION(#73)
SHAPE_REPRESENTATION_RELATIONSHIP()
);
#58=(
REPRESENTATION_RELATIONSHIP(' ',' ',#5620,#5616)
REPRESENTATION_RELATIONSHIP_WITH_TRANSFORMATION(#74)
SHAPE_REPRESENTATION_RELATIONSHIP()
);
#59=(
REPRESENTATION_RELATIONSHIP(' ',' ',#5618,#5616)
REPRESENTATION_RELATIONSHIP_WITH_TRANSFORMATION(#75)
SHAPE_REPRESENTATION_RELATIONSHIP()
);
#60=(
REPRESENTATION_RELATIONSHIP(' ',' ',#5618,#5616)
REPRESENTATION_RELATIONSHIP_WITH_TRANSFORMATION(#76)
SHAPE_REPRESENTATION_RELATIONSHIP()
);
#61=(
REPRESENTATION_RELATIONSHIP(' ',' ',#5618,#5616)
REPRESENTATION_RELATIONSHIP_WITH_TRANSFORMATION(#77)
SHAPE_REPRESENTATION_RELATIONSHIP()
);
#62=ITEM_DEFINED_TRANSFORMATION(' ',' ',#5621,#5815);
#63=ITEM_DEFINED_TRANSFORMATION(' ',' ',#5621,#5864);
#64=ITEM_DEFINED_TRANSFORMATION(' ',' ',#5621,#5865);
#65=ITEM_DEFINED_TRANSFORMATION(' ',' ',#5621,#5866);
#66=ITEM_DEFINED_TRANSFORMATION(' ',' ',#5621,#5947);
#67=ITEM_DEFINED_TRANSFORMATION(' ',' ',#5621,#5948);
#68=ITEM_DEFINED_TRANSFORMATION(' ',' ',#5621,#5949);
#69=ITEM_DEFINED_TRANSFORMATION(' ',' ',#5621,#5950);
#70=ITEM_DEFINED_TRANSFORMATION(' ',' ',#5621,#5951);
#71=ITEM_DEFINED_TRANSFORMATION(' ',' ',#5621,#5952);
#72=ITEM_DEFINED_TRANSFORMATION(' ',' ',#5621,#5953);
#73=ITEM_DEFINED_TRANSFORMATION(' ',' ',#5621,#5954);
#74=ITEM_DEFINED_TRANSFORMATION(' ',' ',#5621,#6080);
#75=ITEM_DEFINED_TRANSFORMATION(' ',' ',#5621,#6081);
#76=ITEM_DEFINED_TRANSFORMATION(' ',' ',#5621,#6082);
#77=ITEM_DEFINED_TRANSFORMATION(' ',' ',#5621,#6083);
#78=SHAPE_REPRESENTATION_RELATIONSHIP('','',#5617,#82);
#79=SHAPE_REPRESENTATION_RELATIONSHIP('','',#5618,#83);
#80=SHAPE_REPRESENTATION_RELATIONSHIP('','',#5619,#84);
#81=SHAPE_REPRESENTATION_RELATIONSHIP('','',#5620,#85);
#82=ADVANCED_BREP_SHAPE_REPRESENTATION('',(#5607),#9455);
#83=ADVANCED_BREP_SHAPE_REPRESENTATION('',(#5608),#9456);
#84=ADVANCED_BREP_SHAPE_REPRESENTATION('',(#5609),#9457);
#85=ADVANCED_BREP_SHAPE_REPRESENTATION('',(#5610),#9458);
#86=CONICAL_SURFACE('',#5773,0.006,0.785398163397449);
#87=CONICAL_SURFACE('',#5776,0.013,0.785398163397448);
#88=CONICAL_SURFACE('',#5777,0.005,0.78539816339745);
#89=CONICAL_SURFACE('',#5780,0.012,0.785398163397449);
#90=CONICAL_SURFACE('',#5781,0.006,0.785398163397449);
#91=CONICAL_SURFACE('',#5784,0.013,0.785398163397449);
#92=CONICAL_SURFACE('',#5785,0.005,0.78539816339745);
#93=CONICAL_SURFACE('',#5788,0.012,0.78539816339745);
#94=CONICAL_SURFACE('',#5789,0.006,0.785398163397449);
#95=CONICAL_SURFACE('',#5792,0.013,0.785398163397449);
#96=CONICAL_SURFACE('',#5793,0.005,0.78539816339745);
#97=CONICAL_SURFACE('',#5796,0.012,0.78539816339745);
#98=CONICAL_SURFACE('',#5797,0.006,0.785398163397448);
#99=CONICAL_SURFACE('',#5800,0.013,0.785398163397449);
#100=CONICAL_SURFACE('',#5801,0.005,0.785398163397449);
#101=CONICAL_SURFACE('',#5804,0.012,0.78539816339745);
#102=CONICAL_SURFACE('',#5805,0.006,0.785398163397449);
#103=CONICAL_SURFACE('',#5808,0.013,0.785398163397449);
#104=CONICAL_SURFACE('',#5809,0.005,0.78539816339745);
#105=CONICAL_SURFACE('',#5812,0.012,0.78539816339745);
#106=CONICAL_SURFACE('',#5813,0.0036,0.785398163397449);
#107=CONICAL_SURFACE('',#5814,0.0026,0.78539816339745);
#108=CONICAL_SURFACE('',#5925,0.0056,0.785398163397448);
#109=CONICAL_SURFACE('',#5927,0.034,0.785398163397449);
#110=CONICAL_SURFACE('',#5930,0.034,0.785398163397449);
#111=CONICAL_SURFACE('',#5933,0.034,0.785398163397449);
#112=CONICAL_SURFACE('',#5936,0.034,0.785398163397449);
#113=CONICAL_SURFACE('',#5939,0.034,0.785398163397449);
#114=CONICAL_SURFACE('',#5942,0.034,0.785398163397449);
#115=PLANE('',#5669);
#116=PLANE('',#5676);
#117=PLANE('',#5683);
#118=PLANE('',#5690);
#119=PLANE('',#5697);
#120=PLANE('',#5701);
#121=PLANE('',#5702);
#122=PLANE('',#5703);
#123=PLANE('',#5704);
#124=PLANE('',#5705);
#125=PLANE('',#5709);
#126=PLANE('',#5721);
#127=PLANE('',#5733);
#128=PLANE('',#5734);
#129=PLANE('',#5735);
#130=PLANE('',#5736);
#131=PLANE('',#5737);
#132=PLANE('',#5738);
#133=PLANE('',#5739);
#134=PLANE('',#5740);
#135=PLANE('',#5741);
#136=PLANE('',#5742);
#137=PLANE('',#5743);
#138=PLANE('',#5744);
#139=PLANE('',#5745);
#140=PLANE('',#5746);
#141=PLANE('',#5747);
#142=PLANE('',#5748);
#143=PLANE('',#5749);
#144=PLANE('',#5750);
#145=PLANE('',#5751);
#146=PLANE('',#5752);
#147=PLANE('',#5753);
#148=PLANE('',#5754);
#149=PLANE('',#5755);
#150=PLANE('',#5756);
#151=PLANE('',#5757);
#152=PLANE('',#5758);
#153=PLANE('',#5759);
#154=PLANE('',#5760);
#155=PLANE('',#5761);
#156=PLANE('',#5762);
#157=PLANE('',#5763);
#158=PLANE('',#5764);
#159=PLANE('',#5765);
#160=PLANE('',#5766);
#161=PLANE('',#5767);
#162=PLANE('',#5768);
#163=PLANE('',#5769);
#164=PLANE('',#5770);
#165=PLANE('',#5771);
#166=PLANE('',#5772);
#167=PLANE('',#5774);
#168=PLANE('',#5775);
#169=PLANE('',#5778);
#170=PLANE('',#5779);
#171=PLANE('',#5782);
#172=PLANE('',#5783);
#173=PLANE('',#5786);
#174=PLANE('',#5787);
#175=PLANE('',#5790);
#176=PLANE('',#5791);
#177=PLANE('',#5794);
#178=PLANE('',#5795);
#179=PLANE('',#5798);
#180=PLANE('',#5799);
#181=PLANE('',#5802);
#182=PLANE('',#5803);
#183=PLANE('',#5806);
#184=PLANE('',#5807);
#185=PLANE('',#5810);
#186=PLANE('',#5811);
#187=PLANE('',#5816);
#188=PLANE('',#5818);
#189=PLANE('',#5820);
#190=PLANE('',#5821);
#191=PLANE('',#5822);
#192=PLANE('',#5823);
#193=PLANE('',#5832);
#194=PLANE('',#5836);
#195=PLANE('',#5837);
#196=PLANE('',#5839);
#197=PLANE('',#5840);
#198=PLANE('',#5841);
#199=PLANE('',#5842);
#200=PLANE('',#5843);
#201=PLANE('',#5845);
#202=PLANE('',#5846);
#203=PLANE('',#5847);
#204=PLANE('',#5850);
#205=PLANE('',#5851);
#206=PLANE('',#5852);
#207=PLANE('',#5853);
#208=PLANE('',#5854);
#209=PLANE('',#5855);
#210=PLANE('',#5856);
#211=PLANE('',#5857);
#212=PLANE('',#5858);
#213=PLANE('',#5859);
#214=PLANE('',#5871);
#215=PLANE('',#5872);
#216=PLANE('',#5873);
#217=PLANE('',#5874);
#218=PLANE('',#5875);
#219=PLANE('',#5876);
#220=PLANE('',#5877);
#221=PLANE('',#5878);
#222=PLANE('',#5879);
#223=PLANE('',#5880);
#224=PLANE('',#5881);
#225=PLANE('',#5882);
#226=PLANE('',#5904);
#227=PLANE('',#5907);
#228=PLANE('',#5918);
#229=PLANE('',#5923);
#230=PLANE('',#5926);
#231=PLANE('',#5928);
#232=PLANE('',#5929);
#233=PLANE('',#5931);
#234=PLANE('',#5932);
#235=PLANE('',#5934);
#236=PLANE('',#5935);
#237=PLANE('',#5937);
#238=PLANE('',#5938);
#239=PLANE('',#5940);
#240=PLANE('',#5941);
#241=PLANE('',#5943);
#242=PLANE('',#5944);
#243=PLANE('',#5945);
#244=PLANE('',#5946);
#245=PLANE('',#5958);
#246=PLANE('',#5959);
#247=PLANE('',#5960);
#248=PLANE('',#5961);
#249=PLANE('',#5962);
#250=PLANE('',#5963);
#251=PLANE('',#5964);
#252=PLANE('',#5968);
#253=PLANE('',#5969);
#254=PLANE('',#5970);
#255=PLANE('',#5971);
#256=PLANE('',#5972);
#257=PLANE('',#5973);
#258=PLANE('',#5974);
#259=PLANE('',#5978);
#260=PLANE('',#5979);
#261=PLANE('',#5980);
#262=PLANE('',#5981);
#263=PLANE('',#5982);
#264=PLANE('',#5983);
#265=PLANE('',#5984);
#266=PLANE('',#5988);
#267=PLANE('',#5989);
#268=PLANE('',#5990);
#269=PLANE('',#5991);
#270=PLANE('',#5992);
#271=PLANE('',#5993);
#272=PLANE('',#5994);
#273=PLANE('',#5998);
#274=PLANE('',#5999);
#275=PLANE('',#6000);
#276=PLANE('',#6001);
#277=PLANE('',#6002);
#278=PLANE('',#6003);
#279=PLANE('',#6004);
#280=PLANE('',#6008);
#281=PLANE('',#6009);
#282=PLANE('',#6010);
#283=PLANE('',#6011);
#284=PLANE('',#6012);
#285=PLANE('',#6013);
#286=PLANE('',#6014);
#287=PLANE('',#6018);
#288=PLANE('',#6019);
#289=PLANE('',#6020);
#290=PLANE('',#6021);
#291=PLANE('',#6022);
#292=PLANE('',#6023);
#293=PLANE('',#6024);
#294=PLANE('',#6028);
#295=PLANE('',#6029);
#296=PLANE('',#6030);
#297=PLANE('',#6031);
#298=PLANE('',#6032);
#299=PLANE('',#6033);
#300=PLANE('',#6034);
#301=PLANE('',#6038);
#302=PLANE('',#6039);
#303=PLANE('',#6040);
#304=PLANE('',#6041);
#305=PLANE('',#6042);
#306=PLANE('',#6043);
#307=PLANE('',#6044);
#308=PLANE('',#6048);
#309=PLANE('',#6049);
#310=PLANE('',#6050);
#311=PLANE('',#6051);
#312=PLANE('',#6052);
#313=PLANE('',#6053);
#314=PLANE('',#6054);
#315=PLANE('',#6058);
#316=PLANE('',#6059);
#317=PLANE('',#6060);
#318=PLANE('',#6061);
#319=PLANE('',#6062);
#320=PLANE('',#6063);
#321=PLANE('',#6064);
#322=PLANE('',#6068);
#323=PLANE('',#6069);
#324=PLANE('',#6070);
#325=PLANE('',#6071);
#326=PLANE('',#6072);
#327=PLANE('',#6073);
#328=PLANE('',#6077);
#329=PLANE('',#6078);
#330=PLANE('',#6079);
#331=LINE('',#7675,#879);
#332=LINE('',#7677,#880);
#333=LINE('',#7681,#881);
#334=LINE('',#7683,#882);
#335=LINE('',#7687,#883);
#336=LINE('',#7689,#884);
#337=LINE('',#7693,#885);
#338=LINE('',#7695,#886);
#339=LINE('',#7699,#887);
#340=LINE('',#7701,#888);
#341=LINE('',#7705,#889);
#342=LINE('',#7707,#890);
#343=LINE('',#7711,#891);
#344=LINE('',#7713,#892);
#345=LINE('',#7811,#893);
#346=LINE('',#7812,#894);
#347=LINE('',#7814,#895);
#348=LINE('',#7819,#896);
#349=LINE('',#7823,#897);
#350=LINE('',#7825,#898);
#351=LINE('',#7827,#899);
#352=LINE('',#7831,#900);
#353=LINE('',#7835,#901);
#354=LINE('',#7840,#902);
#355=LINE('',#7844,#903);
#356=LINE('',#7846,#904);
#357=LINE('',#7848,#905);
#358=LINE('',#7852,#906);
#359=LINE('',#7856,#907);
#360=LINE('',#7861,#908);
#361=LINE('',#7865,#909);
#362=LINE('',#7867,#910);
#363=LINE('',#7869,#911);
#364=LINE('',#7873,#912);
#365=LINE('',#7877,#913);
#366=LINE('',#7882,#914);
#367=LINE('',#7886,#915);
#368=LINE('',#7888,#916);
#369=LINE('',#7890,#917);
#370=LINE('',#7894,#918);
#371=LINE('',#7898,#919);
#372=LINE('',#7903,#920);
#373=LINE('',#7907,#921);
#374=LINE('',#7909,#922);
#375=LINE('',#7911,#923);
#376=LINE('',#7915,#924);
#377=LINE('',#7919,#925);
#378=LINE('',#7920,#926);
#379=LINE('',#7922,#927);
#380=LINE('',#7923,#928);
#381=LINE('',#7925,#929);
#382=LINE('',#7926,#930);
#383=LINE('',#7928,#931);
#384=LINE('',#7929,#932);
#385=LINE('',#7931,#933);
#386=LINE('',#7932,#934);
#387=LINE('',#7939,#935);
#388=LINE('',#7944,#936);
#389=LINE('',#7947,#937);
#390=LINE('',#7952,#938);
#391=LINE('',#7955,#939);
#392=LINE('',#7960,#940);
#393=LINE('',#7963,#941);
#394=LINE('',#7968,#942);
#395=LINE('',#7971,#943);
#396=LINE('',#7976,#944);
#397=LINE('',#7982,#945);
#398=LINE('',#7987,#946);
#399=LINE('',#7990,#947);
#400=LINE('',#7995,#948);
#401=LINE('',#7998,#949);
#402=LINE('',#8003,#950);
#403=LINE('',#8006,#951);
#404=LINE('',#8011,#952);
#405=LINE('',#8014,#953);
#406=LINE('',#8019,#954);
#407=LINE('',#8025,#955);
#408=LINE('',#8027,#956);
#409=LINE('',#8029,#957);
#410=LINE('',#8031,#958);
#411=LINE('',#8033,#959);
#412=LINE('',#8035,#960);
#413=LINE('',#8037,#961);
#414=LINE('',#8039,#962);
#415=LINE('',#8042,#963);
#416=LINE('',#8044,#964);
#417=LINE('',#8046,#965);
#418=LINE('',#8048,#966);
#419=LINE('',#8050,#967);
#420=LINE('',#8052,#968);
#421=LINE('',#8054,#969);
#422=LINE('',#8056,#970);
#423=LINE('',#8059,#971);
#424=LINE('',#8061,#972);
#425=LINE('',#8063,#973);
#426=LINE('',#8065,#974);
#427=LINE('',#8067,#975);
#428=LINE('',#8069,#976);
#429=LINE('',#8071,#977);
#430=LINE('',#8073,#978);
#431=LINE('',#8076,#979);
#432=LINE('',#8078,#980);
#433=LINE('',#8080,#981);
#434=LINE('',#8082,#982);
#435=LINE('',#8084,#983);
#436=LINE('',#8086,#984);
#437=LINE('',#8088,#985);
#438=LINE('',#8090,#986);
#439=LINE('',#8093,#987);
#440=LINE('',#8095,#988);
#441=LINE('',#8097,#989);
#442=LINE('',#8099,#990);
#443=LINE('',#8101,#991);
#444=LINE('',#8103,#992);
#445=LINE('',#8105,#993);
#446=LINE('',#8107,#994);
#447=LINE('',#8110,#995);
#448=LINE('',#8112,#996);
#449=LINE('',#8114,#997);
#450=LINE('',#8116,#998);
#451=LINE('',#8118,#999);
#452=LINE('',#8120,#1000);
#453=LINE('',#8122,#1001);
#454=LINE('',#8124,#1002);
#455=LINE('',#8127,#1003);
#456=LINE('',#8129,#1004);
#457=LINE('',#8131,#1005);
#458=LINE('',#8133,#1006);
#459=LINE('',#8135,#1007);
#460=LINE('',#8137,#1008);
#461=LINE('',#8139,#1009);
#462=LINE('',#8141,#1010);
#463=LINE('',#8144,#1011);
#464=LINE('',#8146,#1012);
#465=LINE('',#8148,#1013);
#466=LINE('',#8150,#1014);
#467=LINE('',#8152,#1015);
#468=LINE('',#8154,#1016);
#469=LINE('',#8156,#1017);
#470=LINE('',#8158,#1018);
#471=LINE('',#8364,#1019);
#472=LINE('',#8367,#1020);
#473=LINE('',#8371,#1021);
#474=LINE('',#8373,#1022);
#475=LINE('',#8378,#1023);
#476=LINE('',#8380,#1024);
#477=LINE('',#8382,#1025);
#478=LINE('',#8384,#1026);
#479=LINE('',#8386,#1027);
#480=LINE('',#8389,#1028);
#481=LINE('',#8391,#1029);
#482=LINE('',#8393,#1030);
#483=LINE('',#8395,#1031);
#484=LINE('',#8397,#1032);
#485=LINE('',#8399,#1033);
#486=LINE('',#8401,#1034);
#487=LINE('',#8404,#1035);
#488=LINE('',#8406,#1036);
#489=LINE('',#8408,#1037);
#490=LINE('',#8412,#1038);
#491=LINE('',#8415,#1039);
#492=LINE('',#8417,#1040);
#493=LINE('',#8419,#1041);
#494=LINE('',#8420,#1042);
#495=LINE('',#8422,#1043);
#496=LINE('',#8424,#1044);
#497=LINE('',#8426,#1045);
#498=LINE('',#8431,#1046);
#499=LINE('',#8438,#1047);
#500=LINE('',#8442,#1048);
#501=LINE('',#8445,#1049);
#502=LINE('',#8447,#1050);
#503=LINE('',#8449,#1051);
#504=LINE('',#8450,#1052);
#505=LINE('',#8452,#1053);
#506=LINE('',#8457,#1054);
#507=LINE('',#8461,#1055);
#508=LINE('',#8469,#1056);
#509=LINE('',#8470,#1057);
#510=LINE('',#8479,#1058);
#511=LINE('',#8482,#1059);
#512=LINE('',#8483,#1060);
#513=LINE('',#8485,#1061);
#514=LINE('',#8487,#1062);
#515=LINE('',#8489,#1063);
#516=LINE('',#8491,#1064);
#517=LINE('',#8493,#1065);
#518=LINE('',#8495,#1066);
#519=LINE('',#8497,#1067);
#520=LINE('',#8499,#1068);
#521=LINE('',#8501,#1069);
#522=LINE('',#8503,#1070);
#523=LINE('',#8505,#1071);
#524=LINE('',#8508,#1072);
#525=LINE('',#8509,#1073);
#526=LINE('',#8510,#1074);
#527=LINE('',#8511,#1075);
#528=LINE('',#8513,#1076);
#529=LINE('',#8515,#1077);
#530=LINE('',#8516,#1078);
#531=LINE('',#8520,#1079);
#532=LINE('',#8523,#1080);
#533=LINE('',#8525,#1081);
#534=LINE('',#8526,#1082);
#535=LINE('',#8528,#1083);
#536=LINE('',#8529,#1084);
#537=LINE('',#8530,#1085);
#538=LINE('',#8531,#1086);
#539=LINE('',#8536,#1087);
#540=LINE('',#8539,#1088);
#541=LINE('',#8542,#1089);
#542=LINE('',#8545,#1090);
#543=LINE('',#8582,#1091);
#544=LINE('',#8586,#1092);
#545=LINE('',#8588,#1093);
#546=LINE('',#8591,#1094);
#547=LINE('',#8593,#1095);
#548=LINE('',#8595,#1096);
#549=LINE('',#8597,#1097);
#550=LINE('',#8599,#1098);
#551=LINE('',#8601,#1099);
#552=LINE('',#8603,#1100);
#553=LINE('',#8606,#1101);
#554=LINE('',#8608,#1102);
#555=LINE('',#8610,#1103);
#556=LINE('',#8612,#1104);
#557=LINE('',#8614,#1105);
#558=LINE('',#8616,#1106);
#559=LINE('',#8618,#1107);
#560=LINE('',#8621,#1108);
#561=LINE('',#8623,#1109);
#562=LINE('',#8625,#1110);
#563=LINE('',#8627,#1111);
#564=LINE('',#8629,#1112);
#565=LINE('',#8631,#1113);
#566=LINE('',#8633,#1114);
#567=LINE('',#8636,#1115);
#568=LINE('',#8638,#1116);
#569=LINE('',#8640,#1117);
#570=LINE('',#8642,#1118);
#571=LINE('',#8644,#1119);
#572=LINE('',#8646,#1120);
#573=LINE('',#8648,#1121);
#574=LINE('',#8651,#1122);
#575=LINE('',#8653,#1123);
#576=LINE('',#8655,#1124);
#577=LINE('',#8657,#1125);
#578=LINE('',#8659,#1126);
#579=LINE('',#8661,#1127);
#580=LINE('',#8663,#1128);
#581=LINE('',#8666,#1129);
#582=LINE('',#8668,#1130);
#583=LINE('',#8670,#1131);
#584=LINE('',#8672,#1132);
#585=LINE('',#8674,#1133);
#586=LINE('',#8676,#1134);
#587=LINE('',#8704,#1135);
#588=LINE('',#8708,#1136);
#589=LINE('',#8715,#1137);
#590=LINE('',#8717,#1138);
#591=LINE('',#8721,#1139);
#592=LINE('',#8723,#1140);
#593=LINE('',#8727,#1141);
#594=LINE('',#8729,#1142);
#595=LINE('',#8730,#1143);
#596=LINE('',#8733,#1144);
#597=LINE('',#8739,#1145);
#598=LINE('',#8741,#1146);
#599=LINE('',#8745,#1147);
#600=LINE('',#8747,#1148);
#601=LINE('',#8751,#1149);
#602=LINE('',#8753,#1150);
#603=LINE('',#8757,#1151);
#604=LINE('',#8759,#1152);
#605=LINE('',#8763,#1153);
#606=LINE('',#8765,#1154);
#607=LINE('',#8782,#1155);
#608=LINE('',#8794,#1156);
#609=LINE('',#8806,#1157);
#610=LINE('',#8818,#1158);
#611=LINE('',#8830,#1159);
#612=LINE('',#8842,#1160);
#613=LINE('',#8854,#1161);
#614=LINE('',#8855,#1162);
#615=LINE('',#8870,#1163);
#616=LINE('',#8874,#1164);
#617=LINE('',#8876,#1165);
#618=LINE('',#8878,#1166);
#619=LINE('',#8880,#1167);
#620=LINE('',#8882,#1168);
#621=LINE('',#8884,#1169);
#622=LINE('',#8886,#1170);
#623=LINE('',#8888,#1171);
#624=LINE('',#8890,#1172);
#625=LINE('',#8892,#1173);
#626=LINE('',#8894,#1174);
#627=LINE('',#8896,#1175);
#628=LINE('',#8898,#1176);
#629=LINE('',#8900,#1177);
#630=LINE('',#8902,#1178);
#631=LINE('',#8904,#1179);
#632=LINE('',#8906,#1180);
#633=LINE('',#8908,#1181);
#634=LINE('',#8910,#1182);
#635=LINE('',#8912,#1183);
#636=LINE('',#8914,#1184);
#637=LINE('',#8916,#1185);
#638=LINE('',#8920,#1186);
#639=LINE('',#8924,#1187);
#640=LINE('',#8926,#1188);
#641=LINE('',#8928,#1189);
#642=LINE('',#8930,#1190);
#643=LINE('',#8932,#1191);
#644=LINE('',#8934,#1192);
#645=LINE('',#8936,#1193);
#646=LINE('',#8938,#1194);
#647=LINE('',#8940,#1195);
#648=LINE('',#8942,#1196);
#649=LINE('',#8944,#1197);
#650=LINE('',#8946,#1198);
#651=LINE('',#8948,#1199);
#652=LINE('',#8950,#1200);
#653=LINE('',#8952,#1201);
#654=LINE('',#8954,#1202);
#655=LINE('',#8956,#1203);
#656=LINE('',#8958,#1204);
#657=LINE('',#8960,#1205);
#658=LINE('',#8962,#1206);
#659=LINE('',#8964,#1207);
#660=LINE('',#8968,#1208);
#661=LINE('',#8972,#1209);
#662=LINE('',#8974,#1210);
#663=LINE('',#8976,#1211);
#664=LINE('',#8978,#1212);
#665=LINE('',#8980,#1213);
#666=LINE('',#8982,#1214);
#667=LINE('',#8984,#1215);
#668=LINE('',#8986,#1216);
#669=LINE('',#8988,#1217);
#670=LINE('',#8990,#1218);
#671=LINE('',#8992,#1219);
#672=LINE('',#8994,#1220);
#673=LINE('',#8996,#1221);
#674=LINE('',#8998,#1222);
#675=LINE('',#9000,#1223);
#676=LINE('',#9002,#1224);
#677=LINE('',#9004,#1225);
#678=LINE('',#9006,#1226);
#679=LINE('',#9008,#1227);
#680=LINE('',#9010,#1228);
#681=LINE('',#9012,#1229);
#682=LINE('',#9016,#1230);
#683=LINE('',#9020,#1231);
#684=LINE('',#9022,#1232);
#685=LINE('',#9024,#1233);
#686=LINE('',#9026,#1234);
#687=LINE('',#9028,#1235);
#688=LINE('',#9030,#1236);
#689=LINE('',#9032,#1237);
#690=LINE('',#9034,#1238);
#691=LINE('',#9036,#1239);
#692=LINE('',#9038,#1240);
#693=LINE('',#9040,#1241);
#694=LINE('',#9042,#1242);
#695=LINE('',#9044,#1243);
#696=LINE('',#9046,#1244);
#697=LINE('',#9048,#1245);
#698=LINE('',#9050,#1246);
#699=LINE('',#9052,#1247);
#700=LINE('',#9054,#1248);
#701=LINE('',#9056,#1249);
#702=LINE('',#9058,#1250);
#703=LINE('',#9060,#1251);
#704=LINE('',#9064,#1252);
#705=LINE('',#9068,#1253);
#706=LINE('',#9070,#1254);
#707=LINE('',#9072,#1255);
#708=LINE('',#9074,#1256);
#709=LINE('',#9076,#1257);
#710=LINE('',#9078,#1258);
#711=LINE('',#9080,#1259);
#712=LINE('',#9082,#1260);
#713=LINE('',#9084,#1261);
#714=LINE('',#9086,#1262);
#715=LINE('',#9088,#1263);
#716=LINE('',#9090,#1264);
#717=LINE('',#9092,#1265);
#718=LINE('',#9094,#1266);
#719=LINE('',#9096,#1267);
#720=LINE('',#9098,#1268);
#721=LINE('',#9100,#1269);
#722=LINE('',#9102,#1270);
#723=LINE('',#9104,#1271);
#724=LINE('',#9106,#1272);
#725=LINE('',#9108,#1273);
#726=LINE('',#9112,#1274);
#727=LINE('',#9116,#1275);
#728=LINE('',#9118,#1276);
#729=LINE('',#9120,#1277);
#730=LINE('',#9122,#1278);
#731=LINE('',#9124,#1279);
#732=LINE('',#9126,#1280);
#733=LINE('',#9128,#1281);
#734=LINE('',#9130,#1282);
#735=LINE('',#9132,#1283);
#736=LINE('',#9134,#1284);
#737=LINE('',#9136,#1285);
#738=LINE('',#9138,#1286);
#739=LINE('',#9140,#1287);
#740=LINE('',#9142,#1288);
#741=LINE('',#9144,#1289);
#742=LINE('',#9146,#1290);
#743=LINE('',#9148,#1291);
#744=LINE('',#9150,#1292);
#745=LINE('',#9152,#1293);
#746=LINE('',#9154,#1294);
#747=LINE('',#9156,#1295);
#748=LINE('',#9160,#1296);
#749=LINE('',#9164,#1297);
#750=LINE('',#9166,#1298);
#751=LINE('',#9168,#1299);
#752=LINE('',#9170,#1300);
#753=LINE('',#9172,#1301);
#754=LINE('',#9174,#1302);
#755=LINE('',#9176,#1303);
#756=LINE('',#9178,#1304);
#757=LINE('',#9180,#1305);
#758=LINE('',#9182,#1306);
#759=LINE('',#9184,#1307);
#760=LINE('',#9186,#1308);
#761=LINE('',#9188,#1309);
#762=LINE('',#9190,#1310);
#763=LINE('',#9192,#1311);
#764=LINE('',#9194,#1312);
#765=LINE('',#9196,#1313);
#766=LINE('',#9198,#1314);
#767=LINE('',#9200,#1315);
#768=LINE('',#9202,#1316);
#769=LINE('',#9204,#1317);
#770=LINE('',#9208,#1318);
#771=LINE('',#9212,#1319);
#772=LINE('',#9214,#1320);
#773=LINE('',#9216,#1321);
#774=LINE('',#9218,#1322);
#775=LINE('',#9220,#1323);
#776=LINE('',#9222,#1324);
#777=LINE('',#9224,#1325);
#778=LINE('',#9226,#1326);
#779=LINE('',#9228,#1327);
#780=LINE('',#9230,#1328);
#781=LINE('',#9232,#1329);
#782=LINE('',#9234,#1330);
#783=LINE('',#9236,#1331);
#784=LINE('',#9238,#1332);
#785=LINE('',#9240,#1333);
#786=LINE('',#9242,#1334);
#787=LINE('',#9244,#1335);
#788=LINE('',#9246,#1336);
#789=LINE('',#9248,#1337);
#790=LINE('',#9250,#1338);
#791=LINE('',#9252,#1339);
#792=LINE('',#9256,#1340);
#793=LINE('',#9260,#1341);
#794=LINE('',#9262,#1342);
#795=LINE('',#9264,#1343);
#796=LINE('',#9266,#1344);
#797=LINE('',#9268,#1345);
#798=LINE('',#9270,#1346);
#799=LINE('',#9272,#1347);
#800=LINE('',#9274,#1348);
#801=LINE('',#9276,#1349);
#802=LINE('',#9278,#1350);
#803=LINE('',#9280,#1351);
#804=LINE('',#9282,#1352);
#805=LINE('',#9284,#1353);
#806=LINE('',#9286,#1354);
#807=LINE('',#9288,#1355);
#808=LINE('',#9290,#1356);
#809=LINE('',#9292,#1357);
#810=LINE('',#9294,#1358);
#811=LINE('',#9296,#1359);
#812=LINE('',#9298,#1360);
#813=LINE('',#9300,#1361);
#814=LINE('',#9304,#1362);
#815=LINE('',#9308,#1363);
#816=LINE('',#9310,#1364);
#817=LINE('',#9312,#1365);
#818=LINE('',#9314,#1366);
#819=LINE('',#9316,#1367);
#820=LINE('',#9318,#1368);
#821=LINE('',#9320,#1369);
#822=LINE('',#9322,#1370);
#823=LINE('',#9324,#1371);
#824=LINE('',#9326,#1372);
#825=LINE('',#9328,#1373);
#826=LINE('',#9330,#1374);
#827=LINE('',#9332,#1375);
#828=LINE('',#9334,#1376);
#829=LINE('',#9336,#1377);
#830=LINE('',#9338,#1378);
#831=LINE('',#9340,#1379);
#832=LINE('',#9342,#1380);
#833=LINE('',#9344,#1381);
#834=LINE('',#9346,#1382);
#835=LINE('',#9348,#1383);
#836=LINE('',#9352,#1384);
#837=LINE('',#9356,#1385);
#838=LINE('',#9358,#1386);
#839=LINE('',#9360,#1387);
#840=LINE('',#9362,#1388);
#841=LINE('',#9364,#1389);
#842=LINE('',#9366,#1390);
#843=LINE('',#9368,#1391);
#844=LINE('',#9370,#1392);
#845=LINE('',#9372,#1393);
#846=LINE('',#9374,#1394);
#847=LINE('',#9376,#1395);
#848=LINE('',#9378,#1396);
#849=LINE('',#9380,#1397);
#850=LINE('',#9382,#1398);
#851=LINE('',#9384,#1399);
#852=LINE('',#9386,#1400);
#853=LINE('',#9388,#1401);
#854=LINE('',#9390,#1402);
#855=LINE('',#9392,#1403);
#856=LINE('',#9394,#1404);
#857=LINE('',#9396,#1405);
#858=LINE('',#9400,#1406);
#859=LINE('',#9404,#1407);
#860=LINE('',#9406,#1408);
#861=LINE('',#9408,#1409);
#862=LINE('',#9410,#1410);
#863=LINE('',#9412,#1411);
#864=LINE('',#9414,#1412);
#865=LINE('',#9416,#1413);
#866=LINE('',#9418,#1414);
#867=LINE('',#9420,#1415);
#868=LINE('',#9422,#1416);
#869=LINE('',#9424,#1417);
#870=LINE('',#9426,#1418);
#871=LINE('',#9428,#1419);
#872=LINE('',#9430,#1420);
#873=LINE('',#9432,#1421);
#874=LINE('',#9434,#1422);
#875=LINE('',#9436,#1423);
#876=LINE('',#9438,#1424);
#877=LINE('',#9445,#1425);
#878=LINE('',#9446,#1426);
#879=VECTOR('',#6124,1.);
#880=VECTOR('',#6125,1.);
#881=VECTOR('',#6130,1.);
#882=VECTOR('',#6131,1.);
#883=VECTOR('',#6136,1.);
#884=VECTOR('',#6137,1.);
#885=VECTOR('',#6142,1.);
#886=VECTOR('',#6143,1.);
#887=VECTOR('',#6148,1.);
#888=VECTOR('',#6149,1.);
#889=VECTOR('',#6154,1.);
#890=VECTOR('',#6155,1.);
#891=VECTOR('',#6160,1.);
#892=VECTOR('',#6161,1.);
#893=VECTOR('',#6188,1.);
#894=VECTOR('',#6189,1.);
#895=VECTOR('',#6192,1.);
#896=VECTOR('',#6195,1.);
#897=VECTOR('',#6200,1.);
#898=VECTOR('',#6201,1.);
#899=VECTOR('',#6202,1.);
#900=VECTOR('',#6207,1.);
#901=VECTOR('',#6212,1.);
#902=VECTOR('',#6215,1.);
#903=VECTOR('',#6220,1.);
#904=VECTOR('',#6221,1.);
#905=VECTOR('',#6222,1.);
#906=VECTOR('',#6227,1.);
#907=VECTOR('',#6232,1.);
#908=VECTOR('',#6235,1.);
#909=VECTOR('',#6240,1.);
#910=VECTOR('',#6241,1.);
#911=VECTOR('',#6242,1.);
#912=VECTOR('',#6247,1.);
#913=VECTOR('',#6252,1.);
#914=VECTOR('',#6255,1.);
#915=VECTOR('',#6260,1.);
#916=VECTOR('',#6261,1.);
#917=VECTOR('',#6262,1.);
#918=VECTOR('',#6267,1.);
#919=VECTOR('',#6272,1.);
#920=VECTOR('',#6275,1.);
#921=VECTOR('',#6280,1.);
#922=VECTOR('',#6281,1.);
#923=VECTOR('',#6282,1.);
#924=VECTOR('',#6287,1.);
#925=VECTOR('',#6292,1.);
#926=VECTOR('',#6293,1.);
#927=VECTOR('',#6296,1.);
#928=VECTOR('',#6297,1.);
#929=VECTOR('',#6300,1.);
#930=VECTOR('',#6301,1.);
#931=VECTOR('',#6304,1.);
#932=VECTOR('',#6305,1.);
#933=VECTOR('',#6308,1.);
#934=VECTOR('',#6309,1.);
#935=VECTOR('',#6318,1.);
#936=VECTOR('',#6321,1.);
#937=VECTOR('',#6324,1.);
#938=VECTOR('',#6327,1.);
#939=VECTOR('',#6330,1.);
#940=VECTOR('',#6333,1.);
#941=VECTOR('',#6336,1.);
#942=VECTOR('',#6339,1.);
#943=VECTOR('',#6342,1.);
#944=VECTOR('',#6345,1.);
#945=VECTOR('',#6352,1.);
#946=VECTOR('',#6355,1.);
#947=VECTOR('',#6358,1.);
#948=VECTOR('',#6361,1.);
#949=VECTOR('',#6364,1.);
#950=VECTOR('',#6367,1.);
#951=VECTOR('',#6370,1.);
#952=VECTOR('',#6373,1.);
#953=VECTOR('',#6376,1.);
#954=VECTOR('',#6379,1.);
#955=VECTOR('',#6386,1.);
#956=VECTOR('',#6387,1.);
#957=VECTOR('',#6388,1.);
#958=VECTOR('',#6391,1.);
#959=VECTOR('',#6392,1.);
#960=VECTOR('',#6395,1.);
#961=VECTOR('',#6396,1.);
#962=VECTOR('',#6399,1.);
#963=VECTOR('',#6404,1.);
#964=VECTOR('',#6405,1.);
#965=VECTOR('',#6406,1.);
#966=VECTOR('',#6409,1.);
#967=VECTOR('',#6410,1.);
#968=VECTOR('',#6413,1.);
#969=VECTOR('',#6414,1.);
#970=VECTOR('',#6417,1.);
#971=VECTOR('',#6422,1.);
#972=VECTOR('',#6423,1.);
#973=VECTOR('',#6424,1.);
#974=VECTOR('',#6427,1.);
#975=VECTOR('',#6428,1.);
#976=VECTOR('',#6431,1.);
#977=VECTOR('',#6432,1.);
#978=VECTOR('',#6435,1.);
#979=VECTOR('',#6440,1.);
#980=VECTOR('',#6441,1.);
#981=VECTOR('',#6442,1.);
#982=VECTOR('',#6445,1.);
#983=VECTOR('',#6446,1.);
#984=VECTOR('',#6449,1.);
#985=VECTOR('',#6450,1.);
#986=VECTOR('',#6453,1.);
#987=VECTOR('',#6458,1.);
#988=VECTOR('',#6459,1.);
#989=VECTOR('',#6460,1.);
#990=VECTOR('',#6463,1.);
#991=VECTOR('',#6464,1.);
#992=VECTOR('',#6467,1.);
#993=VECTOR('',#6468,1.);
#994=VECTOR('',#6471,1.);
#995=VECTOR('',#6476,1.);
#996=VECTOR('',#6477,1.);
#997=VECTOR('',#6478,1.);
#998=VECTOR('',#6481,1.);
#999=VECTOR('',#6482,1.);
#1000=VECTOR('',#6485,1.);
#1001=VECTOR('',#6486,1.);
#1002=VECTOR('',#6489,1.);
#1003=VECTOR('',#6494,1.);
#1004=VECTOR('',#6495,1.);
#1005=VECTOR('',#6496,1.);
#1006=VECTOR('',#6499,1.);
#1007=VECTOR('',#6500,1.);
#1008=VECTOR('',#6503,1.);
#1009=VECTOR('',#6504,1.);
#1010=VECTOR('',#6507,1.);
#1011=VECTOR('',#6512,1.);
#1012=VECTOR('',#6513,1.);
#1013=VECTOR('',#6514,1.);
#1014=VECTOR('',#6517,1.);
#1015=VECTOR('',#6518,1.);
#1016=VECTOR('',#6521,1.);
#1017=VECTOR('',#6522,1.);
#1018=VECTOR('',#6525,1.);
#1019=VECTOR('',#6616,1.);
#1020=VECTOR('',#6617,1.);
#1021=VECTOR('',#6620,1.);
#1022=VECTOR('',#6621,1.);
#1023=VECTOR('',#6626,1.);
#1024=VECTOR('',#6627,1.);
#1025=VECTOR('',#6628,1.);
#1026=VECTOR('',#6629,1.);
#1027=VECTOR('',#6632,1.);
#1028=VECTOR('',#6633,1.);
#1029=VECTOR('',#6634,1.);
#1030=VECTOR('',#6635,1.);
#1031=VECTOR('',#6638,1.);
#1032=VECTOR('',#6639,1.);
#1033=VECTOR('',#6640,1.);
#1034=VECTOR('',#6643,1.);
#1035=VECTOR('',#6644,1.);
#1036=VECTOR('',#6645,1.);
#1037=VECTOR('',#6646,1.);
#1038=VECTOR('',#6651,1.);
#1039=VECTOR('',#6652,1.);
#1040=VECTOR('',#6653,1.);
#1041=VECTOR('',#6654,1.);
#1042=VECTOR('',#6655,1.);
#1043=VECTOR('',#6656,1.);
#1044=VECTOR('',#6657,1.);
#1045=VECTOR('',#6660,1.);
#1046=VECTOR('',#6663,1.);
#1047=VECTOR('',#6672,1.);
#1048=VECTOR('',#6677,1.);
#1049=VECTOR('',#6678,1.);
#1050=VECTOR('',#6679,1.);
#1051=VECTOR('',#6680,1.);
#1052=VECTOR('',#6681,1.);
#1053=VECTOR('',#6684,1.);
#1054=VECTOR('',#6687,1.);
#1055=VECTOR('',#6692,1.);
#1056=VECTOR('',#6693,1.);
#1057=VECTOR('',#6694,1.);
#1058=VECTOR('',#6699,1.);
#1059=VECTOR('',#6700,1.);
#1060=VECTOR('',#6701,1.);
#1061=VECTOR('',#6702,1.);
#1062=VECTOR('',#6703,1.);
#1063=VECTOR('',#6704,1.);
#1064=VECTOR('',#6705,1.);
#1065=VECTOR('',#6708,1.);
#1066=VECTOR('',#6709,1.);
#1067=VECTOR('',#6710,1.);
#1068=VECTOR('',#6713,1.);
#1069=VECTOR('',#6714,1.);
#1070=VECTOR('',#6715,1.);
#1071=VECTOR('',#6718,1.);
#1072=VECTOR('',#6719,1.);
#1073=VECTOR('',#6720,1.);
#1074=VECTOR('',#6721,1.);
#1075=VECTOR('',#6722,1.);
#1076=VECTOR('',#6725,1.);
#1077=VECTOR('',#6726,1.);
#1078=VECTOR('',#6727,1.);
#1079=VECTOR('',#6734,1.);
#1080=VECTOR('',#6735,1.);
#1081=VECTOR('',#6736,1.);
#1082=VECTOR('',#6737,1.);
#1083=VECTOR('',#6740,1.);
#1084=VECTOR('',#6741,1.);
#1085=VECTOR('',#6742,1.);
#1086=VECTOR('',#6743,1.);
#1087=VECTOR('',#6752,1.);
#1088=VECTOR('',#6757,1.);
#1089=VECTOR('',#6762,1.);
#1090=VECTOR('',#6767,1.);
#1091=VECTOR('',#6794,1.);
#1092=VECTOR('',#6797,1.);
#1093=VECTOR('',#6800,1.);
#1094=VECTOR('',#6801,1.);
#1095=VECTOR('',#6802,1.);
#1096=VECTOR('',#6803,1.);
#1097=VECTOR('',#6806,1.);
#1098=VECTOR('',#6807,1.);
#1099=VECTOR('',#6808,1.);
#1100=VECTOR('',#6811,1.);
#1101=VECTOR('',#6812,1.);
#1102=VECTOR('',#6813,1.);
#1103=VECTOR('',#6814,1.);
#1104=VECTOR('',#6817,1.);
#1105=VECTOR('',#6818,1.);
#1106=VECTOR('',#6819,1.);
#1107=VECTOR('',#6822,1.);
#1108=VECTOR('',#6823,1.);
#1109=VECTOR('',#6824,1.);
#1110=VECTOR('',#6825,1.);
#1111=VECTOR('',#6828,1.);
#1112=VECTOR('',#6829,1.);
#1113=VECTOR('',#6830,1.);
#1114=VECTOR('',#6833,1.);
#1115=VECTOR('',#6834,1.);
#1116=VECTOR('',#6835,1.);
#1117=VECTOR('',#6836,1.);
#1118=VECTOR('',#6839,1.);
#1119=VECTOR('',#6840,1.);
#1120=VECTOR('',#6841,1.);
#1121=VECTOR('',#6844,1.);
#1122=VECTOR('',#6845,1.);
#1123=VECTOR('',#6846,1.);
#1124=VECTOR('',#6847,1.);
#1125=VECTOR('',#6850,1.);
#1126=VECTOR('',#6851,1.);
#1127=VECTOR('',#6852,1.);
#1128=VECTOR('',#6855,1.);
#1129=VECTOR('',#6856,1.);
#1130=VECTOR('',#6857,1.);
#1131=VECTOR('',#6858,1.);
#1132=VECTOR('',#6861,1.);
#1133=VECTOR('',#6862,1.);
#1134=VECTOR('',#6863,1.);
#1135=VECTOR('',#6910,1.);
#1136=VECTOR('',#6913,1.);
#1137=VECTOR('',#6920,1.);
#1138=VECTOR('',#6921,1.);
#1139=VECTOR('',#6924,1.);
#1140=VECTOR('',#6925,1.);
#1141=VECTOR('',#6928,1.);
#1142=VECTOR('',#6929,1.);
#1143=VECTOR('',#6930,1.);
#1144=VECTOR('',#6931,1.);
#1145=VECTOR('',#6936,1.);
#1146=VECTOR('',#6937,1.);
#1147=VECTOR('',#6940,1.);
#1148=VECTOR('',#6941,1.);
#1149=VECTOR('',#6946,1.);
#1150=VECTOR('',#6947,1.);
#1151=VECTOR('',#6952,1.);
#1152=VECTOR('',#6953,1.);
#1153=VECTOR('',#6958,1.);
#1154=VECTOR('',#6959,1.);
#1155=VECTOR('',#6972,1.);
#1156=VECTOR('',#6979,1.);
#1157=VECTOR('',#6986,1.);
#1158=VECTOR('',#6993,1.);
#1159=VECTOR('',#7000,1.);
#1160=VECTOR('',#7007,1.);
#1161=VECTOR('',#7014,1.);
#1162=VECTOR('',#7015,1.);
#1163=VECTOR('',#7040,1.);
#1164=VECTOR('',#7043,1.);
#1165=VECTOR('',#7046,1.);
#1166=VECTOR('',#7047,1.);
#1167=VECTOR('',#7048,1.);
#1168=VECTOR('',#7051,1.);
#1169=VECTOR('',#7052,1.);
#1170=VECTOR('',#7053,1.);
#1171=VECTOR('',#7056,1.);
#1172=VECTOR('',#7057,1.);
#1173=VECTOR('',#7058,1.);
#1174=VECTOR('',#7061,1.);
#1175=VECTOR('',#7062,1.);
#1176=VECTOR('',#7063,1.);
#1177=VECTOR('',#7066,1.);
#1178=VECTOR('',#7067,1.);
#1179=VECTOR('',#7068,1.);
#1180=VECTOR('',#7071,1.);
#1181=VECTOR('',#7072,1.);
#1182=VECTOR('',#7073,1.);
#1183=VECTOR('',#7076,1.);
#1184=VECTOR('',#7077,1.);
#1185=VECTOR('',#7078,1.);
#1186=VECTOR('',#7083,1.);
#1187=VECTOR('',#7088,1.);
#1188=VECTOR('',#7089,1.);
#1189=VECTOR('',#7090,1.);
#1190=VECTOR('',#7093,1.);
#1191=VECTOR('',#7094,1.);
#1192=VECTOR('',#7095,1.);
#1193=VECTOR('',#7098,1.);
#1194=VECTOR('',#7099,1.);
#1195=VECTOR('',#7100,1.);
#1196=VECTOR('',#7103,1.);
#1197=VECTOR('',#7104,1.);
#1198=VECTOR('',#7105,1.);
#1199=VECTOR('',#7108,1.);
#1200=VECTOR('',#7109,1.);
#1201=VECTOR('',#7110,1.);
#1202=VECTOR('',#7113,1.);
#1203=VECTOR('',#7114,1.);
#1204=VECTOR('',#7115,1.);
#1205=VECTOR('',#7118,1.);
#1206=VECTOR('',#7119,1.);
#1207=VECTOR('',#7120,1.);
#1208=VECTOR('',#7125,1.);
#1209=VECTOR('',#7130,1.);
#1210=VECTOR('',#7131,1.);
#1211=VECTOR('',#7132,1.);
#1212=VECTOR('',#7135,1.);
#1213=VECTOR('',#7136,1.);
#1214=VECTOR('',#7137,1.);
#1215=VECTOR('',#7140,1.);
#1216=VECTOR('',#7141,1.);
#1217=VECTOR('',#7142,1.);
#1218=VECTOR('',#7145,1.);
#1219=VECTOR('',#7146,1.);
#1220=VECTOR('',#7147,1.);
#1221=VECTOR('',#7150,1.);
#1222=VECTOR('',#7151,1.);
#1223=VECTOR('',#7152,1.);
#1224=VECTOR('',#7155,1.);
#1225=VECTOR('',#7156,1.);
#1226=VECTOR('',#7157,1.);
#1227=VECTOR('',#7160,1.);
#1228=VECTOR('',#7161,1.);
#1229=VECTOR('',#7162,1.);
#1230=VECTOR('',#7167,1.);
#1231=VECTOR('',#7172,1.);
#1232=VECTOR('',#7173,1.);
#1233=VECTOR('',#7174,1.);
#1234=VECTOR('',#7177,1.);
#1235=VECTOR('',#7178,1.);
#1236=VECTOR('',#7179,1.);
#1237=VECTOR('',#7182,1.);
#1238=VECTOR('',#7183,1.);
#1239=VECTOR('',#7184,1.);
#1240=VECTOR('',#7187,1.);
#1241=VECTOR('',#7188,1.);
#1242=VECTOR('',#7189,1.);
#1243=VECTOR('',#7192,1.);
#1244=VECTOR('',#7193,1.);
#1245=VECTOR('',#7194,1.);
#1246=VECTOR('',#7197,1.);
#1247=VECTOR('',#7198,1.);
#1248=VECTOR('',#7199,1.);
#1249=VECTOR('',#7202,1.);
#1250=VECTOR('',#7203,1.);
#1251=VECTOR('',#7204,1.);
#1252=VECTOR('',#7209,1.);
#1253=VECTOR('',#7214,1.);
#1254=VECTOR('',#7215,1.);
#1255=VECTOR('',#7216,1.);
#1256=VECTOR('',#7219,1.);
#1257=VECTOR('',#7220,1.);
#1258=VECTOR('',#7221,1.);
#1259=VECTOR('',#7224,1.);
#1260=VECTOR('',#7225,1.);
#1261=VECTOR('',#7226,1.);
#1262=VECTOR('',#7229,1.);
#1263=VECTOR('',#7230,1.);
#1264=VECTOR('',#7231,1.);
#1265=VECTOR('',#7234,1.);
#1266=VECTOR('',#7235,1.);
#1267=VECTOR('',#7236,1.);
#1268=VECTOR('',#7239,1.);
#1269=VECTOR('',#7240,1.);
#1270=VECTOR('',#7241,1.);
#1271=VECTOR('',#7244,1.);
#1272=VECTOR('',#7245,1.);
#1273=VECTOR('',#7246,1.);
#1274=VECTOR('',#7251,1.);
#1275=VECTOR('',#7256,1.);
#1276=VECTOR('',#7257,1.);
#1277=VECTOR('',#7258,1.);
#1278=VECTOR('',#7261,1.);
#1279=VECTOR('',#7262,1.);
#1280=VECTOR('',#7263,1.);
#1281=VECTOR('',#7266,1.);
#1282=VECTOR('',#7267,1.);
#1283=VECTOR('',#7268,1.);
#1284=VECTOR('',#7271,1.);
#1285=VECTOR('',#7272,1.);
#1286=VECTOR('',#7273,1.);
#1287=VECTOR('',#7276,1.);
#1288=VECTOR('',#7277,1.);
#1289=VECTOR('',#7278,1.);
#1290=VECTOR('',#7281,1.);
#1291=VECTOR('',#7282,1.);
#1292=VECTOR('',#7283,1.);
#1293=VECTOR('',#7286,1.);
#1294=VECTOR('',#7287,1.);
#1295=VECTOR('',#7288,1.);
#1296=VECTOR('',#7293,1.);
#1297=VECTOR('',#7298,1.);
#1298=VECTOR('',#7299,1.);
#1299=VECTOR('',#7300,1.);
#1300=VECTOR('',#7303,1.);
#1301=VECTOR('',#7304,1.);
#1302=VECTOR('',#7305,1.);
#1303=VECTOR('',#7308,1.);
#1304=VECTOR('',#7309,1.);
#1305=VECTOR('',#7310,1.);
#1306=VECTOR('',#7313,1.);
#1307=VECTOR('',#7314,1.);
#1308=VECTOR('',#7315,1.);
#1309=VECTOR('',#7318,1.);
#1310=VECTOR('',#7319,1.);
#1311=VECTOR('',#7320,1.);
#1312=VECTOR('',#7323,1.);
#1313=VECTOR('',#7324,1.);
#1314=VECTOR('',#7325,1.);
#1315=VECTOR('',#7328,1.);
#1316=VECTOR('',#7329,1.);
#1317=VECTOR('',#7330,1.);
#1318=VECTOR('',#7335,1.);
#1319=VECTOR('',#7340,1.);
#1320=VECTOR('',#7341,1.);
#1321=VECTOR('',#7342,1.);
#1322=VECTOR('',#7345,1.);
#1323=VECTOR('',#7346,1.);
#1324=VECTOR('',#7347,1.);
#1325=VECTOR('',#7350,1.);
#1326=VECTOR('',#7351,1.);
#1327=VECTOR('',#7352,1.);
#1328=VECTOR('',#7355,1.);
#1329=VECTOR('',#7356,1.);
#1330=VECTOR('',#7357,1.);
#1331=VECTOR('',#7360,1.);
#1332=VECTOR('',#7361,1.);
#1333=VECTOR('',#7362,1.);
#1334=VECTOR('',#7365,1.);
#1335=VECTOR('',#7366,1.);
#1336=VECTOR('',#7367,1.);
#1337=VECTOR('',#7370,1.);
#1338=VECTOR('',#7371,1.);
#1339=VECTOR('',#7372,1.);
#1340=VECTOR('',#7377,1.);
#1341=VECTOR('',#7382,1.);
#1342=VECTOR('',#7383,1.);
#1343=VECTOR('',#7384,1.);
#1344=VECTOR('',#7387,1.);
#1345=VECTOR('',#7388,1.);
#1346=VECTOR('',#7389,1.);
#1347=VECTOR('',#7392,1.);
#1348=VECTOR('',#7393,1.);
#1349=VECTOR('',#7394,1.);
#1350=VECTOR('',#7397,1.);
#1351=VECTOR('',#7398,1.);
#1352=VECTOR('',#7399,1.);
#1353=VECTOR('',#7402,1.);
#1354=VECTOR('',#7403,1.);
#1355=VECTOR('',#7404,1.);
#1356=VECTOR('',#7407,1.);
#1357=VECTOR('',#7408,1.);
#1358=VECTOR('',#7409,1.);
#1359=VECTOR('',#7412,1.);
#1360=VECTOR('',#7413,1.);
#1361=VECTOR('',#7414,1.);
#1362=VECTOR('',#7419,1.);
#1363=VECTOR('',#7424,1.);
#1364=VECTOR('',#7425,1.);
#1365=VECTOR('',#7426,1.);
#1366=VECTOR('',#7429,1.);
#1367=VECTOR('',#7430,1.);
#1368=VECTOR('',#7431,1.);
#1369=VECTOR('',#7434,1.);
#1370=VECTOR('',#7435,1.);
#1371=VECTOR('',#7436,1.);
#1372=VECTOR('',#7439,1.);
#1373=VECTOR('',#7440,1.);
#1374=VECTOR('',#7441,1.);
#1375=VECTOR('',#7444,1.);
#1376=VECTOR('',#7445,1.);
#1377=VECTOR('',#7446,1.);
#1378=VECTOR('',#7449,1.);
#1379=VECTOR('',#7450,1.);
#1380=VECTOR('',#7451,1.);
#1381=VECTOR('',#7454,1.);
#1382=VECTOR('',#7455,1.);
#1383=VECTOR('',#7456,1.);
#1384=VECTOR('',#7461,1.);
#1385=VECTOR('',#7466,1.);
#1386=VECTOR('',#7467,1.);
#1387=VECTOR('',#7468,1.);
#1388=VECTOR('',#7471,1.);
#1389=VECTOR('',#7472,1.);
#1390=VECTOR('',#7473,1.);
#1391=VECTOR('',#7476,1.);
#1392=VECTOR('',#7477,1.);
#1393=VECTOR('',#7478,1.);
#1394=VECTOR('',#7481,1.);
#1395=VECTOR('',#7482,1.);
#1396=VECTOR('',#7483,1.);
#1397=VECTOR('',#7486,1.);
#1398=VECTOR('',#7487,1.);
#1399=VECTOR('',#7488,1.);
#1400=VECTOR('',#7491,1.);
#1401=VECTOR('',#7492,1.);
#1402=VECTOR('',#7493,1.);
#1403=VECTOR('',#7496,1.);
#1404=VECTOR('',#7497,1.);
#1405=VECTOR('',#7498,1.);
#1406=VECTOR('',#7503,1.);
#1407=VECTOR('',#7508,1.);
#1408=VECTOR('',#7509,1.);
#1409=VECTOR('',#7510,1.);
#1410=VECTOR('',#7513,1.);
#1411=VECTOR('',#7514,1.);
#1412=VECTOR('',#7515,1.);
#1413=VECTOR('',#7518,1.);
#1414=VECTOR('',#7519,1.);
#1415=VECTOR('',#7520,1.);
#1416=VECTOR('',#7523,1.);
#1417=VECTOR('',#7524,1.);
#1418=VECTOR('',#7525,1.);
#1419=VECTOR('',#7528,1.);
#1420=VECTOR('',#7529,1.);
#1421=VECTOR('',#7530,1.);
#1422=VECTOR('',#7533,1.);
#1423=VECTOR('',#7534,1.);
#1424=VECTOR('',#7535,1.);
#1425=VECTOR('',#7544,1.);
#1426=VECTOR('',#7545,1.);
#1427=CYLINDRICAL_SURFACE('',#5640,0.019);
#1428=CYLINDRICAL_SURFACE('',#5642,0.019);
#1429=CYLINDRICAL_SURFACE('',#5644,0.019);
#1430=CYLINDRICAL_SURFACE('',#5646,0.019);
#1431=CYLINDRICAL_SURFACE('',#5648,0.019);
#1432=CYLINDRICAL_SURFACE('',#5650,0.019);
#1433=CYLINDRICAL_SURFACE('',#5652,0.019);
#1434=CYLINDRICAL_SURFACE('',#5665,0.019);
#1435=CYLINDRICAL_SURFACE('',#5666,0.012);
#1436=CYLINDRICAL_SURFACE('',#5670,0.006);
#1437=CYLINDRICAL_SURFACE('',#5673,0.012);
#1438=CYLINDRICAL_SURFACE('',#5677,0.006);
#1439=CYLINDRICAL_SURFACE('',#5680,0.012);
#1440=CYLINDRICAL_SURFACE('',#5684,0.006);
#1441=CYLINDRICAL_SURFACE('',#5687,0.012);
#1442=CYLINDRICAL_SURFACE('',#5691,0.006);
#1443=CYLINDRICAL_SURFACE('',#5694,0.012);
#1444=CYLINDRICAL_SURFACE('',#5698,0.006);
#1445=CYLINDRICAL_SURFACE('',#5706,0.0026);
#1446=CYLINDRICAL_SURFACE('',#5825,0.0222599999993677);
#1447=CYLINDRICAL_SURFACE('',#5833,0.0193320247025746);
#1448=CYLINDRICAL_SURFACE('',#5849,0.000498846044190147);
#1449=CYLINDRICAL_SURFACE('',#5861,0.0005);
#1450=CYLINDRICAL_SURFACE('',#5862,0.0005);
#1451=CYLINDRICAL_SURFACE('',#5867,0.0450152307082018);
#1452=CYLINDRICAL_SURFACE('',#5883,0.0046);
#1453=CYLINDRICAL_SURFACE('',#5886,0.033);
#1454=CYLINDRICAL_SURFACE('',#5889,0.033);
#1455=CYLINDRICAL_SURFACE('',#5892,0.033);
#1456=CYLINDRICAL_SURFACE('',#5895,0.033);
#1457=CYLINDRICAL_SURFACE('',#5898,0.033);
#1458=CYLINDRICAL_SURFACE('',#5901,0.033);
#1459=CYLINDRICAL_SURFACE('',#5916,0.04);
#1460=CYLINDRICAL_SURFACE('',#5920,0.0425);
#1461=CYLINDRICAL_SURFACE('',#5955,0.0330000000000005);
#1462=CYLINDRICAL_SURFACE('',#5965,0.033);
#1463=CYLINDRICAL_SURFACE('',#5975,0.0330000000000007);
#1464=CYLINDRICAL_SURFACE('',#5985,0.0330000000000004);
#1465=CYLINDRICAL_SURFACE('',#5995,0.033);
#1466=CYLINDRICAL_SURFACE('',#6005,0.0330000000000005);
#1467=CYLINDRICAL_SURFACE('',#6015,0.0330000000000004);
#1468=CYLINDRICAL_SURFACE('',#6025,0.033);
#1469=CYLINDRICAL_SURFACE('',#6035,0.0330000000000005);
#1470=CYLINDRICAL_SURFACE('',#6045,0.0330000000000003);
#1471=CYLINDRICAL_SURFACE('',#6055,0.033);
#1472=CYLINDRICAL_SURFACE('',#6065,0.0330000000000005);
#1473=CYLINDRICAL_SURFACE('',#6074,0.0425);
#1474=B_SPLINE_CURVE_WITH_KNOTS('',3,(#7565,#7566,#7567,#7568),
 .UNSPECIFIED.,.F.,.F.,(4,4),(0.,9.87464441407728E-5),.UNSPECIFIED.);
#1475=B_SPLINE_CURVE_WITH_KNOTS('',3,(#7572,#7573,#7574,#7575),
 .UNSPECIFIED.,.F.,.F.,(4,4),(2.60208521396521E-18,9.87461115586419E-5),
 .UNSPECIFIED.);
#1476=B_SPLINE_CURVE_WITH_KNOTS('',3,(#7579,#7580,#7581,#7582),
 .UNSPECIFIED.,.F.,.F.,(4,4),(0.,9.87464441407721E-5),.UNSPECIFIED.);
#1477=B_SPLINE_CURVE_WITH_KNOTS('',3,(#7586,#7587,#7588,#7589),
 .UNSPECIFIED.,.F.,.F.,(4,4),(0.,9.87461115586452E-5),.UNSPECIFIED.);
#1478=B_SPLINE_CURVE_WITH_KNOTS('',3,(#7593,#7594,#7595,#7596),
 .UNSPECIFIED.,.F.,.F.,(4,4),(0.,9.87464441407757E-5),.UNSPECIFIED.);
#1479=B_SPLINE_CURVE_WITH_KNOTS('',3,(#7600,#7601,#7602,#7603),
 .UNSPECIFIED.,.F.,.F.,(4,4),(2.60208521396521E-18,9.87461115586361E-5),
 .UNSPECIFIED.);
#1480=B_SPLINE_CURVE_WITH_KNOTS('',3,(#7607,#7608,#7609,#7610),
 .UNSPECIFIED.,.F.,.F.,(4,4),(0.,9.87464441407721E-5),.UNSPECIFIED.);
#1481=B_SPLINE_CURVE_WITH_KNOTS('',3,(#7614,#7615,#7616,#7617),
 .UNSPECIFIED.,.F.,.F.,(4,4),(0.,9.87461115586452E-5),.UNSPECIFIED.);
#1482=B_SPLINE_CURVE_WITH_KNOTS('',3,(#7621,#7622,#7623,#7624),
 .UNSPECIFIED.,.F.,.F.,(4,4),(0.,9.87464441407728E-5),.UNSPECIFIED.);
#1483=B_SPLINE_CURVE_WITH_KNOTS('',3,(#7628,#7629,#7630,#7631),
 .UNSPECIFIED.,.F.,.F.,(4,4),(0.,9.87461115586438E-5),.UNSPECIFIED.);
#1484=B_SPLINE_CURVE_WITH_KNOTS('',3,(#7635,#7636,#7637,#7638),
 .UNSPECIFIED.,.F.,.F.,(4,4),(0.,9.87464441407721E-5),.UNSPECIFIED.);
#1485=B_SPLINE_CURVE_WITH_KNOTS('',3,(#7642,#7643,#7644,#7645),
 .UNSPECIFIED.,.F.,.F.,(4,4),(0.,9.87461115586452E-5),.UNSPECIFIED.);
#1486=B_SPLINE_CURVE_WITH_KNOTS('',3,(#7649,#7650,#7651,#7652),
 .UNSPECIFIED.,.F.,.F.,(4,4),(0.,9.87464441407728E-5),.UNSPECIFIED.);
#1487=B_SPLINE_CURVE_WITH_KNOTS('',3,(#7656,#7657,#7658,#7659),
 .UNSPECIFIED.,.F.,.F.,(4,4),(0.,9.87461115586438E-5),.UNSPECIFIED.);
#1488=B_SPLINE_CURVE_WITH_KNOTS('',3,(#7663,#7664,#7665,#7666),
 .UNSPECIFIED.,.F.,.F.,(4,4),(0.,9.87464441407721E-5),.UNSPECIFIED.);
#1489=B_SPLINE_CURVE_WITH_KNOTS('',3,(#7670,#7671,#7672,#7673),
 .UNSPECIFIED.,.F.,.F.,(4,4),(0.,9.87461115586452E-5),.UNSPECIFIED.);
#1490=B_SPLINE_CURVE_WITH_KNOTS('',3,(#7722,#7723,#7724,#7725),
 .UNSPECIFIED.,.F.,.F.,(4,4),(0.,9.87464441407728E-5),.UNSPECIFIED.);
#1491=B_SPLINE_CURVE_WITH_KNOTS('',3,(#7729,#7730,#7731,#7732),
 .UNSPECIFIED.,.F.,.F.,(4,4),(2.60208521396521E-18,9.87461115586419E-5),
 .UNSPECIFIED.);
#1492=B_SPLINE_CURVE_WITH_KNOTS('',3,(#7733,#7734,#7735,#7736),
 .UNSPECIFIED.,.F.,.F.,(4,4),(0.,9.87464441407721E-5),.UNSPECIFIED.);
#1493=B_SPLINE_CURVE_WITH_KNOTS('',3,(#7740,#7741,#7742,#7743),
 .UNSPECIFIED.,.F.,.F.,(4,4),(0.,9.87461115586452E-5),.UNSPECIFIED.);
#1494=B_SPLINE_CURVE_WITH_KNOTS('',3,(#7744,#7745,#7746,#7747),
 .UNSPECIFIED.,.F.,.F.,(4,4),(0.,9.87464441407728E-5),.UNSPECIFIED.);
#1495=B_SPLINE_CURVE_WITH_KNOTS('',3,(#7751,#7752,#7753,#7754),
 .UNSPECIFIED.,.F.,.F.,(4,4),(0.,9.87461115586438E-5),.UNSPECIFIED.);
#1496=B_SPLINE_CURVE_WITH_KNOTS('',3,(#7755,#7756,#7757,#7758),
 .UNSPECIFIED.,.F.,.F.,(4,4),(0.,9.87464441407721E-5),.UNSPECIFIED.);
#1497=B_SPLINE_CURVE_WITH_KNOTS('',3,(#7762,#7763,#7764,#7765),
 .UNSPECIFIED.,.F.,.F.,(4,4),(0.,9.87461115586452E-5),.UNSPECIFIED.);
#1498=B_SPLINE_CURVE_WITH_KNOTS('',3,(#7766,#7767,#7768,#7769),
 .UNSPECIFIED.,.F.,.F.,(4,4),(0.,9.87464441407728E-5),.UNSPECIFIED.);
#1499=B_SPLINE_CURVE_WITH_KNOTS('',3,(#7773,#7774,#7775,#7776),
 .UNSPECIFIED.,.F.,.F.,(4,4),(0.,9.87461115586438E-5),.UNSPECIFIED.);
#1500=B_SPLINE_CURVE_WITH_KNOTS('',3,(#7777,#7778,#7779,#7780),
 .UNSPECIFIED.,.F.,.F.,(4,4),(0.,9.87464441407721E-5),.UNSPECIFIED.);
#1501=B_SPLINE_CURVE_WITH_KNOTS('',3,(#7784,#7785,#7786,#7787),
 .UNSPECIFIED.,.F.,.F.,(4,4),(0.,9.87461115586452E-5),.UNSPECIFIED.);
#1502=B_SPLINE_CURVE_WITH_KNOTS('',3,(#7788,#7789,#7790,#7791),
 .UNSPECIFIED.,.F.,.F.,(4,4),(0.,9.87464441407783E-5),.UNSPECIFIED.);
#1503=B_SPLINE_CURVE_WITH_KNOTS('',3,(#7795,#7796,#7797,#7798),
 .UNSPECIFIED.,.F.,.F.,(4,4),(0.,9.87461115586419E-5),.UNSPECIFIED.);
#1504=B_SPLINE_CURVE_WITH_KNOTS('',3,(#7799,#7800,#7801,#7802),
 .UNSPECIFIED.,.F.,.F.,(4,4),(0.,9.87464441407721E-5),.UNSPECIFIED.);
#1505=B_SPLINE_CURVE_WITH_KNOTS('',3,(#7806,#7807,#7808,#7809),
 .UNSPECIFIED.,.F.,.F.,(4,4),(0.,9.87461115586452E-5),.UNSPECIFIED.);
#1506=B_SPLINE_CURVE_WITH_KNOTS('',3,(#8161,#8162,#8163,#8164),
 .UNSPECIFIED.,.F.,.F.,(4,4),(0.,0.00160406198328608),.UNSPECIFIED.);
#1507=B_SPLINE_CURVE_WITH_KNOTS('',3,(#8165,#8166,#8167,#8168),
 .UNSPECIFIED.,.F.,.F.,(4,4),(0.,0.00160406198328608),.UNSPECIFIED.);
#1508=B_SPLINE_CURVE_WITH_KNOTS('',3,(#8170,#8171,#8172,#8173),
 .UNSPECIFIED.,.F.,.F.,(4,4),(0.,0.00181014225898965),.UNSPECIFIED.);
#1509=B_SPLINE_CURVE_WITH_KNOTS('',3,(#8175,#8176,#8177,#8178),
 .UNSPECIFIED.,.F.,.F.,(4,4),(0.,0.00181014225898964),.UNSPECIFIED.);
#1510=B_SPLINE_CURVE_WITH_KNOTS('',3,(#8181,#8182,#8183,#8184),
 .UNSPECIFIED.,.F.,.F.,(4,4),(0.,0.00160406198328608),.UNSPECIFIED.);
#1511=B_SPLINE_CURVE_WITH_KNOTS('',3,(#8185,#8186,#8187,#8188),
 .UNSPECIFIED.,.F.,.F.,(4,4),(0.,0.00160406198328608),.UNSPECIFIED.);
#1512=B_SPLINE_CURVE_WITH_KNOTS('',3,(#8190,#8191,#8192,#8193),
 .UNSPECIFIED.,.F.,.F.,(4,4),(0.,0.00181014225898965),.UNSPECIFIED.);
#1513=B_SPLINE_CURVE_WITH_KNOTS('',3,(#8195,#8196,#8197,#8198),
 .UNSPECIFIED.,.F.,.F.,(4,4),(0.,0.00181014225898964),.UNSPECIFIED.);
#1514=B_SPLINE_CURVE_WITH_KNOTS('',3,(#8201,#8202,#8203,#8204),
 .UNSPECIFIED.,.F.,.F.,(4,4),(0.,0.00160406198328608),.UNSPECIFIED.);
#1515=B_SPLINE_CURVE_WITH_KNOTS('',3,(#8205,#8206,#8207,#8208),
 .UNSPECIFIED.,.F.,.F.,(4,4),(0.,0.00160406198328608),.UNSPECIFIED.);
#1516=B_SPLINE_CURVE_WITH_KNOTS('',3,(#8210,#8211,#8212,#8213),
 .UNSPECIFIED.,.F.,.F.,(4,4),(0.,0.00181014225898964),.UNSPECIFIED.);
#1517=B_SPLINE_CURVE_WITH_KNOTS('',3,(#8215,#8216,#8217,#8218),
 .UNSPECIFIED.,.F.,.F.,(4,4),(0.,0.00181014225898965),.UNSPECIFIED.);
#1518=B_SPLINE_CURVE_WITH_KNOTS('',3,(#8221,#8222,#8223,#8224),
 .UNSPECIFIED.,.F.,.F.,(4,4),(0.,0.00160406198328608),.UNSPECIFIED.);
#1519=B_SPLINE_CURVE_WITH_KNOTS('',3,(#8225,#8226,#8227,#8228),
 .UNSPECIFIED.,.F.,.F.,(4,4),(0.,0.00160406198328608),.UNSPECIFIED.);
#1520=B_SPLINE_CURVE_WITH_KNOTS('',3,(#8230,#8231,#8232,#8233),
 .UNSPECIFIED.,.F.,.F.,(4,4),(0.,0.00181014225898964),.UNSPECIFIED.);
#1521=B_SPLINE_CURVE_WITH_KNOTS('',3,(#8235,#8236,#8237,#8238),
 .UNSPECIFIED.,.F.,.F.,(4,4),(0.,0.00181014225898965),.UNSPECIFIED.);
#1522=B_SPLINE_CURVE_WITH_KNOTS('',3,(#8241,#8242,#8243,#8244),
 .UNSPECIFIED.,.F.,.F.,(4,4),(0.,0.00160406198328608),.UNSPECIFIED.);
#1523=B_SPLINE_CURVE_WITH_KNOTS('',3,(#8245,#8246,#8247,#8248),
 .UNSPECIFIED.,.F.,.F.,(4,4),(0.,0.00160406198328608),.UNSPECIFIED.);
#1524=B_SPLINE_CURVE_WITH_KNOTS('',3,(#8250,#8251,#8252,#8253),
 .UNSPECIFIED.,.F.,.F.,(4,4),(0.,0.00181014225898965),.UNSPECIFIED.);
#1525=B_SPLINE_CURVE_WITH_KNOTS('',3,(#8255,#8256,#8257,#8258),
 .UNSPECIFIED.,.F.,.F.,(4,4),(0.,0.00181014225898964),.UNSPECIFIED.);
#1526=B_SPLINE_CURVE_WITH_KNOTS('',3,(#8261,#8262,#8263,#8264),
 .UNSPECIFIED.,.F.,.F.,(4,4),(0.,0.00160406198328608),.UNSPECIFIED.);
#1527=B_SPLINE_CURVE_WITH_KNOTS('',3,(#8265,#8266,#8267,#8268),
 .UNSPECIFIED.,.F.,.F.,(4,4),(0.,0.00160406198328608),.UNSPECIFIED.);
#1528=B_SPLINE_CURVE_WITH_KNOTS('',3,(#8270,#8271,#8272,#8273),
 .UNSPECIFIED.,.F.,.F.,(4,4),(0.,0.00181014225898965),.UNSPECIFIED.);
#1529=B_SPLINE_CURVE_WITH_KNOTS('',3,(#8275,#8276,#8277,#8278),
 .UNSPECIFIED.,.F.,.F.,(4,4),(0.,0.00181014225898964),.UNSPECIFIED.);
#1530=B_SPLINE_CURVE_WITH_KNOTS('',3,(#8281,#8282,#8283,#8284),
 .UNSPECIFIED.,.F.,.F.,(4,4),(0.,0.00160406198328608),.UNSPECIFIED.);
#1531=B_SPLINE_CURVE_WITH_KNOTS('',3,(#8285,#8286,#8287,#8288),
 .UNSPECIFIED.,.F.,.F.,(4,4),(0.,0.00160406198328608),.UNSPECIFIED.);
#1532=B_SPLINE_CURVE_WITH_KNOTS('',3,(#8290,#8291,#8292,#8293),
 .UNSPECIFIED.,.F.,.F.,(4,4),(0.,0.00181014225898965),.UNSPECIFIED.);
#1533=B_SPLINE_CURVE_WITH_KNOTS('',3,(#8295,#8296,#8297,#8298),
 .UNSPECIFIED.,.F.,.F.,(4,4),(0.,0.00181014225898965),.UNSPECIFIED.);
#1534=B_SPLINE_CURVE_WITH_KNOTS('',3,(#8301,#8302,#8303,#8304),
 .UNSPECIFIED.,.F.,.F.,(4,4),(0.,0.00160406198328608),.UNSPECIFIED.);
#1535=B_SPLINE_CURVE_WITH_KNOTS('',3,(#8305,#8306,#8307,#8308),
 .UNSPECIFIED.,.F.,.F.,(4,4),(0.,0.00160406198328608),.UNSPECIFIED.);
#1536=B_SPLINE_CURVE_WITH_KNOTS('',3,(#8310,#8311,#8312,#8313),
 .UNSPECIFIED.,.F.,.F.,(4,4),(0.,0.00181014225898965),.UNSPECIFIED.);
#1537=B_SPLINE_CURVE_WITH_KNOTS('',3,(#8315,#8316,#8317,#8318),
 .UNSPECIFIED.,.F.,.F.,(4,4),(0.,0.00181014225898964),.UNSPECIFIED.);
#1538=B_SPLINE_CURVE_WITH_KNOTS('',3,(#8321,#8322,#8323,#8324),
 .UNSPECIFIED.,.F.,.F.,(4,4),(0.,0.00160406198328608),.UNSPECIFIED.);
#1539=B_SPLINE_CURVE_WITH_KNOTS('',3,(#8325,#8326,#8327,#8328),
 .UNSPECIFIED.,.F.,.F.,(4,4),(0.,0.00160406198328608),.UNSPECIFIED.);
#1540=B_SPLINE_CURVE_WITH_KNOTS('',3,(#8330,#8331,#8332,#8333),
 .UNSPECIFIED.,.F.,.F.,(4,4),(0.,0.00181014225898966),.UNSPECIFIED.);
#1541=B_SPLINE_CURVE_WITH_KNOTS('',3,(#8335,#8336,#8337,#8338),
 .UNSPECIFIED.,.F.,.F.,(4,4),(0.,0.00181014225898965),.UNSPECIFIED.);
#1542=B_SPLINE_CURVE_WITH_KNOTS('',3,(#8341,#8342,#8343,#8344),
 .UNSPECIFIED.,.F.,.F.,(4,4),(0.,0.00160406198328608),.UNSPECIFIED.);
#1543=B_SPLINE_CURVE_WITH_KNOTS('',3,(#8345,#8346,#8347,#8348),
 .UNSPECIFIED.,.F.,.F.,(4,4),(0.,0.00160406198328608),.UNSPECIFIED.);
#1544=B_SPLINE_CURVE_WITH_KNOTS('',3,(#8350,#8351,#8352,#8353),
 .UNSPECIFIED.,.F.,.F.,(4,4),(0.,0.00181014225898966),.UNSPECIFIED.);
#1545=B_SPLINE_CURVE_WITH_KNOTS('',3,(#8355,#8356,#8357,#8358),
 .UNSPECIFIED.,.F.,.F.,(4,4),(0.,0.00181014225898965),.UNSPECIFIED.);
#1546=B_SPLINE_CURVE_WITH_KNOTS('',3,(#8464,#8465,#8466,#8467),
 .UNSPECIFIED.,.F.,.F.,(4,4),(0.,3.05512948262555E-5),.UNSPECIFIED.);
#1547=B_SPLINE_CURVE_WITH_KNOTS('',3,(#8472,#8473,#8474,#8475),
 .UNSPECIFIED.,.F.,.F.,(4,4),(0.,3.05512948262555E-5),.UNSPECIFIED.);
#1548=B_SPLINE_CURVE_WITH_KNOTS('',3,(#8550,#8551,#8552,#8553,#8554),
 .UNSPECIFIED.,.F.,.F.,(4,1,4),(0.,0.000472117386133276,0.000944234772266553),
 .UNSPECIFIED.);
#1549=B_SPLINE_CURVE_WITH_KNOTS('',3,(#8555,#8556,#8557,#8558,#8559),
 .UNSPECIFIED.,.F.,.F.,(4,1,4),(0.,0.000457764748443032,0.000915529496886064),
 .UNSPECIFIED.);
#1550=B_SPLINE_CURVE_WITH_KNOTS('',3,(#8561,#8562,#8563,#8564,#8565),
 .UNSPECIFIED.,.F.,.F.,(4,1,4),(0.,0.000457764748443032,0.000915529496886064),
 .UNSPECIFIED.);
#1551=B_SPLINE_CURVE_WITH_KNOTS('',3,(#8567,#8568,#8569,#8570,#8571),
 .UNSPECIFIED.,.F.,.F.,(4,1,4),(0.,0.000472117386133276,0.000944234772266553),
 .UNSPECIFIED.);
#1552=B_SPLINE_CURVE_WITH_KNOTS('',3,(#8772,#8773,#8774,#8775),
 .UNSPECIFIED.,.F.,.F.,(4,4),(0.0302603163578649,0.0323025433166381),
 .UNSPECIFIED.);
#1553=B_SPLINE_CURVE_WITH_KNOTS('',3,(#8776,#8777,#8778,#8779),
 .UNSPECIFIED.,.F.,.F.,(4,4),(0.0302603163578649,0.0323025433166401),
 .UNSPECIFIED.);
#1554=B_SPLINE_CURVE_WITH_KNOTS('',3,(#8783,#8784,#8785,#8786),
 .UNSPECIFIED.,.F.,.F.,(4,4),(0.,0.0018141046361686),.UNSPECIFIED.);
#1555=B_SPLINE_CURVE_WITH_KNOTS('',3,(#8788,#8789,#8790,#8791),
 .UNSPECIFIED.,.F.,.F.,(4,4),(0.,0.00181410463616857),.UNSPECIFIED.);
#1556=B_SPLINE_CURVE_WITH_KNOTS('',3,(#8795,#8796,#8797,#8798),
 .UNSPECIFIED.,.F.,.F.,(4,4),(0.,0.00181410463616861),.UNSPECIFIED.);
#1557=B_SPLINE_CURVE_WITH_KNOTS('',3,(#8800,#8801,#8802,#8803),
 .UNSPECIFIED.,.F.,.F.,(4,4),(0.,0.0018141046361686),.UNSPECIFIED.);
#1558=B_SPLINE_CURVE_WITH_KNOTS('',3,(#8807,#8808,#8809,#8810),
 .UNSPECIFIED.,.F.,.F.,(4,4),(0.,0.00181410463616861),.UNSPECIFIED.);
#1559=B_SPLINE_CURVE_WITH_KNOTS('',3,(#8812,#8813,#8814,#8815),
 .UNSPECIFIED.,.F.,.F.,(4,4),(0.,0.00181410463616861),.UNSPECIFIED.);
#1560=B_SPLINE_CURVE_WITH_KNOTS('',3,(#8819,#8820,#8821,#8822),
 .UNSPECIFIED.,.F.,.F.,(4,4),(0.,0.00181410463616861),.UNSPECIFIED.);
#1561=B_SPLINE_CURVE_WITH_KNOTS('',3,(#8824,#8825,#8826,#8827),
 .UNSPECIFIED.,.F.,.F.,(4,4),(0.,0.0018141046361686),.UNSPECIFIED.);
#1562=B_SPLINE_CURVE_WITH_KNOTS('',3,(#8831,#8832,#8833,#8834),
 .UNSPECIFIED.,.F.,.F.,(4,4),(0.,0.00181410463616857),.UNSPECIFIED.);
#1563=B_SPLINE_CURVE_WITH_KNOTS('',3,(#8836,#8837,#8838,#8839),
 .UNSPECIFIED.,.F.,.F.,(4,4),(0.,0.0018141046361686),.UNSPECIFIED.);
#1564=B_SPLINE_CURVE_WITH_KNOTS('',3,(#8843,#8844,#8845,#8846),
 .UNSPECIFIED.,.F.,.F.,(4,4),(0.,0.00181410463616862),.UNSPECIFIED.);
#1565=B_SPLINE_CURVE_WITH_KNOTS('',3,(#8848,#8849,#8850,#8851),
 .UNSPECIFIED.,.F.,.F.,(4,4),(0.,0.00181410463616859),.UNSPECIFIED.);
#1566=ORIENTED_EDGE('',*,*,#3144,.F.);
#1567=ORIENTED_EDGE('',*,*,#3145,.F.);
#1568=ORIENTED_EDGE('',*,*,#3146,.F.);
#1569=ORIENTED_EDGE('',*,*,#3147,.F.);
#1570=ORIENTED_EDGE('',*,*,#3148,.F.);
#1571=ORIENTED_EDGE('',*,*,#3149,.F.);
#1572=ORIENTED_EDGE('',*,*,#3150,.F.);
#1573=ORIENTED_EDGE('',*,*,#3151,.F.);
#1574=ORIENTED_EDGE('',*,*,#3152,.F.);
#1575=ORIENTED_EDGE('',*,*,#3153,.F.);
#1576=ORIENTED_EDGE('',*,*,#3154,.F.);
#1577=ORIENTED_EDGE('',*,*,#3155,.F.);
#1578=ORIENTED_EDGE('',*,*,#3156,.F.);
#1579=ORIENTED_EDGE('',*,*,#3157,.F.);
#1580=ORIENTED_EDGE('',*,*,#3158,.F.);
#1581=ORIENTED_EDGE('',*,*,#3159,.F.);
#1582=ORIENTED_EDGE('',*,*,#3160,.F.);
#1583=ORIENTED_EDGE('',*,*,#3161,.F.);
#1584=ORIENTED_EDGE('',*,*,#3162,.F.);
#1585=ORIENTED_EDGE('',*,*,#3163,.F.);
#1586=ORIENTED_EDGE('',*,*,#3164,.F.);
#1587=ORIENTED_EDGE('',*,*,#3165,.F.);
#1588=ORIENTED_EDGE('',*,*,#3166,.F.);
#1589=ORIENTED_EDGE('',*,*,#3167,.F.);
#1590=ORIENTED_EDGE('',*,*,#3168,.F.);
#1591=ORIENTED_EDGE('',*,*,#3169,.F.);
#1592=ORIENTED_EDGE('',*,*,#3170,.F.);
#1593=ORIENTED_EDGE('',*,*,#3171,.F.);
#1594=ORIENTED_EDGE('',*,*,#3172,.F.);
#1595=ORIENTED_EDGE('',*,*,#3173,.F.);
#1596=ORIENTED_EDGE('',*,*,#3174,.F.);
#1597=ORIENTED_EDGE('',*,*,#3175,.F.);
#1598=ORIENTED_EDGE('',*,*,#3176,.F.);
#1599=ORIENTED_EDGE('',*,*,#3177,.F.);
#1600=ORIENTED_EDGE('',*,*,#3145,.T.);
#1601=ORIENTED_EDGE('',*,*,#3178,.T.);
#1602=ORIENTED_EDGE('',*,*,#3179,.T.);
#1603=ORIENTED_EDGE('',*,*,#3180,.F.);
#1604=ORIENTED_EDGE('',*,*,#3173,.T.);
#1605=ORIENTED_EDGE('',*,*,#3181,.T.);
#1606=ORIENTED_EDGE('',*,*,#3182,.T.);
#1607=ORIENTED_EDGE('',*,*,#3183,.F.);
#1608=ORIENTED_EDGE('',*,*,#3169,.T.);
#1609=ORIENTED_EDGE('',*,*,#3184,.T.);
#1610=ORIENTED_EDGE('',*,*,#3185,.T.);
#1611=ORIENTED_EDGE('',*,*,#3186,.F.);
#1612=ORIENTED_EDGE('',*,*,#3165,.T.);
#1613=ORIENTED_EDGE('',*,*,#3187,.T.);
#1614=ORIENTED_EDGE('',*,*,#3188,.T.);
#1615=ORIENTED_EDGE('',*,*,#3189,.F.);
#1616=ORIENTED_EDGE('',*,*,#3161,.T.);
#1617=ORIENTED_EDGE('',*,*,#3190,.T.);
#1618=ORIENTED_EDGE('',*,*,#3191,.T.);
#1619=ORIENTED_EDGE('',*,*,#3192,.F.);
#1620=ORIENTED_EDGE('',*,*,#3157,.T.);
#1621=ORIENTED_EDGE('',*,*,#3193,.T.);
#1622=ORIENTED_EDGE('',*,*,#3194,.T.);
#1623=ORIENTED_EDGE('',*,*,#3195,.F.);
#1624=ORIENTED_EDGE('',*,*,#3153,.T.);
#1625=ORIENTED_EDGE('',*,*,#3196,.T.);
#1626=ORIENTED_EDGE('',*,*,#3197,.T.);
#1627=ORIENTED_EDGE('',*,*,#3198,.F.);
#1628=ORIENTED_EDGE('',*,*,#3199,.F.);
#1629=ORIENTED_EDGE('',*,*,#3200,.F.);
#1630=ORIENTED_EDGE('',*,*,#3201,.F.);
#1631=ORIENTED_EDGE('',*,*,#3202,.F.);
#1632=ORIENTED_EDGE('',*,*,#3179,.F.);
#1633=ORIENTED_EDGE('',*,*,#3203,.F.);
#1634=ORIENTED_EDGE('',*,*,#3204,.F.);
#1635=ORIENTED_EDGE('',*,*,#3205,.F.);
#1636=ORIENTED_EDGE('',*,*,#3182,.F.);
#1637=ORIENTED_EDGE('',*,*,#3206,.F.);
#1638=ORIENTED_EDGE('',*,*,#3207,.F.);
#1639=ORIENTED_EDGE('',*,*,#3208,.F.);
#1640=ORIENTED_EDGE('',*,*,#3185,.F.);
#1641=ORIENTED_EDGE('',*,*,#3209,.F.);
#1642=ORIENTED_EDGE('',*,*,#3210,.F.);
#1643=ORIENTED_EDGE('',*,*,#3211,.F.);
#1644=ORIENTED_EDGE('',*,*,#3188,.F.);
#1645=ORIENTED_EDGE('',*,*,#3212,.F.);
#1646=ORIENTED_EDGE('',*,*,#3213,.F.);
#1647=ORIENTED_EDGE('',*,*,#3214,.F.);
#1648=ORIENTED_EDGE('',*,*,#3191,.F.);
#1649=ORIENTED_EDGE('',*,*,#3215,.F.);
#1650=ORIENTED_EDGE('',*,*,#3216,.F.);
#1651=ORIENTED_EDGE('',*,*,#3217,.F.);
#1652=ORIENTED_EDGE('',*,*,#3194,.F.);
#1653=ORIENTED_EDGE('',*,*,#3218,.F.);
#1654=ORIENTED_EDGE('',*,*,#3219,.F.);
#1655=ORIENTED_EDGE('',*,*,#3220,.F.);
#1656=ORIENTED_EDGE('',*,*,#3197,.F.);
#1657=ORIENTED_EDGE('',*,*,#3221,.F.);
#1658=ORIENTED_EDGE('',*,*,#3222,.F.);
#1659=ORIENTED_EDGE('',*,*,#3223,.F.);
#1660=ORIENTED_EDGE('',*,*,#3224,.F.);
#1661=ORIENTED_EDGE('',*,*,#3149,.T.);
#1662=ORIENTED_EDGE('',*,*,#3225,.T.);
#1663=ORIENTED_EDGE('',*,*,#3199,.T.);
#1664=ORIENTED_EDGE('',*,*,#3226,.F.);
#1665=ORIENTED_EDGE('',*,*,#3227,.T.);
#1666=ORIENTED_EDGE('',*,*,#3228,.T.);
#1667=ORIENTED_EDGE('',*,*,#3229,.T.);
#1668=ORIENTED_EDGE('',*,*,#3228,.F.);
#1669=ORIENTED_EDGE('',*,*,#3230,.T.);
#1670=ORIENTED_EDGE('',*,*,#3231,.T.);
#1671=ORIENTED_EDGE('',*,*,#3232,.T.);
#1672=ORIENTED_EDGE('',*,*,#3231,.F.);
#1673=ORIENTED_EDGE('',*,*,#3233,.T.);
#1674=ORIENTED_EDGE('',*,*,#3234,.T.);
#1675=ORIENTED_EDGE('',*,*,#3235,.T.);
#1676=ORIENTED_EDGE('',*,*,#3236,.F.);
#1677=ORIENTED_EDGE('',*,*,#3237,.T.);
#1678=ORIENTED_EDGE('',*,*,#3238,.T.);
#1679=ORIENTED_EDGE('',*,*,#3239,.T.);
#1680=ORIENTED_EDGE('',*,*,#3238,.F.);
#1681=ORIENTED_EDGE('',*,*,#3240,.T.);
#1682=ORIENTED_EDGE('',*,*,#3241,.T.);
#1683=ORIENTED_EDGE('',*,*,#3242,.T.);
#1684=ORIENTED_EDGE('',*,*,#3241,.F.);
#1685=ORIENTED_EDGE('',*,*,#3243,.T.);
#1686=ORIENTED_EDGE('',*,*,#3244,.T.);
#1687=ORIENTED_EDGE('',*,*,#3245,.T.);
#1688=ORIENTED_EDGE('',*,*,#3246,.F.);
#1689=ORIENTED_EDGE('',*,*,#3247,.T.);
#1690=ORIENTED_EDGE('',*,*,#3248,.T.);
#1691=ORIENTED_EDGE('',*,*,#3249,.T.);
#1692=ORIENTED_EDGE('',*,*,#3248,.F.);
#1693=ORIENTED_EDGE('',*,*,#3250,.T.);
#1694=ORIENTED_EDGE('',*,*,#3251,.T.);
#1695=ORIENTED_EDGE('',*,*,#3252,.T.);
#1696=ORIENTED_EDGE('',*,*,#3251,.F.);
#1697=ORIENTED_EDGE('',*,*,#3253,.T.);
#1698=ORIENTED_EDGE('',*,*,#3254,.T.);
#1699=ORIENTED_EDGE('',*,*,#3255,.T.);
#1700=ORIENTED_EDGE('',*,*,#3256,.F.);
#1701=ORIENTED_EDGE('',*,*,#3257,.T.);
#1702=ORIENTED_EDGE('',*,*,#3258,.T.);
#1703=ORIENTED_EDGE('',*,*,#3259,.T.);
#1704=ORIENTED_EDGE('',*,*,#3258,.F.);
#1705=ORIENTED_EDGE('',*,*,#3260,.T.);
#1706=ORIENTED_EDGE('',*,*,#3261,.T.);
#1707=ORIENTED_EDGE('',*,*,#3262,.T.);
#1708=ORIENTED_EDGE('',*,*,#3261,.F.);
#1709=ORIENTED_EDGE('',*,*,#3263,.T.);
#1710=ORIENTED_EDGE('',*,*,#3264,.T.);
#1711=ORIENTED_EDGE('',*,*,#3265,.T.);
#1712=ORIENTED_EDGE('',*,*,#3266,.F.);
#1713=ORIENTED_EDGE('',*,*,#3267,.T.);
#1714=ORIENTED_EDGE('',*,*,#3268,.T.);
#1715=ORIENTED_EDGE('',*,*,#3269,.T.);
#1716=ORIENTED_EDGE('',*,*,#3268,.F.);
#1717=ORIENTED_EDGE('',*,*,#3270,.T.);
#1718=ORIENTED_EDGE('',*,*,#3271,.T.);
#1719=ORIENTED_EDGE('',*,*,#3272,.T.);
#1720=ORIENTED_EDGE('',*,*,#3271,.F.);
#1721=ORIENTED_EDGE('',*,*,#3273,.T.);
#1722=ORIENTED_EDGE('',*,*,#3274,.T.);
#1723=ORIENTED_EDGE('',*,*,#3275,.T.);
#1724=ORIENTED_EDGE('',*,*,#3234,.F.);
#1725=ORIENTED_EDGE('',*,*,#3276,.T.);
#1726=ORIENTED_EDGE('',*,*,#3226,.T.);
#1727=ORIENTED_EDGE('',*,*,#3277,.T.);
#1728=ORIENTED_EDGE('',*,*,#3244,.F.);
#1729=ORIENTED_EDGE('',*,*,#3278,.T.);
#1730=ORIENTED_EDGE('',*,*,#3236,.T.);
#1731=ORIENTED_EDGE('',*,*,#3279,.T.);
#1732=ORIENTED_EDGE('',*,*,#3254,.F.);
#1733=ORIENTED_EDGE('',*,*,#3280,.T.);
#1734=ORIENTED_EDGE('',*,*,#3246,.T.);
#1735=ORIENTED_EDGE('',*,*,#3281,.T.);
#1736=ORIENTED_EDGE('',*,*,#3264,.F.);
#1737=ORIENTED_EDGE('',*,*,#3282,.T.);
#1738=ORIENTED_EDGE('',*,*,#3256,.T.);
#1739=ORIENTED_EDGE('',*,*,#3283,.T.);
#1740=ORIENTED_EDGE('',*,*,#3274,.F.);
#1741=ORIENTED_EDGE('',*,*,#3284,.T.);
#1742=ORIENTED_EDGE('',*,*,#3266,.T.);
#1743=ORIENTED_EDGE('',*,*,#3285,.T.);
#1744=ORIENTED_EDGE('',*,*,#3286,.T.);
#1745=ORIENTED_EDGE('',*,*,#3287,.T.);
#1746=ORIENTED_EDGE('',*,*,#3288,.T.);
#1747=ORIENTED_EDGE('',*,*,#3289,.T.);
#1748=ORIENTED_EDGE('',*,*,#3290,.T.);
#1749=ORIENTED_EDGE('',*,*,#3291,.T.);
#1750=ORIENTED_EDGE('',*,*,#3292,.T.);
#1751=ORIENTED_EDGE('',*,*,#3293,.T.);
#1752=ORIENTED_EDGE('',*,*,#3294,.T.);
#1753=ORIENTED_EDGE('',*,*,#3295,.T.);
#1754=ORIENTED_EDGE('',*,*,#3296,.T.);
#1755=ORIENTED_EDGE('',*,*,#3297,.T.);
#1756=ORIENTED_EDGE('',*,*,#3298,.T.);
#1757=ORIENTED_EDGE('',*,*,#3299,.T.);
#1758=ORIENTED_EDGE('',*,*,#3300,.T.);
#1759=ORIENTED_EDGE('',*,*,#3301,.T.);
#1760=ORIENTED_EDGE('',*,*,#3302,.T.);
#1761=ORIENTED_EDGE('',*,*,#3303,.T.);
#1762=ORIENTED_EDGE('',*,*,#3304,.T.);
#1763=ORIENTED_EDGE('',*,*,#3305,.T.);
#1764=ORIENTED_EDGE('',*,*,#3306,.T.);
#1765=ORIENTED_EDGE('',*,*,#3307,.T.);
#1766=ORIENTED_EDGE('',*,*,#3308,.T.);
#1767=ORIENTED_EDGE('',*,*,#3198,.T.);
#1768=ORIENTED_EDGE('',*,*,#3309,.T.);
#1769=ORIENTED_EDGE('',*,*,#3310,.T.);
#1770=ORIENTED_EDGE('',*,*,#3311,.T.);
#1771=ORIENTED_EDGE('',*,*,#3312,.T.);
#1772=ORIENTED_EDGE('',*,*,#3313,.T.);
#1773=ORIENTED_EDGE('',*,*,#3314,.T.);
#1774=ORIENTED_EDGE('',*,*,#3315,.T.);
#1775=ORIENTED_EDGE('',*,*,#3316,.T.);
#1776=ORIENTED_EDGE('',*,*,#3317,.T.);
#1777=ORIENTED_EDGE('',*,*,#3318,.T.);
#1778=ORIENTED_EDGE('',*,*,#3319,.T.);
#1779=ORIENTED_EDGE('',*,*,#3320,.T.);
#1780=ORIENTED_EDGE('',*,*,#3321,.T.);
#1781=ORIENTED_EDGE('',*,*,#3322,.T.);
#1782=ORIENTED_EDGE('',*,*,#3323,.T.);
#1783=ORIENTED_EDGE('',*,*,#3324,.T.);
#1784=ORIENTED_EDGE('',*,*,#3325,.T.);
#1785=ORIENTED_EDGE('',*,*,#3326,.T.);
#1786=ORIENTED_EDGE('',*,*,#3327,.T.);
#1787=ORIENTED_EDGE('',*,*,#3328,.T.);
#1788=ORIENTED_EDGE('',*,*,#3329,.T.);
#1789=ORIENTED_EDGE('',*,*,#3144,.T.);
#1790=ORIENTED_EDGE('',*,*,#3330,.T.);
#1791=ORIENTED_EDGE('',*,*,#3147,.T.);
#1792=ORIENTED_EDGE('',*,*,#3331,.F.);
#1793=ORIENTED_EDGE('',*,*,#3332,.T.);
#1794=ORIENTED_EDGE('',*,*,#3331,.T.);
#1795=ORIENTED_EDGE('',*,*,#3146,.T.);
#1796=ORIENTED_EDGE('',*,*,#3177,.T.);
#1797=ORIENTED_EDGE('',*,*,#3202,.T.);
#1798=ORIENTED_EDGE('',*,*,#3333,.F.);
#1799=ORIENTED_EDGE('',*,*,#3334,.F.);
#1800=ORIENTED_EDGE('',*,*,#3333,.T.);
#1801=ORIENTED_EDGE('',*,*,#3201,.T.);
#1802=ORIENTED_EDGE('',*,*,#3335,.F.);
#1803=ORIENTED_EDGE('',*,*,#3336,.F.);
#1804=ORIENTED_EDGE('',*,*,#3225,.F.);
#1805=ORIENTED_EDGE('',*,*,#3148,.T.);
#1806=ORIENTED_EDGE('',*,*,#3330,.F.);
#1807=ORIENTED_EDGE('',*,*,#3337,.T.);
#1808=ORIENTED_EDGE('',*,*,#3335,.T.);
#1809=ORIENTED_EDGE('',*,*,#3200,.T.);
#1810=ORIENTED_EDGE('',*,*,#3332,.F.);
#1811=ORIENTED_EDGE('',*,*,#3334,.T.);
#1812=ORIENTED_EDGE('',*,*,#3336,.T.);
#1813=ORIENTED_EDGE('',*,*,#3337,.F.);
#1814=ORIENTED_EDGE('',*,*,#3338,.T.);
#1815=ORIENTED_EDGE('',*,*,#3175,.T.);
#1816=ORIENTED_EDGE('',*,*,#3339,.F.);
#1817=ORIENTED_EDGE('',*,*,#3340,.T.);
#1818=ORIENTED_EDGE('',*,*,#3339,.T.);
#1819=ORIENTED_EDGE('',*,*,#3174,.T.);
#1820=ORIENTED_EDGE('',*,*,#3180,.T.);
#1821=ORIENTED_EDGE('',*,*,#3205,.T.);
#1822=ORIENTED_EDGE('',*,*,#3341,.F.);
#1823=ORIENTED_EDGE('',*,*,#3342,.F.);
#1824=ORIENTED_EDGE('',*,*,#3341,.T.);
#1825=ORIENTED_EDGE('',*,*,#3204,.T.);
#1826=ORIENTED_EDGE('',*,*,#3343,.F.);
#1827=ORIENTED_EDGE('',*,*,#3344,.F.);
#1828=ORIENTED_EDGE('',*,*,#3178,.F.);
#1829=ORIENTED_EDGE('',*,*,#3176,.T.);
#1830=ORIENTED_EDGE('',*,*,#3338,.F.);
#1831=ORIENTED_EDGE('',*,*,#3345,.T.);
#1832=ORIENTED_EDGE('',*,*,#3343,.T.);
#1833=ORIENTED_EDGE('',*,*,#3203,.T.);
#1834=ORIENTED_EDGE('',*,*,#3340,.F.);
#1835=ORIENTED_EDGE('',*,*,#3342,.T.);
#1836=ORIENTED_EDGE('',*,*,#3344,.T.);
#1837=ORIENTED_EDGE('',*,*,#3345,.F.);
#1838=ORIENTED_EDGE('',*,*,#3346,.T.);
#1839=ORIENTED_EDGE('',*,*,#3171,.T.);
#1840=ORIENTED_EDGE('',*,*,#3347,.F.);
#1841=ORIENTED_EDGE('',*,*,#3348,.T.);
#1842=ORIENTED_EDGE('',*,*,#3347,.T.);
#1843=ORIENTED_EDGE('',*,*,#3170,.T.);
#1844=ORIENTED_EDGE('',*,*,#3183,.T.);
#1845=ORIENTED_EDGE('',*,*,#3208,.T.);
#1846=ORIENTED_EDGE('',*,*,#3349,.F.);
#1847=ORIENTED_EDGE('',*,*,#3350,.F.);
#1848=ORIENTED_EDGE('',*,*,#3349,.T.);
#1849=ORIENTED_EDGE('',*,*,#3207,.T.);
#1850=ORIENTED_EDGE('',*,*,#3351,.F.);
#1851=ORIENTED_EDGE('',*,*,#3352,.F.);
#1852=ORIENTED_EDGE('',*,*,#3181,.F.);
#1853=ORIENTED_EDGE('',*,*,#3172,.T.);
#1854=ORIENTED_EDGE('',*,*,#3346,.F.);
#1855=ORIENTED_EDGE('',*,*,#3353,.T.);
#1856=ORIENTED_EDGE('',*,*,#3351,.T.);
#1857=ORIENTED_EDGE('',*,*,#3206,.T.);
#1858=ORIENTED_EDGE('',*,*,#3348,.F.);
#1859=ORIENTED_EDGE('',*,*,#3350,.T.);
#1860=ORIENTED_EDGE('',*,*,#3352,.T.);
#1861=ORIENTED_EDGE('',*,*,#3353,.F.);
#1862=ORIENTED_EDGE('',*,*,#3354,.T.);
#1863=ORIENTED_EDGE('',*,*,#3167,.T.);
#1864=ORIENTED_EDGE('',*,*,#3355,.F.);
#1865=ORIENTED_EDGE('',*,*,#3356,.T.);
#1866=ORIENTED_EDGE('',*,*,#3355,.T.);
#1867=ORIENTED_EDGE('',*,*,#3166,.T.);
#1868=ORIENTED_EDGE('',*,*,#3186,.T.);
#1869=ORIENTED_EDGE('',*,*,#3211,.T.);
#1870=ORIENTED_EDGE('',*,*,#3357,.F.);
#1871=ORIENTED_EDGE('',*,*,#3358,.F.);
#1872=ORIENTED_EDGE('',*,*,#3357,.T.);
#1873=ORIENTED_EDGE('',*,*,#3210,.T.);
#1874=ORIENTED_EDGE('',*,*,#3359,.F.);
#1875=ORIENTED_EDGE('',*,*,#3360,.F.);
#1876=ORIENTED_EDGE('',*,*,#3184,.F.);
#1877=ORIENTED_EDGE('',*,*,#3168,.T.);
#1878=ORIENTED_EDGE('',*,*,#3354,.F.);
#1879=ORIENTED_EDGE('',*,*,#3361,.T.);
#1880=ORIENTED_EDGE('',*,*,#3359,.T.);
#1881=ORIENTED_EDGE('',*,*,#3209,.T.);
#1882=ORIENTED_EDGE('',*,*,#3356,.F.);
#1883=ORIENTED_EDGE('',*,*,#3358,.T.);
#1884=ORIENTED_EDGE('',*,*,#3360,.T.);
#1885=ORIENTED_EDGE('',*,*,#3361,.F.);
#1886=ORIENTED_EDGE('',*,*,#3362,.T.);
#1887=ORIENTED_EDGE('',*,*,#3163,.T.);
#1888=ORIENTED_EDGE('',*,*,#3363,.F.);
#1889=ORIENTED_EDGE('',*,*,#3364,.T.);
#1890=ORIENTED_EDGE('',*,*,#3363,.T.);
#1891=ORIENTED_EDGE('',*,*,#3162,.T.);
#1892=ORIENTED_EDGE('',*,*,#3189,.T.);
#1893=ORIENTED_EDGE('',*,*,#3214,.T.);
#1894=ORIENTED_EDGE('',*,*,#3365,.F.);
#1895=ORIENTED_EDGE('',*,*,#3366,.F.);
#1896=ORIENTED_EDGE('',*,*,#3365,.T.);
#1897=ORIENTED_EDGE('',*,*,#3213,.T.);
#1898=ORIENTED_EDGE('',*,*,#3367,.F.);
#1899=ORIENTED_EDGE('',*,*,#3368,.F.);
#1900=ORIENTED_EDGE('',*,*,#3187,.F.);
#1901=ORIENTED_EDGE('',*,*,#3164,.T.);
#1902=ORIENTED_EDGE('',*,*,#3362,.F.);
#1903=ORIENTED_EDGE('',*,*,#3369,.T.);
#1904=ORIENTED_EDGE('',*,*,#3367,.T.);
#1905=ORIENTED_EDGE('',*,*,#3212,.T.);
#1906=ORIENTED_EDGE('',*,*,#3364,.F.);
#1907=ORIENTED_EDGE('',*,*,#3366,.T.);
#1908=ORIENTED_EDGE('',*,*,#3368,.T.);
#1909=ORIENTED_EDGE('',*,*,#3369,.F.);
#1910=ORIENTED_EDGE('',*,*,#3370,.T.);
#1911=ORIENTED_EDGE('',*,*,#3159,.T.);
#1912=ORIENTED_EDGE('',*,*,#3371,.F.);
#1913=ORIENTED_EDGE('',*,*,#3372,.T.);
#1914=ORIENTED_EDGE('',*,*,#3371,.T.);
#1915=ORIENTED_EDGE('',*,*,#3158,.T.);
#1916=ORIENTED_EDGE('',*,*,#3192,.T.);
#1917=ORIENTED_EDGE('',*,*,#3217,.T.);
#1918=ORIENTED_EDGE('',*,*,#3373,.F.);
#1919=ORIENTED_EDGE('',*,*,#3374,.F.);
#1920=ORIENTED_EDGE('',*,*,#3373,.T.);
#1921=ORIENTED_EDGE('',*,*,#3216,.T.);
#1922=ORIENTED_EDGE('',*,*,#3375,.F.);
#1923=ORIENTED_EDGE('',*,*,#3376,.F.);
#1924=ORIENTED_EDGE('',*,*,#3190,.F.);
#1925=ORIENTED_EDGE('',*,*,#3160,.T.);
#1926=ORIENTED_EDGE('',*,*,#3370,.F.);
#1927=ORIENTED_EDGE('',*,*,#3377,.T.);
#1928=ORIENTED_EDGE('',*,*,#3375,.T.);
#1929=ORIENTED_EDGE('',*,*,#3215,.T.);
#1930=ORIENTED_EDGE('',*,*,#3372,.F.);
#1931=ORIENTED_EDGE('',*,*,#3374,.T.);
#1932=ORIENTED_EDGE('',*,*,#3376,.T.);
#1933=ORIENTED_EDGE('',*,*,#3377,.F.);
#1934=ORIENTED_EDGE('',*,*,#3378,.T.);
#1935=ORIENTED_EDGE('',*,*,#3155,.T.);
#1936=ORIENTED_EDGE('',*,*,#3379,.F.);
#1937=ORIENTED_EDGE('',*,*,#3380,.T.);
#1938=ORIENTED_EDGE('',*,*,#3379,.T.);
#1939=ORIENTED_EDGE('',*,*,#3154,.T.);
#1940=ORIENTED_EDGE('',*,*,#3195,.T.);
#1941=ORIENTED_EDGE('',*,*,#3220,.T.);
#1942=ORIENTED_EDGE('',*,*,#3381,.F.);
#1943=ORIENTED_EDGE('',*,*,#3382,.F.);
#1944=ORIENTED_EDGE('',*,*,#3381,.T.);
#1945=ORIENTED_EDGE('',*,*,#3219,.T.);
#1946=ORIENTED_EDGE('',*,*,#3383,.F.);
#1947=ORIENTED_EDGE('',*,*,#3384,.F.);
#1948=ORIENTED_EDGE('',*,*,#3193,.F.);
#1949=ORIENTED_EDGE('',*,*,#3156,.T.);
#1950=ORIENTED_EDGE('',*,*,#3378,.F.);
#1951=ORIENTED_EDGE('',*,*,#3385,.T.);
#1952=ORIENTED_EDGE('',*,*,#3383,.T.);
#1953=ORIENTED_EDGE('',*,*,#3218,.T.);
#1954=ORIENTED_EDGE('',*,*,#3380,.F.);
#1955=ORIENTED_EDGE('',*,*,#3382,.T.);
#1956=ORIENTED_EDGE('',*,*,#3384,.T.);
#1957=ORIENTED_EDGE('',*,*,#3385,.F.);
#1958=ORIENTED_EDGE('',*,*,#3386,.T.);
#1959=ORIENTED_EDGE('',*,*,#3151,.T.);
#1960=ORIENTED_EDGE('',*,*,#3387,.F.);
#1961=ORIENTED_EDGE('',*,*,#3388,.T.);
#1962=ORIENTED_EDGE('',*,*,#3387,.T.);
#1963=ORIENTED_EDGE('',*,*,#3150,.T.);
#1964=ORIENTED_EDGE('',*,*,#3224,.T.);
#1965=ORIENTED_EDGE('',*,*,#3223,.T.);
#1966=ORIENTED_EDGE('',*,*,#3389,.F.);
#1967=ORIENTED_EDGE('',*,*,#3390,.F.);
#1968=ORIENTED_EDGE('',*,*,#3389,.T.);
#1969=ORIENTED_EDGE('',*,*,#3222,.T.);
#1970=ORIENTED_EDGE('',*,*,#3391,.F.);
#1971=ORIENTED_EDGE('',*,*,#3392,.F.);
#1972=ORIENTED_EDGE('',*,*,#3196,.F.);
#1973=ORIENTED_EDGE('',*,*,#3152,.T.);
#1974=ORIENTED_EDGE('',*,*,#3386,.F.);
#1975=ORIENTED_EDGE('',*,*,#3393,.T.);
#1976=ORIENTED_EDGE('',*,*,#3391,.T.);
#1977=ORIENTED_EDGE('',*,*,#3221,.T.);
#1978=ORIENTED_EDGE('',*,*,#3388,.F.);
#1979=ORIENTED_EDGE('',*,*,#3390,.T.);
#1980=ORIENTED_EDGE('',*,*,#3392,.T.);
#1981=ORIENTED_EDGE('',*,*,#3393,.F.);
#1982=ORIENTED_EDGE('',*,*,#3394,.F.);
#1983=ORIENTED_EDGE('',*,*,#3273,.F.);
#1984=ORIENTED_EDGE('',*,*,#3395,.F.);
#1985=ORIENTED_EDGE('',*,*,#3291,.F.);
#1986=ORIENTED_EDGE('',*,*,#3395,.T.);
#1987=ORIENTED_EDGE('',*,*,#3270,.F.);
#1988=ORIENTED_EDGE('',*,*,#3396,.F.);
#1989=ORIENTED_EDGE('',*,*,#3288,.F.);
#1990=ORIENTED_EDGE('',*,*,#3394,.T.);
#1991=ORIENTED_EDGE('',*,*,#3290,.F.);
#1992=ORIENTED_EDGE('',*,*,#3397,.F.);
#1993=ORIENTED_EDGE('',*,*,#3284,.F.);
#1994=ORIENTED_EDGE('',*,*,#3396,.T.);
#1995=ORIENTED_EDGE('',*,*,#3267,.F.);
#1996=ORIENTED_EDGE('',*,*,#3397,.T.);
#1997=ORIENTED_EDGE('',*,*,#3289,.F.);
#1998=ORIENTED_EDGE('',*,*,#3398,.F.);
#1999=ORIENTED_EDGE('',*,*,#3312,.F.);
#2000=ORIENTED_EDGE('',*,*,#3399,.F.);
#2001=ORIENTED_EDGE('',*,*,#3275,.F.);
#2002=ORIENTED_EDGE('',*,*,#3399,.T.);
#2003=ORIENTED_EDGE('',*,*,#3311,.F.);
#2004=ORIENTED_EDGE('',*,*,#3400,.F.);
#2005=ORIENTED_EDGE('',*,*,#3272,.F.);
#2006=ORIENTED_EDGE('',*,*,#3398,.T.);
#2007=ORIENTED_EDGE('',*,*,#3285,.F.);
#2008=ORIENTED_EDGE('',*,*,#3401,.F.);
#2009=ORIENTED_EDGE('',*,*,#3309,.F.);
#2010=ORIENTED_EDGE('',*,*,#3400,.T.);
#2011=ORIENTED_EDGE('',*,*,#3310,.F.);
#2012=ORIENTED_EDGE('',*,*,#3401,.T.);
#2013=ORIENTED_EDGE('',*,*,#3269,.F.);
#2014=ORIENTED_EDGE('',*,*,#3402,.F.);
#2015=ORIENTED_EDGE('',*,*,#3233,.F.);
#2016=ORIENTED_EDGE('',*,*,#3403,.F.);
#2017=ORIENTED_EDGE('',*,*,#3295,.F.);
#2018=ORIENTED_EDGE('',*,*,#3403,.T.);
#2019=ORIENTED_EDGE('',*,*,#3230,.F.);
#2020=ORIENTED_EDGE('',*,*,#3404,.F.);
#2021=ORIENTED_EDGE('',*,*,#3292,.F.);
#2022=ORIENTED_EDGE('',*,*,#3402,.T.);
#2023=ORIENTED_EDGE('',*,*,#3294,.F.);
#2024=ORIENTED_EDGE('',*,*,#3405,.F.);
#2025=ORIENTED_EDGE('',*,*,#3276,.F.);
#2026=ORIENTED_EDGE('',*,*,#3404,.T.);
#2027=ORIENTED_EDGE('',*,*,#3227,.F.);
#2028=ORIENTED_EDGE('',*,*,#3405,.T.);
#2029=ORIENTED_EDGE('',*,*,#3293,.F.);
#2030=ORIENTED_EDGE('',*,*,#3406,.F.);
#2031=ORIENTED_EDGE('',*,*,#3316,.F.);
#2032=ORIENTED_EDGE('',*,*,#3407,.F.);
#2033=ORIENTED_EDGE('',*,*,#3235,.F.);
#2034=ORIENTED_EDGE('',*,*,#3407,.T.);
#2035=ORIENTED_EDGE('',*,*,#3315,.F.);
#2036=ORIENTED_EDGE('',*,*,#3408,.F.);
#2037=ORIENTED_EDGE('',*,*,#3232,.F.);
#2038=ORIENTED_EDGE('',*,*,#3406,.T.);
#2039=ORIENTED_EDGE('',*,*,#3277,.F.);
#2040=ORIENTED_EDGE('',*,*,#3409,.F.);
#2041=ORIENTED_EDGE('',*,*,#3313,.F.);
#2042=ORIENTED_EDGE('',*,*,#3408,.T.);
#2043=ORIENTED_EDGE('',*,*,#3314,.F.);
#2044=ORIENTED_EDGE('',*,*,#3409,.T.);
#2045=ORIENTED_EDGE('',*,*,#3229,.F.);
#2046=ORIENTED_EDGE('',*,*,#3410,.F.);
#2047=ORIENTED_EDGE('',*,*,#3243,.F.);
#2048=ORIENTED_EDGE('',*,*,#3411,.F.);
#2049=ORIENTED_EDGE('',*,*,#3299,.F.);
#2050=ORIENTED_EDGE('',*,*,#3411,.T.);
#2051=ORIENTED_EDGE('',*,*,#3240,.F.);
#2052=ORIENTED_EDGE('',*,*,#3412,.F.);
#2053=ORIENTED_EDGE('',*,*,#3296,.F.);
#2054=ORIENTED_EDGE('',*,*,#3410,.T.);
#2055=ORIENTED_EDGE('',*,*,#3298,.F.);
#2056=ORIENTED_EDGE('',*,*,#3413,.F.);
#2057=ORIENTED_EDGE('',*,*,#3278,.F.);
#2058=ORIENTED_EDGE('',*,*,#3412,.T.);
#2059=ORIENTED_EDGE('',*,*,#3237,.F.);
#2060=ORIENTED_EDGE('',*,*,#3413,.T.);
#2061=ORIENTED_EDGE('',*,*,#3297,.F.);
#2062=ORIENTED_EDGE('',*,*,#3414,.F.);
#2063=ORIENTED_EDGE('',*,*,#3320,.F.);
#2064=ORIENTED_EDGE('',*,*,#3415,.F.);
#2065=ORIENTED_EDGE('',*,*,#3245,.F.);
#2066=ORIENTED_EDGE('',*,*,#3415,.T.);
#2067=ORIENTED_EDGE('',*,*,#3319,.F.);
#2068=ORIENTED_EDGE('',*,*,#3416,.F.);
#2069=ORIENTED_EDGE('',*,*,#3242,.F.);
#2070=ORIENTED_EDGE('',*,*,#3414,.T.);
#2071=ORIENTED_EDGE('',*,*,#3279,.F.);
#2072=ORIENTED_EDGE('',*,*,#3417,.F.);
#2073=ORIENTED_EDGE('',*,*,#3317,.F.);
#2074=ORIENTED_EDGE('',*,*,#3416,.T.);
#2075=ORIENTED_EDGE('',*,*,#3318,.F.);
#2076=ORIENTED_EDGE('',*,*,#3417,.T.);
#2077=ORIENTED_EDGE('',*,*,#3239,.F.);
#2078=ORIENTED_EDGE('',*,*,#3418,.F.);
#2079=ORIENTED_EDGE('',*,*,#3253,.F.);
#2080=ORIENTED_EDGE('',*,*,#3419,.F.);
#2081=ORIENTED_EDGE('',*,*,#3303,.F.);
#2082=ORIENTED_EDGE('',*,*,#3419,.T.);
#2083=ORIENTED_EDGE('',*,*,#3250,.F.);
#2084=ORIENTED_EDGE('',*,*,#3420,.F.);
#2085=ORIENTED_EDGE('',*,*,#3300,.F.);
#2086=ORIENTED_EDGE('',*,*,#3418,.T.);
#2087=ORIENTED_EDGE('',*,*,#3302,.F.);
#2088=ORIENTED_EDGE('',*,*,#3421,.F.);
#2089=ORIENTED_EDGE('',*,*,#3280,.F.);
#2090=ORIENTED_EDGE('',*,*,#3420,.T.);
#2091=ORIENTED_EDGE('',*,*,#3247,.F.);
#2092=ORIENTED_EDGE('',*,*,#3421,.T.);
#2093=ORIENTED_EDGE('',*,*,#3301,.F.);
#2094=ORIENTED_EDGE('',*,*,#3422,.F.);
#2095=ORIENTED_EDGE('',*,*,#3324,.F.);
#2096=ORIENTED_EDGE('',*,*,#3423,.F.);
#2097=ORIENTED_EDGE('',*,*,#3255,.F.);
#2098=ORIENTED_EDGE('',*,*,#3423,.T.);
#2099=ORIENTED_EDGE('',*,*,#3323,.F.);
#2100=ORIENTED_EDGE('',*,*,#3424,.F.);
#2101=ORIENTED_EDGE('',*,*,#3252,.F.);
#2102=ORIENTED_EDGE('',*,*,#3422,.T.);
#2103=ORIENTED_EDGE('',*,*,#3281,.F.);
#2104=ORIENTED_EDGE('',*,*,#3425,.F.);
#2105=ORIENTED_EDGE('',*,*,#3321,.F.);
#2106=ORIENTED_EDGE('',*,*,#3424,.T.);
#2107=ORIENTED_EDGE('',*,*,#3322,.F.);
#2108=ORIENTED_EDGE('',*,*,#3425,.T.);
#2109=ORIENTED_EDGE('',*,*,#3249,.F.);
#2110=ORIENTED_EDGE('',*,*,#3426,.F.);
#2111=ORIENTED_EDGE('',*,*,#3263,.F.);
#2112=ORIENTED_EDGE('',*,*,#3427,.F.);
#2113=ORIENTED_EDGE('',*,*,#3307,.F.);
#2114=ORIENTED_EDGE('',*,*,#3427,.T.);
#2115=ORIENTED_EDGE('',*,*,#3260,.F.);
#2116=ORIENTED_EDGE('',*,*,#3428,.F.);
#2117=ORIENTED_EDGE('',*,*,#3304,.F.);
#2118=ORIENTED_EDGE('',*,*,#3426,.T.);
#2119=ORIENTED_EDGE('',*,*,#3306,.F.);
#2120=ORIENTED_EDGE('',*,*,#3429,.F.);
#2121=ORIENTED_EDGE('',*,*,#3282,.F.);
#2122=ORIENTED_EDGE('',*,*,#3428,.T.);
#2123=ORIENTED_EDGE('',*,*,#3257,.F.);
#2124=ORIENTED_EDGE('',*,*,#3429,.T.);
#2125=ORIENTED_EDGE('',*,*,#3305,.F.);
#2126=ORIENTED_EDGE('',*,*,#3430,.F.);
#2127=ORIENTED_EDGE('',*,*,#3328,.F.);
#2128=ORIENTED_EDGE('',*,*,#3431,.F.);
#2129=ORIENTED_EDGE('',*,*,#3265,.F.);
#2130=ORIENTED_EDGE('',*,*,#3431,.T.);
#2131=ORIENTED_EDGE('',*,*,#3327,.F.);
#2132=ORIENTED_EDGE('',*,*,#3432,.F.);
#2133=ORIENTED_EDGE('',*,*,#3262,.F.);
#2134=ORIENTED_EDGE('',*,*,#3430,.T.);
#2135=ORIENTED_EDGE('',*,*,#3283,.F.);
#2136=ORIENTED_EDGE('',*,*,#3433,.F.);
#2137=ORIENTED_EDGE('',*,*,#3325,.F.);
#2138=ORIENTED_EDGE('',*,*,#3432,.T.);
#2139=ORIENTED_EDGE('',*,*,#3326,.F.);
#2140=ORIENTED_EDGE('',*,*,#3433,.T.);
#2141=ORIENTED_EDGE('',*,*,#3259,.F.);
#2142=ORIENTED_EDGE('',*,*,#3286,.F.);
#2143=ORIENTED_EDGE('',*,*,#3308,.F.);
#2144=ORIENTED_EDGE('',*,*,#3329,.F.);
#2145=ORIENTED_EDGE('',*,*,#3287,.F.);
#2146=ORIENTED_EDGE('',*,*,#3434,.F.);
#2147=ORIENTED_EDGE('',*,*,#3435,.T.);
#2148=ORIENTED_EDGE('',*,*,#3436,.T.);
#2149=ORIENTED_EDGE('',*,*,#3437,.T.);
#2150=ORIENTED_EDGE('',*,*,#3438,.T.);
#2151=ORIENTED_EDGE('',*,*,#3439,.F.);
#2152=ORIENTED_EDGE('',*,*,#3440,.T.);
#2153=ORIENTED_EDGE('',*,*,#3441,.T.);
#2154=ORIENTED_EDGE('',*,*,#3442,.T.);
#2155=ORIENTED_EDGE('',*,*,#3443,.T.);
#2156=ORIENTED_EDGE('',*,*,#3444,.T.);
#2157=ORIENTED_EDGE('',*,*,#3445,.T.);
#2158=ORIENTED_EDGE('',*,*,#3446,.F.);
#2159=ORIENTED_EDGE('',*,*,#3447,.F.);
#2160=ORIENTED_EDGE('',*,*,#3448,.F.);
#2161=ORIENTED_EDGE('',*,*,#3449,.T.);
#2162=ORIENTED_EDGE('',*,*,#3450,.T.);
#2163=ORIENTED_EDGE('',*,*,#3446,.T.);
#2164=ORIENTED_EDGE('',*,*,#3451,.T.);
#2165=ORIENTED_EDGE('',*,*,#3452,.T.);
#2166=ORIENTED_EDGE('',*,*,#3453,.F.);
#2167=ORIENTED_EDGE('',*,*,#3454,.F.);
#2168=ORIENTED_EDGE('',*,*,#3455,.F.);
#2169=ORIENTED_EDGE('',*,*,#3456,.F.);
#2170=ORIENTED_EDGE('',*,*,#3457,.T.);
#2171=ORIENTED_EDGE('',*,*,#3458,.T.);
#2172=ORIENTED_EDGE('',*,*,#3459,.F.);
#2173=ORIENTED_EDGE('',*,*,#3454,.T.);
#2174=ORIENTED_EDGE('',*,*,#3460,.T.);
#2175=ORIENTED_EDGE('',*,*,#3461,.T.);
#2176=ORIENTED_EDGE('',*,*,#3462,.T.);
#2177=ORIENTED_EDGE('',*,*,#3463,.F.);
#2178=ORIENTED_EDGE('',*,*,#3464,.F.);
#2179=ORIENTED_EDGE('',*,*,#3465,.T.);
#2180=ORIENTED_EDGE('',*,*,#3466,.T.);
#2181=ORIENTED_EDGE('',*,*,#3436,.F.);
#2182=ORIENTED_EDGE('',*,*,#3467,.T.);
#2183=ORIENTED_EDGE('',*,*,#3456,.T.);
#2184=ORIENTED_EDGE('',*,*,#3468,.T.);
#2185=ORIENTED_EDGE('',*,*,#3439,.T.);
#2186=ORIENTED_EDGE('',*,*,#3469,.T.);
#2187=ORIENTED_EDGE('',*,*,#3470,.F.);
#2188=ORIENTED_EDGE('',*,*,#3471,.T.);
#2189=ORIENTED_EDGE('',*,*,#3472,.T.);
#2190=ORIENTED_EDGE('',*,*,#3473,.T.);
#2191=ORIENTED_EDGE('',*,*,#3474,.F.);
#2192=ORIENTED_EDGE('',*,*,#3475,.F.);
#2193=ORIENTED_EDGE('',*,*,#3463,.T.);
#2194=ORIENTED_EDGE('',*,*,#3476,.T.);
#2195=ORIENTED_EDGE('',*,*,#3477,.T.);
#2196=ORIENTED_EDGE('',*,*,#3478,.T.);
#2197=ORIENTED_EDGE('',*,*,#3479,.T.);
#2198=ORIENTED_EDGE('',*,*,#3480,.T.);
#2199=ORIENTED_EDGE('',*,*,#3481,.T.);
#2200=ORIENTED_EDGE('',*,*,#3482,.T.);
#2201=ORIENTED_EDGE('',*,*,#3483,.F.);
#2202=ORIENTED_EDGE('',*,*,#3465,.F.);
#2203=ORIENTED_EDGE('',*,*,#3484,.T.);
#2204=ORIENTED_EDGE('',*,*,#3485,.T.);
#2205=ORIENTED_EDGE('',*,*,#3486,.F.);
#2206=ORIENTED_EDGE('',*,*,#3487,.T.);
#2207=ORIENTED_EDGE('',*,*,#3488,.T.);
#2208=ORIENTED_EDGE('',*,*,#3470,.T.);
#2209=ORIENTED_EDGE('',*,*,#3489,.T.);
#2210=ORIENTED_EDGE('',*,*,#3490,.T.);
#2211=ORIENTED_EDGE('',*,*,#3491,.F.);
#2212=ORIENTED_EDGE('',*,*,#3492,.F.);
#2213=ORIENTED_EDGE('',*,*,#3493,.T.);
#2214=ORIENTED_EDGE('',*,*,#3494,.F.);
#2215=ORIENTED_EDGE('',*,*,#3495,.T.);
#2216=ORIENTED_EDGE('',*,*,#3496,.T.);
#2217=ORIENTED_EDGE('',*,*,#3492,.T.);
#2218=ORIENTED_EDGE('',*,*,#3497,.F.);
#2219=ORIENTED_EDGE('',*,*,#3498,.T.);
#2220=ORIENTED_EDGE('',*,*,#3499,.T.);
#2221=ORIENTED_EDGE('',*,*,#3444,.F.);
#2222=ORIENTED_EDGE('',*,*,#3500,.T.);
#2223=ORIENTED_EDGE('',*,*,#3501,.T.);
#2224=ORIENTED_EDGE('',*,*,#3460,.F.);
#2225=ORIENTED_EDGE('',*,*,#3453,.T.);
#2226=ORIENTED_EDGE('',*,*,#3502,.T.);
#2227=ORIENTED_EDGE('',*,*,#3448,.T.);
#2228=ORIENTED_EDGE('',*,*,#3445,.F.);
#2229=ORIENTED_EDGE('',*,*,#3499,.F.);
#2230=ORIENTED_EDGE('',*,*,#3503,.T.);
#2231=ORIENTED_EDGE('',*,*,#3494,.T.);
#2232=ORIENTED_EDGE('',*,*,#3491,.T.);
#2233=ORIENTED_EDGE('',*,*,#3504,.T.);
#2234=ORIENTED_EDGE('',*,*,#3505,.T.);
#2235=ORIENTED_EDGE('',*,*,#3506,.T.);
#2236=ORIENTED_EDGE('',*,*,#3500,.F.);
#2237=ORIENTED_EDGE('',*,*,#3507,.T.);
#2238=ORIENTED_EDGE('',*,*,#3441,.F.);
#2239=ORIENTED_EDGE('',*,*,#3483,.T.);
#2240=ORIENTED_EDGE('',*,*,#3508,.T.);
#2241=ORIENTED_EDGE('',*,*,#3476,.F.);
#2242=ORIENTED_EDGE('',*,*,#3466,.F.);
#2243=ORIENTED_EDGE('',*,*,#3509,.T.);
#2244=ORIENTED_EDGE('',*,*,#3510,.T.);
#2245=ORIENTED_EDGE('',*,*,#3511,.T.);
#2246=ORIENTED_EDGE('',*,*,#3434,.T.);
#2247=ORIENTED_EDGE('',*,*,#3512,.T.);
#2248=ORIENTED_EDGE('',*,*,#3459,.T.);
#2249=ORIENTED_EDGE('',*,*,#3513,.T.);
#2250=ORIENTED_EDGE('',*,*,#3509,.F.);
#2251=ORIENTED_EDGE('',*,*,#3514,.T.);
#2252=ORIENTED_EDGE('',*,*,#3493,.F.);
#2253=ORIENTED_EDGE('',*,*,#3496,.F.);
#2254=ORIENTED_EDGE('',*,*,#3515,.T.);
#2255=ORIENTED_EDGE('',*,*,#3497,.T.);
#2256=ORIENTED_EDGE('',*,*,#3447,.T.);
#2257=ORIENTED_EDGE('',*,*,#3450,.F.);
#2258=ORIENTED_EDGE('',*,*,#3516,.T.);
#2259=ORIENTED_EDGE('',*,*,#3451,.F.);
#2260=ORIENTED_EDGE('',*,*,#3475,.T.);
#2261=ORIENTED_EDGE('',*,*,#3517,.T.);
#2262=ORIENTED_EDGE('',*,*,#3484,.F.);
#2263=ORIENTED_EDGE('',*,*,#3464,.T.);
#2264=ORIENTED_EDGE('',*,*,#3486,.T.);
#2265=ORIENTED_EDGE('',*,*,#3455,.T.);
#2266=ORIENTED_EDGE('',*,*,#3513,.F.);
#2267=ORIENTED_EDGE('',*,*,#3458,.F.);
#2268=ORIENTED_EDGE('',*,*,#3518,.F.);
#2269=ORIENTED_EDGE('',*,*,#3510,.F.);
#2270=ORIENTED_EDGE('',*,*,#3518,.T.);
#2271=ORIENTED_EDGE('',*,*,#3457,.F.);
#2272=ORIENTED_EDGE('',*,*,#3467,.F.);
#2273=ORIENTED_EDGE('',*,*,#3435,.F.);
#2274=ORIENTED_EDGE('',*,*,#3511,.F.);
#2275=ORIENTED_EDGE('',*,*,#3506,.F.);
#2276=ORIENTED_EDGE('',*,*,#3519,.F.);
#2277=ORIENTED_EDGE('',*,*,#3461,.F.);
#2278=ORIENTED_EDGE('',*,*,#3501,.F.);
#2279=ORIENTED_EDGE('',*,*,#3505,.F.);
#2280=ORIENTED_EDGE('',*,*,#3440,.F.);
#2281=ORIENTED_EDGE('',*,*,#3468,.F.);
#2282=ORIENTED_EDGE('',*,*,#3462,.F.);
#2283=ORIENTED_EDGE('',*,*,#3519,.T.);
#2284=ORIENTED_EDGE('',*,*,#3512,.F.);
#2285=ORIENTED_EDGE('',*,*,#3438,.F.);
#2286=ORIENTED_EDGE('',*,*,#3520,.F.);
#2287=ORIENTED_EDGE('',*,*,#3487,.F.);
#2288=ORIENTED_EDGE('',*,*,#3514,.F.);
#2289=ORIENTED_EDGE('',*,*,#3520,.T.);
#2290=ORIENTED_EDGE('',*,*,#3437,.F.);
#2291=ORIENTED_EDGE('',*,*,#3471,.F.);
#2292=ORIENTED_EDGE('',*,*,#3488,.F.);
#2293=ORIENTED_EDGE('',*,*,#3504,.F.);
#2294=ORIENTED_EDGE('',*,*,#3490,.F.);
#2295=ORIENTED_EDGE('',*,*,#3521,.F.);
#2296=ORIENTED_EDGE('',*,*,#3442,.F.);
#2297=ORIENTED_EDGE('',*,*,#3507,.F.);
#2298=ORIENTED_EDGE('',*,*,#3521,.T.);
#2299=ORIENTED_EDGE('',*,*,#3489,.F.);
#2300=ORIENTED_EDGE('',*,*,#3469,.F.);
#2301=ORIENTED_EDGE('',*,*,#3443,.F.);
#2302=ORIENTED_EDGE('',*,*,#3516,.F.);
#2303=ORIENTED_EDGE('',*,*,#3449,.F.);
#2304=ORIENTED_EDGE('',*,*,#3502,.F.);
#2305=ORIENTED_EDGE('',*,*,#3452,.F.);
#2306=ORIENTED_EDGE('',*,*,#3515,.F.);
#2307=ORIENTED_EDGE('',*,*,#3495,.F.);
#2308=ORIENTED_EDGE('',*,*,#3503,.F.);
#2309=ORIENTED_EDGE('',*,*,#3498,.F.);
#2310=ORIENTED_EDGE('',*,*,#3522,.F.);
#2311=ORIENTED_EDGE('',*,*,#3480,.F.);
#2312=ORIENTED_EDGE('',*,*,#3523,.F.);
#2313=ORIENTED_EDGE('',*,*,#3485,.F.);
#2314=ORIENTED_EDGE('',*,*,#3517,.F.);
#2315=ORIENTED_EDGE('',*,*,#3474,.T.);
#2316=ORIENTED_EDGE('',*,*,#3523,.T.);
#2317=ORIENTED_EDGE('',*,*,#3479,.F.);
#2318=ORIENTED_EDGE('',*,*,#3524,.F.);
#2319=ORIENTED_EDGE('',*,*,#3481,.F.);
#2320=ORIENTED_EDGE('',*,*,#3522,.T.);
#2321=ORIENTED_EDGE('',*,*,#3473,.F.);
#2322=ORIENTED_EDGE('',*,*,#3525,.F.);
#2323=ORIENTED_EDGE('',*,*,#3477,.F.);
#2324=ORIENTED_EDGE('',*,*,#3524,.T.);
#2325=ORIENTED_EDGE('',*,*,#3478,.F.);
#2326=ORIENTED_EDGE('',*,*,#3525,.T.);
#2327=ORIENTED_EDGE('',*,*,#3472,.F.);
#2328=ORIENTED_EDGE('',*,*,#3508,.F.);
#2329=ORIENTED_EDGE('',*,*,#3482,.F.);
#2330=ORIENTED_EDGE('',*,*,#3526,.F.);
#2331=ORIENTED_EDGE('',*,*,#3527,.F.);
#2332=ORIENTED_EDGE('',*,*,#3528,.F.);
#2333=ORIENTED_EDGE('',*,*,#3529,.T.);
#2334=ORIENTED_EDGE('',*,*,#3530,.T.);
#2335=ORIENTED_EDGE('',*,*,#3531,.T.);
#2336=ORIENTED_EDGE('',*,*,#3532,.T.);
#2337=ORIENTED_EDGE('',*,*,#3533,.F.);
#2338=ORIENTED_EDGE('',*,*,#3534,.T.);
#2339=ORIENTED_EDGE('',*,*,#3533,.T.);
#2340=ORIENTED_EDGE('',*,*,#3535,.T.);
#2341=ORIENTED_EDGE('',*,*,#3536,.F.);
#2342=ORIENTED_EDGE('',*,*,#3537,.F.);
#2343=ORIENTED_EDGE('',*,*,#3538,.T.);
#2344=ORIENTED_EDGE('',*,*,#3539,.T.);
#2345=ORIENTED_EDGE('',*,*,#3540,.F.);
#2346=ORIENTED_EDGE('',*,*,#3541,.T.);
#2347=ORIENTED_EDGE('',*,*,#3540,.T.);
#2348=ORIENTED_EDGE('',*,*,#3542,.T.);
#2349=ORIENTED_EDGE('',*,*,#3543,.F.);
#2350=ORIENTED_EDGE('',*,*,#3544,.F.);
#2351=ORIENTED_EDGE('',*,*,#3545,.T.);
#2352=ORIENTED_EDGE('',*,*,#3546,.T.);
#2353=ORIENTED_EDGE('',*,*,#3547,.F.);
#2354=ORIENTED_EDGE('',*,*,#3548,.T.);
#2355=ORIENTED_EDGE('',*,*,#3547,.T.);
#2356=ORIENTED_EDGE('',*,*,#3549,.T.);
#2357=ORIENTED_EDGE('',*,*,#3550,.F.);
#2358=ORIENTED_EDGE('',*,*,#3551,.F.);
#2359=ORIENTED_EDGE('',*,*,#3552,.T.);
#2360=ORIENTED_EDGE('',*,*,#3553,.T.);
#2361=ORIENTED_EDGE('',*,*,#3554,.F.);
#2362=ORIENTED_EDGE('',*,*,#3555,.T.);
#2363=ORIENTED_EDGE('',*,*,#3554,.T.);
#2364=ORIENTED_EDGE('',*,*,#3556,.T.);
#2365=ORIENTED_EDGE('',*,*,#3557,.F.);
#2366=ORIENTED_EDGE('',*,*,#3558,.F.);
#2367=ORIENTED_EDGE('',*,*,#3559,.T.);
#2368=ORIENTED_EDGE('',*,*,#3560,.T.);
#2369=ORIENTED_EDGE('',*,*,#3561,.F.);
#2370=ORIENTED_EDGE('',*,*,#3562,.T.);
#2371=ORIENTED_EDGE('',*,*,#3561,.T.);
#2372=ORIENTED_EDGE('',*,*,#3563,.T.);
#2373=ORIENTED_EDGE('',*,*,#3564,.F.);
#2374=ORIENTED_EDGE('',*,*,#3565,.F.);
#2375=ORIENTED_EDGE('',*,*,#3566,.T.);
#2376=ORIENTED_EDGE('',*,*,#3567,.T.);
#2377=ORIENTED_EDGE('',*,*,#3568,.F.);
#2378=ORIENTED_EDGE('',*,*,#3569,.T.);
#2379=ORIENTED_EDGE('',*,*,#3568,.T.);
#2380=ORIENTED_EDGE('',*,*,#3570,.T.);
#2381=ORIENTED_EDGE('',*,*,#3571,.F.);
#2382=ORIENTED_EDGE('',*,*,#3572,.F.);
#2383=ORIENTED_EDGE('',*,*,#3573,.T.);
#2384=ORIENTED_EDGE('',*,*,#3574,.T.);
#2385=ORIENTED_EDGE('',*,*,#3536,.T.);
#2386=ORIENTED_EDGE('',*,*,#3575,.T.);
#2387=ORIENTED_EDGE('',*,*,#3531,.F.);
#2388=ORIENTED_EDGE('',*,*,#3576,.T.);
#2389=ORIENTED_EDGE('',*,*,#3543,.T.);
#2390=ORIENTED_EDGE('',*,*,#3577,.T.);
#2391=ORIENTED_EDGE('',*,*,#3538,.F.);
#2392=ORIENTED_EDGE('',*,*,#3578,.T.);
#2393=ORIENTED_EDGE('',*,*,#3550,.T.);
#2394=ORIENTED_EDGE('',*,*,#3579,.T.);
#2395=ORIENTED_EDGE('',*,*,#3545,.F.);
#2396=ORIENTED_EDGE('',*,*,#3580,.T.);
#2397=ORIENTED_EDGE('',*,*,#3557,.T.);
#2398=ORIENTED_EDGE('',*,*,#3581,.T.);
#2399=ORIENTED_EDGE('',*,*,#3552,.F.);
#2400=ORIENTED_EDGE('',*,*,#3582,.T.);
#2401=ORIENTED_EDGE('',*,*,#3564,.T.);
#2402=ORIENTED_EDGE('',*,*,#3583,.T.);
#2403=ORIENTED_EDGE('',*,*,#3559,.F.);
#2404=ORIENTED_EDGE('',*,*,#3584,.T.);
#2405=ORIENTED_EDGE('',*,*,#3571,.T.);
#2406=ORIENTED_EDGE('',*,*,#3585,.T.);
#2407=ORIENTED_EDGE('',*,*,#3566,.F.);
#2408=ORIENTED_EDGE('',*,*,#3586,.T.);
#2409=ORIENTED_EDGE('',*,*,#3587,.F.);
#2410=ORIENTED_EDGE('',*,*,#3588,.T.);
#2411=ORIENTED_EDGE('',*,*,#3589,.T.);
#2412=ORIENTED_EDGE('',*,*,#3590,.F.);
#2413=ORIENTED_EDGE('',*,*,#3569,.F.);
#2414=ORIENTED_EDGE('',*,*,#3572,.T.);
#2415=ORIENTED_EDGE('',*,*,#3586,.F.);
#2416=ORIENTED_EDGE('',*,*,#3562,.F.);
#2417=ORIENTED_EDGE('',*,*,#3565,.T.);
#2418=ORIENTED_EDGE('',*,*,#3584,.F.);
#2419=ORIENTED_EDGE('',*,*,#3555,.F.);
#2420=ORIENTED_EDGE('',*,*,#3558,.T.);
#2421=ORIENTED_EDGE('',*,*,#3582,.F.);
#2422=ORIENTED_EDGE('',*,*,#3548,.F.);
#2423=ORIENTED_EDGE('',*,*,#3551,.T.);
#2424=ORIENTED_EDGE('',*,*,#3580,.F.);
#2425=ORIENTED_EDGE('',*,*,#3541,.F.);
#2426=ORIENTED_EDGE('',*,*,#3544,.T.);
#2427=ORIENTED_EDGE('',*,*,#3578,.F.);
#2428=ORIENTED_EDGE('',*,*,#3534,.F.);
#2429=ORIENTED_EDGE('',*,*,#3537,.T.);
#2430=ORIENTED_EDGE('',*,*,#3576,.F.);
#2431=ORIENTED_EDGE('',*,*,#3574,.F.);
#2432=ORIENTED_EDGE('',*,*,#3591,.T.);
#2433=ORIENTED_EDGE('',*,*,#3592,.T.);
#2434=ORIENTED_EDGE('',*,*,#3593,.T.);
#2435=ORIENTED_EDGE('',*,*,#3594,.T.);
#2436=ORIENTED_EDGE('',*,*,#3595,.T.);
#2437=ORIENTED_EDGE('',*,*,#3596,.T.);
#2438=ORIENTED_EDGE('',*,*,#3597,.T.);
#2439=ORIENTED_EDGE('',*,*,#3598,.T.);
#2440=ORIENTED_EDGE('',*,*,#3599,.T.);
#2441=ORIENTED_EDGE('',*,*,#3600,.T.);
#2442=ORIENTED_EDGE('',*,*,#3601,.T.);
#2443=ORIENTED_EDGE('',*,*,#3602,.T.);
#2444=ORIENTED_EDGE('',*,*,#3603,.T.);
#2445=ORIENTED_EDGE('',*,*,#3604,.T.);
#2446=ORIENTED_EDGE('',*,*,#3605,.T.);
#2447=ORIENTED_EDGE('',*,*,#3606,.T.);
#2448=ORIENTED_EDGE('',*,*,#3607,.T.);
#2449=ORIENTED_EDGE('',*,*,#3608,.T.);
#2450=ORIENTED_EDGE('',*,*,#3609,.T.);
#2451=ORIENTED_EDGE('',*,*,#3610,.T.);
#2452=ORIENTED_EDGE('',*,*,#3611,.F.);
#2453=ORIENTED_EDGE('',*,*,#3587,.T.);
#2454=ORIENTED_EDGE('',*,*,#3612,.T.);
#2455=ORIENTED_EDGE('',*,*,#3613,.T.);
#2456=ORIENTED_EDGE('',*,*,#3614,.F.);
#2457=ORIENTED_EDGE('',*,*,#3613,.F.);
#2458=ORIENTED_EDGE('',*,*,#3615,.T.);
#2459=ORIENTED_EDGE('',*,*,#3616,.F.);
#2460=ORIENTED_EDGE('',*,*,#3617,.F.);
#2461=ORIENTED_EDGE('',*,*,#3616,.T.);
#2462=ORIENTED_EDGE('',*,*,#3618,.T.);
#2463=ORIENTED_EDGE('',*,*,#3619,.T.);
#2464=ORIENTED_EDGE('',*,*,#3620,.T.);
#2465=ORIENTED_EDGE('',*,*,#3620,.F.);
#2466=ORIENTED_EDGE('',*,*,#3526,.T.);
#2467=ORIENTED_EDGE('',*,*,#3621,.F.);
#2468=ORIENTED_EDGE('',*,*,#3529,.F.);
#2469=ORIENTED_EDGE('',*,*,#3622,.T.);
#2470=ORIENTED_EDGE('',*,*,#3589,.F.);
#2471=ORIENTED_EDGE('',*,*,#3610,.F.);
#2472=ORIENTED_EDGE('',*,*,#3573,.F.);
#2473=ORIENTED_EDGE('',*,*,#3591,.F.);
#2474=ORIENTED_EDGE('',*,*,#3623,.F.);
#2475=ORIENTED_EDGE('',*,*,#3539,.F.);
#2476=ORIENTED_EDGE('',*,*,#3624,.F.);
#2477=ORIENTED_EDGE('',*,*,#3594,.F.);
#2478=ORIENTED_EDGE('',*,*,#3624,.T.);
#2479=ORIENTED_EDGE('',*,*,#3577,.F.);
#2480=ORIENTED_EDGE('',*,*,#3625,.F.);
#2481=ORIENTED_EDGE('',*,*,#3592,.F.);
#2482=ORIENTED_EDGE('',*,*,#3623,.T.);
#2483=ORIENTED_EDGE('',*,*,#3593,.F.);
#2484=ORIENTED_EDGE('',*,*,#3625,.T.);
#2485=ORIENTED_EDGE('',*,*,#3542,.F.);
#2486=ORIENTED_EDGE('',*,*,#3626,.F.);
#2487=ORIENTED_EDGE('',*,*,#3567,.F.);
#2488=ORIENTED_EDGE('',*,*,#3627,.F.);
#2489=ORIENTED_EDGE('',*,*,#3597,.F.);
#2490=ORIENTED_EDGE('',*,*,#3627,.T.);
#2491=ORIENTED_EDGE('',*,*,#3585,.F.);
#2492=ORIENTED_EDGE('',*,*,#3628,.F.);
#2493=ORIENTED_EDGE('',*,*,#3595,.F.);
#2494=ORIENTED_EDGE('',*,*,#3626,.T.);
#2495=ORIENTED_EDGE('',*,*,#3596,.F.);
#2496=ORIENTED_EDGE('',*,*,#3628,.T.);
#2497=ORIENTED_EDGE('',*,*,#3570,.F.);
#2498=ORIENTED_EDGE('',*,*,#3629,.F.);
#2499=ORIENTED_EDGE('',*,*,#3560,.F.);
#2500=ORIENTED_EDGE('',*,*,#3630,.F.);
#2501=ORIENTED_EDGE('',*,*,#3600,.F.);
#2502=ORIENTED_EDGE('',*,*,#3630,.T.);
#2503=ORIENTED_EDGE('',*,*,#3583,.F.);
#2504=ORIENTED_EDGE('',*,*,#3631,.F.);
#2505=ORIENTED_EDGE('',*,*,#3598,.F.);
#2506=ORIENTED_EDGE('',*,*,#3629,.T.);
#2507=ORIENTED_EDGE('',*,*,#3599,.F.);
#2508=ORIENTED_EDGE('',*,*,#3631,.T.);
#2509=ORIENTED_EDGE('',*,*,#3563,.F.);
#2510=ORIENTED_EDGE('',*,*,#3632,.F.);
#2511=ORIENTED_EDGE('',*,*,#3601,.F.);
#2512=ORIENTED_EDGE('',*,*,#3633,.F.);
#2513=ORIENTED_EDGE('',*,*,#3556,.F.);
#2514=ORIENTED_EDGE('',*,*,#3633,.T.);
#2515=ORIENTED_EDGE('',*,*,#3603,.F.);
#2516=ORIENTED_EDGE('',*,*,#3634,.F.);
#2517=ORIENTED_EDGE('',*,*,#3581,.F.);
#2518=ORIENTED_EDGE('',*,*,#3632,.T.);
#2519=ORIENTED_EDGE('',*,*,#3553,.F.);
#2520=ORIENTED_EDGE('',*,*,#3634,.T.);
#2521=ORIENTED_EDGE('',*,*,#3602,.F.);
#2522=ORIENTED_EDGE('',*,*,#3635,.F.);
#2523=ORIENTED_EDGE('',*,*,#3546,.F.);
#2524=ORIENTED_EDGE('',*,*,#3636,.F.);
#2525=ORIENTED_EDGE('',*,*,#3606,.F.);
#2526=ORIENTED_EDGE('',*,*,#3636,.T.);
#2527=ORIENTED_EDGE('',*,*,#3579,.F.);
#2528=ORIENTED_EDGE('',*,*,#3637,.F.);
#2529=ORIENTED_EDGE('',*,*,#3604,.F.);
#2530=ORIENTED_EDGE('',*,*,#3635,.T.);
#2531=ORIENTED_EDGE('',*,*,#3605,.F.);
#2532=ORIENTED_EDGE('',*,*,#3637,.T.);
#2533=ORIENTED_EDGE('',*,*,#3549,.F.);
#2534=ORIENTED_EDGE('',*,*,#3638,.F.);
#2535=ORIENTED_EDGE('',*,*,#3532,.F.);
#2536=ORIENTED_EDGE('',*,*,#3639,.F.);
#2537=ORIENTED_EDGE('',*,*,#3609,.F.);
#2538=ORIENTED_EDGE('',*,*,#3639,.T.);
#2539=ORIENTED_EDGE('',*,*,#3575,.F.);
#2540=ORIENTED_EDGE('',*,*,#3640,.F.);
#2541=ORIENTED_EDGE('',*,*,#3607,.F.);
#2542=ORIENTED_EDGE('',*,*,#3638,.T.);
#2543=ORIENTED_EDGE('',*,*,#3608,.F.);
#2544=ORIENTED_EDGE('',*,*,#3640,.T.);
#2545=ORIENTED_EDGE('',*,*,#3535,.F.);
#2546=ORIENTED_EDGE('',*,*,#3527,.T.);
#2547=ORIENTED_EDGE('',*,*,#3641,.F.);
#2548=ORIENTED_EDGE('',*,*,#3619,.F.);
#2549=ORIENTED_EDGE('',*,*,#3642,.T.);
#2550=ORIENTED_EDGE('',*,*,#3611,.T.);
#2551=ORIENTED_EDGE('',*,*,#3614,.T.);
#2552=ORIENTED_EDGE('',*,*,#3617,.T.);
#2553=ORIENTED_EDGE('',*,*,#3641,.T.);
#2554=ORIENTED_EDGE('',*,*,#3530,.F.);
#2555=ORIENTED_EDGE('',*,*,#3621,.T.);
#2556=ORIENTED_EDGE('',*,*,#3588,.F.);
#2557=ORIENTED_EDGE('',*,*,#3590,.T.);
#2558=ORIENTED_EDGE('',*,*,#3622,.F.);
#2559=ORIENTED_EDGE('',*,*,#3528,.T.);
#2560=ORIENTED_EDGE('',*,*,#3642,.F.);
#2561=ORIENTED_EDGE('',*,*,#3618,.F.);
#2562=ORIENTED_EDGE('',*,*,#3615,.F.);
#2563=ORIENTED_EDGE('',*,*,#3612,.F.);
#2564=ORIENTED_EDGE('',*,*,#3643,.F.);
#2565=ORIENTED_EDGE('',*,*,#3644,.F.);
#2566=ORIENTED_EDGE('',*,*,#3645,.T.);
#2567=ORIENTED_EDGE('',*,*,#3646,.T.);
#2568=ORIENTED_EDGE('',*,*,#3647,.T.);
#2569=ORIENTED_EDGE('',*,*,#3648,.F.);
#2570=ORIENTED_EDGE('',*,*,#3649,.F.);
#2571=ORIENTED_EDGE('',*,*,#3644,.T.);
#2572=ORIENTED_EDGE('',*,*,#3650,.T.);
#2573=ORIENTED_EDGE('',*,*,#3651,.F.);
#2574=ORIENTED_EDGE('',*,*,#3652,.F.);
#2575=ORIENTED_EDGE('',*,*,#3648,.T.);
#2576=ORIENTED_EDGE('',*,*,#3653,.T.);
#2577=ORIENTED_EDGE('',*,*,#3654,.F.);
#2578=ORIENTED_EDGE('',*,*,#3655,.F.);
#2579=ORIENTED_EDGE('',*,*,#3651,.T.);
#2580=ORIENTED_EDGE('',*,*,#3656,.F.);
#2581=ORIENTED_EDGE('',*,*,#3657,.F.);
#2582=ORIENTED_EDGE('',*,*,#3658,.T.);
#2583=ORIENTED_EDGE('',*,*,#3654,.T.);
#2584=ORIENTED_EDGE('',*,*,#3659,.F.);
#2585=ORIENTED_EDGE('',*,*,#3660,.F.);
#2586=ORIENTED_EDGE('',*,*,#3661,.T.);
#2587=ORIENTED_EDGE('',*,*,#3657,.T.);
#2588=ORIENTED_EDGE('',*,*,#3662,.F.);
#2589=ORIENTED_EDGE('',*,*,#3663,.F.);
#2590=ORIENTED_EDGE('',*,*,#3664,.T.);
#2591=ORIENTED_EDGE('',*,*,#3660,.T.);
#2592=ORIENTED_EDGE('',*,*,#3665,.F.);
#2593=ORIENTED_EDGE('',*,*,#3666,.F.);
#2594=ORIENTED_EDGE('',*,*,#3667,.T.);
#2595=ORIENTED_EDGE('',*,*,#3663,.T.);
#2596=ORIENTED_EDGE('',*,*,#3668,.F.);
#2597=ORIENTED_EDGE('',*,*,#3669,.F.);
#2598=ORIENTED_EDGE('',*,*,#3670,.T.);
#2599=ORIENTED_EDGE('',*,*,#3666,.T.);
#2600=ORIENTED_EDGE('',*,*,#3671,.T.);
#2601=ORIENTED_EDGE('',*,*,#3672,.F.);
#2602=ORIENTED_EDGE('',*,*,#3673,.F.);
#2603=ORIENTED_EDGE('',*,*,#3669,.T.);
#2604=ORIENTED_EDGE('',*,*,#3674,.T.);
#2605=ORIENTED_EDGE('',*,*,#3675,.F.);
#2606=ORIENTED_EDGE('',*,*,#3676,.F.);
#2607=ORIENTED_EDGE('',*,*,#3672,.T.);
#2608=ORIENTED_EDGE('',*,*,#3677,.T.);
#2609=ORIENTED_EDGE('',*,*,#3678,.F.);
#2610=ORIENTED_EDGE('',*,*,#3679,.F.);
#2611=ORIENTED_EDGE('',*,*,#3675,.T.);
#2612=ORIENTED_EDGE('',*,*,#3680,.F.);
#2613=ORIENTED_EDGE('',*,*,#3681,.F.);
#2614=ORIENTED_EDGE('',*,*,#3682,.T.);
#2615=ORIENTED_EDGE('',*,*,#3678,.T.);
#2616=ORIENTED_EDGE('',*,*,#3683,.F.);
#2617=ORIENTED_EDGE('',*,*,#3684,.F.);
#2618=ORIENTED_EDGE('',*,*,#3685,.T.);
#2619=ORIENTED_EDGE('',*,*,#3681,.T.);
#2620=ORIENTED_EDGE('',*,*,#3686,.F.);
#2621=ORIENTED_EDGE('',*,*,#3687,.F.);
#2622=ORIENTED_EDGE('',*,*,#3688,.T.);
#2623=ORIENTED_EDGE('',*,*,#3684,.T.);
#2624=ORIENTED_EDGE('',*,*,#3689,.F.);
#2625=ORIENTED_EDGE('',*,*,#3690,.F.);
#2626=ORIENTED_EDGE('',*,*,#3691,.T.);
#2627=ORIENTED_EDGE('',*,*,#3687,.T.);
#2628=ORIENTED_EDGE('',*,*,#3692,.F.);
#2629=ORIENTED_EDGE('',*,*,#3693,.F.);
#2630=ORIENTED_EDGE('',*,*,#3694,.T.);
#2631=ORIENTED_EDGE('',*,*,#3690,.T.);
#2632=ORIENTED_EDGE('',*,*,#3695,.T.);
#2633=ORIENTED_EDGE('',*,*,#3696,.F.);
#2634=ORIENTED_EDGE('',*,*,#3697,.F.);
#2635=ORIENTED_EDGE('',*,*,#3693,.T.);
#2636=ORIENTED_EDGE('',*,*,#3698,.T.);
#2637=ORIENTED_EDGE('',*,*,#3699,.F.);
#2638=ORIENTED_EDGE('',*,*,#3700,.F.);
#2639=ORIENTED_EDGE('',*,*,#3696,.T.);
#2640=ORIENTED_EDGE('',*,*,#3701,.T.);
#2641=ORIENTED_EDGE('',*,*,#3702,.F.);
#2642=ORIENTED_EDGE('',*,*,#3703,.F.);
#2643=ORIENTED_EDGE('',*,*,#3699,.T.);
#2644=ORIENTED_EDGE('',*,*,#3704,.F.);
#2645=ORIENTED_EDGE('',*,*,#3705,.F.);
#2646=ORIENTED_EDGE('',*,*,#3706,.T.);
#2647=ORIENTED_EDGE('',*,*,#3702,.T.);
#2648=ORIENTED_EDGE('',*,*,#3707,.F.);
#2649=ORIENTED_EDGE('',*,*,#3708,.F.);
#2650=ORIENTED_EDGE('',*,*,#3709,.T.);
#2651=ORIENTED_EDGE('',*,*,#3705,.T.);
#2652=ORIENTED_EDGE('',*,*,#3710,.F.);
#2653=ORIENTED_EDGE('',*,*,#3711,.F.);
#2654=ORIENTED_EDGE('',*,*,#3712,.T.);
#2655=ORIENTED_EDGE('',*,*,#3708,.T.);
#2656=ORIENTED_EDGE('',*,*,#3713,.F.);
#2657=ORIENTED_EDGE('',*,*,#3714,.F.);
#2658=ORIENTED_EDGE('',*,*,#3715,.T.);
#2659=ORIENTED_EDGE('',*,*,#3711,.T.);
#2660=ORIENTED_EDGE('',*,*,#3716,.F.);
#2661=ORIENTED_EDGE('',*,*,#3717,.F.);
#2662=ORIENTED_EDGE('',*,*,#3718,.T.);
#2663=ORIENTED_EDGE('',*,*,#3714,.T.);
#2664=ORIENTED_EDGE('',*,*,#3719,.T.);
#2665=ORIENTED_EDGE('',*,*,#3720,.F.);
#2666=ORIENTED_EDGE('',*,*,#3721,.F.);
#2667=ORIENTED_EDGE('',*,*,#3717,.T.);
#2668=ORIENTED_EDGE('',*,*,#3722,.T.);
#2669=ORIENTED_EDGE('',*,*,#3723,.F.);
#2670=ORIENTED_EDGE('',*,*,#3724,.F.);
#2671=ORIENTED_EDGE('',*,*,#3720,.T.);
#2672=ORIENTED_EDGE('',*,*,#3725,.T.);
#2673=ORIENTED_EDGE('',*,*,#3726,.F.);
#2674=ORIENTED_EDGE('',*,*,#3727,.F.);
#2675=ORIENTED_EDGE('',*,*,#3723,.T.);
#2676=ORIENTED_EDGE('',*,*,#3728,.F.);
#2677=ORIENTED_EDGE('',*,*,#3729,.F.);
#2678=ORIENTED_EDGE('',*,*,#3730,.T.);
#2679=ORIENTED_EDGE('',*,*,#3726,.T.);
#2680=ORIENTED_EDGE('',*,*,#3731,.F.);
#2681=ORIENTED_EDGE('',*,*,#3732,.F.);
#2682=ORIENTED_EDGE('',*,*,#3733,.T.);
#2683=ORIENTED_EDGE('',*,*,#3729,.T.);
#2684=ORIENTED_EDGE('',*,*,#3734,.F.);
#2685=ORIENTED_EDGE('',*,*,#3735,.F.);
#2686=ORIENTED_EDGE('',*,*,#3736,.T.);
#2687=ORIENTED_EDGE('',*,*,#3732,.T.);
#2688=ORIENTED_EDGE('',*,*,#3737,.F.);
#2689=ORIENTED_EDGE('',*,*,#3738,.F.);
#2690=ORIENTED_EDGE('',*,*,#3739,.T.);
#2691=ORIENTED_EDGE('',*,*,#3735,.T.);
#2692=ORIENTED_EDGE('',*,*,#3740,.F.);
#2693=ORIENTED_EDGE('',*,*,#3741,.F.);
#2694=ORIENTED_EDGE('',*,*,#3742,.T.);
#2695=ORIENTED_EDGE('',*,*,#3738,.T.);
#2696=ORIENTED_EDGE('',*,*,#3743,.T.);
#2697=ORIENTED_EDGE('',*,*,#3744,.F.);
#2698=ORIENTED_EDGE('',*,*,#3745,.F.);
#2699=ORIENTED_EDGE('',*,*,#3741,.T.);
#2700=ORIENTED_EDGE('',*,*,#3746,.T.);
#2701=ORIENTED_EDGE('',*,*,#3747,.F.);
#2702=ORIENTED_EDGE('',*,*,#3748,.F.);
#2703=ORIENTED_EDGE('',*,*,#3744,.T.);
#2704=ORIENTED_EDGE('',*,*,#3749,.T.);
#2705=ORIENTED_EDGE('',*,*,#3750,.F.);
#2706=ORIENTED_EDGE('',*,*,#3751,.F.);
#2707=ORIENTED_EDGE('',*,*,#3747,.T.);
#2708=ORIENTED_EDGE('',*,*,#3752,.F.);
#2709=ORIENTED_EDGE('',*,*,#3753,.F.);
#2710=ORIENTED_EDGE('',*,*,#3754,.T.);
#2711=ORIENTED_EDGE('',*,*,#3750,.T.);
#2712=ORIENTED_EDGE('',*,*,#3755,.F.);
#2713=ORIENTED_EDGE('',*,*,#3756,.F.);
#2714=ORIENTED_EDGE('',*,*,#3757,.T.);
#2715=ORIENTED_EDGE('',*,*,#3753,.T.);
#2716=ORIENTED_EDGE('',*,*,#3758,.F.);
#2717=ORIENTED_EDGE('',*,*,#3759,.F.);
#2718=ORIENTED_EDGE('',*,*,#3760,.T.);
#2719=ORIENTED_EDGE('',*,*,#3756,.T.);
#2720=ORIENTED_EDGE('',*,*,#3761,.F.);
#2721=ORIENTED_EDGE('',*,*,#3762,.F.);
#2722=ORIENTED_EDGE('',*,*,#3763,.T.);
#2723=ORIENTED_EDGE('',*,*,#3759,.T.);
#2724=ORIENTED_EDGE('',*,*,#3764,.F.);
#2725=ORIENTED_EDGE('',*,*,#3765,.F.);
#2726=ORIENTED_EDGE('',*,*,#3766,.T.);
#2727=ORIENTED_EDGE('',*,*,#3762,.T.);
#2728=ORIENTED_EDGE('',*,*,#3767,.T.);
#2729=ORIENTED_EDGE('',*,*,#3768,.F.);
#2730=ORIENTED_EDGE('',*,*,#3769,.F.);
#2731=ORIENTED_EDGE('',*,*,#3765,.T.);
#2732=ORIENTED_EDGE('',*,*,#3770,.T.);
#2733=ORIENTED_EDGE('',*,*,#3771,.F.);
#2734=ORIENTED_EDGE('',*,*,#3772,.F.);
#2735=ORIENTED_EDGE('',*,*,#3768,.T.);
#2736=ORIENTED_EDGE('',*,*,#3773,.T.);
#2737=ORIENTED_EDGE('',*,*,#3774,.F.);
#2738=ORIENTED_EDGE('',*,*,#3775,.F.);
#2739=ORIENTED_EDGE('',*,*,#3771,.T.);
#2740=ORIENTED_EDGE('',*,*,#3776,.F.);
#2741=ORIENTED_EDGE('',*,*,#3777,.F.);
#2742=ORIENTED_EDGE('',*,*,#3778,.T.);
#2743=ORIENTED_EDGE('',*,*,#3774,.T.);
#2744=ORIENTED_EDGE('',*,*,#3779,.F.);
#2745=ORIENTED_EDGE('',*,*,#3780,.F.);
#2746=ORIENTED_EDGE('',*,*,#3781,.T.);
#2747=ORIENTED_EDGE('',*,*,#3777,.T.);
#2748=ORIENTED_EDGE('',*,*,#3782,.F.);
#2749=ORIENTED_EDGE('',*,*,#3783,.F.);
#2750=ORIENTED_EDGE('',*,*,#3784,.T.);
#2751=ORIENTED_EDGE('',*,*,#3780,.T.);
#2752=ORIENTED_EDGE('',*,*,#3785,.F.);
#2753=ORIENTED_EDGE('',*,*,#3786,.F.);
#2754=ORIENTED_EDGE('',*,*,#3787,.T.);
#2755=ORIENTED_EDGE('',*,*,#3783,.T.);
#2756=ORIENTED_EDGE('',*,*,#3788,.F.);
#2757=ORIENTED_EDGE('',*,*,#3789,.F.);
#2758=ORIENTED_EDGE('',*,*,#3790,.T.);
#2759=ORIENTED_EDGE('',*,*,#3786,.T.);
#2760=ORIENTED_EDGE('',*,*,#3791,.T.);
#2761=ORIENTED_EDGE('',*,*,#3792,.F.);
#2762=ORIENTED_EDGE('',*,*,#3793,.F.);
#2763=ORIENTED_EDGE('',*,*,#3789,.T.);
#2764=ORIENTED_EDGE('',*,*,#3794,.T.);
#2765=ORIENTED_EDGE('',*,*,#3795,.F.);
#2766=ORIENTED_EDGE('',*,*,#3796,.F.);
#2767=ORIENTED_EDGE('',*,*,#3792,.T.);
#2768=ORIENTED_EDGE('',*,*,#3797,.T.);
#2769=ORIENTED_EDGE('',*,*,#3798,.F.);
#2770=ORIENTED_EDGE('',*,*,#3799,.F.);
#2771=ORIENTED_EDGE('',*,*,#3795,.T.);
#2772=ORIENTED_EDGE('',*,*,#3800,.F.);
#2773=ORIENTED_EDGE('',*,*,#3801,.F.);
#2774=ORIENTED_EDGE('',*,*,#3802,.T.);
#2775=ORIENTED_EDGE('',*,*,#3798,.T.);
#2776=ORIENTED_EDGE('',*,*,#3803,.F.);
#2777=ORIENTED_EDGE('',*,*,#3804,.F.);
#2778=ORIENTED_EDGE('',*,*,#3805,.T.);
#2779=ORIENTED_EDGE('',*,*,#3801,.T.);
#2780=ORIENTED_EDGE('',*,*,#3806,.F.);
#2781=ORIENTED_EDGE('',*,*,#3807,.F.);
#2782=ORIENTED_EDGE('',*,*,#3808,.T.);
#2783=ORIENTED_EDGE('',*,*,#3804,.T.);
#2784=ORIENTED_EDGE('',*,*,#3809,.F.);
#2785=ORIENTED_EDGE('',*,*,#3810,.F.);
#2786=ORIENTED_EDGE('',*,*,#3811,.T.);
#2787=ORIENTED_EDGE('',*,*,#3807,.T.);
#2788=ORIENTED_EDGE('',*,*,#3812,.F.);
#2789=ORIENTED_EDGE('',*,*,#3813,.F.);
#2790=ORIENTED_EDGE('',*,*,#3814,.T.);
#2791=ORIENTED_EDGE('',*,*,#3810,.T.);
#2792=ORIENTED_EDGE('',*,*,#3815,.T.);
#2793=ORIENTED_EDGE('',*,*,#3816,.F.);
#2794=ORIENTED_EDGE('',*,*,#3817,.F.);
#2795=ORIENTED_EDGE('',*,*,#3813,.T.);
#2796=ORIENTED_EDGE('',*,*,#3818,.T.);
#2797=ORIENTED_EDGE('',*,*,#3819,.F.);
#2798=ORIENTED_EDGE('',*,*,#3820,.F.);
#2799=ORIENTED_EDGE('',*,*,#3816,.T.);
#2800=ORIENTED_EDGE('',*,*,#3821,.T.);
#2801=ORIENTED_EDGE('',*,*,#3822,.F.);
#2802=ORIENTED_EDGE('',*,*,#3823,.F.);
#2803=ORIENTED_EDGE('',*,*,#3819,.T.);
#2804=ORIENTED_EDGE('',*,*,#3824,.F.);
#2805=ORIENTED_EDGE('',*,*,#3825,.F.);
#2806=ORIENTED_EDGE('',*,*,#3826,.T.);
#2807=ORIENTED_EDGE('',*,*,#3822,.T.);
#2808=ORIENTED_EDGE('',*,*,#3827,.F.);
#2809=ORIENTED_EDGE('',*,*,#3828,.F.);
#2810=ORIENTED_EDGE('',*,*,#3829,.T.);
#2811=ORIENTED_EDGE('',*,*,#3825,.T.);
#2812=ORIENTED_EDGE('',*,*,#3830,.F.);
#2813=ORIENTED_EDGE('',*,*,#3831,.F.);
#2814=ORIENTED_EDGE('',*,*,#3832,.T.);
#2815=ORIENTED_EDGE('',*,*,#3828,.T.);
#2816=ORIENTED_EDGE('',*,*,#3833,.F.);
#2817=ORIENTED_EDGE('',*,*,#3834,.F.);
#2818=ORIENTED_EDGE('',*,*,#3835,.T.);
#2819=ORIENTED_EDGE('',*,*,#3831,.T.);
#2820=ORIENTED_EDGE('',*,*,#3836,.F.);
#2821=ORIENTED_EDGE('',*,*,#3837,.F.);
#2822=ORIENTED_EDGE('',*,*,#3838,.T.);
#2823=ORIENTED_EDGE('',*,*,#3834,.T.);
#2824=ORIENTED_EDGE('',*,*,#3839,.T.);
#2825=ORIENTED_EDGE('',*,*,#3840,.F.);
#2826=ORIENTED_EDGE('',*,*,#3841,.F.);
#2827=ORIENTED_EDGE('',*,*,#3837,.T.);
#2828=ORIENTED_EDGE('',*,*,#3842,.T.);
#2829=ORIENTED_EDGE('',*,*,#3843,.F.);
#2830=ORIENTED_EDGE('',*,*,#3844,.F.);
#2831=ORIENTED_EDGE('',*,*,#3840,.T.);
#2832=ORIENTED_EDGE('',*,*,#3845,.T.);
#2833=ORIENTED_EDGE('',*,*,#3846,.F.);
#2834=ORIENTED_EDGE('',*,*,#3847,.F.);
#2835=ORIENTED_EDGE('',*,*,#3843,.T.);
#2836=ORIENTED_EDGE('',*,*,#3848,.F.);
#2837=ORIENTED_EDGE('',*,*,#3849,.F.);
#2838=ORIENTED_EDGE('',*,*,#3850,.T.);
#2839=ORIENTED_EDGE('',*,*,#3846,.T.);
#2840=ORIENTED_EDGE('',*,*,#3851,.F.);
#2841=ORIENTED_EDGE('',*,*,#3852,.F.);
#2842=ORIENTED_EDGE('',*,*,#3853,.T.);
#2843=ORIENTED_EDGE('',*,*,#3849,.T.);
#2844=ORIENTED_EDGE('',*,*,#3854,.F.);
#2845=ORIENTED_EDGE('',*,*,#3855,.F.);
#2846=ORIENTED_EDGE('',*,*,#3856,.T.);
#2847=ORIENTED_EDGE('',*,*,#3852,.T.);
#2848=ORIENTED_EDGE('',*,*,#3857,.F.);
#2849=ORIENTED_EDGE('',*,*,#3858,.F.);
#2850=ORIENTED_EDGE('',*,*,#3859,.T.);
#2851=ORIENTED_EDGE('',*,*,#3855,.T.);
#2852=ORIENTED_EDGE('',*,*,#3860,.F.);
#2853=ORIENTED_EDGE('',*,*,#3861,.F.);
#2854=ORIENTED_EDGE('',*,*,#3862,.T.);
#2855=ORIENTED_EDGE('',*,*,#3858,.T.);
#2856=ORIENTED_EDGE('',*,*,#3863,.T.);
#2857=ORIENTED_EDGE('',*,*,#3864,.F.);
#2858=ORIENTED_EDGE('',*,*,#3865,.F.);
#2859=ORIENTED_EDGE('',*,*,#3861,.T.);
#2860=ORIENTED_EDGE('',*,*,#3866,.T.);
#2861=ORIENTED_EDGE('',*,*,#3867,.F.);
#2862=ORIENTED_EDGE('',*,*,#3868,.F.);
#2863=ORIENTED_EDGE('',*,*,#3864,.T.);
#2864=ORIENTED_EDGE('',*,*,#3869,.T.);
#2865=ORIENTED_EDGE('',*,*,#3870,.F.);
#2866=ORIENTED_EDGE('',*,*,#3871,.F.);
#2867=ORIENTED_EDGE('',*,*,#3867,.T.);
#2868=ORIENTED_EDGE('',*,*,#3872,.F.);
#2869=ORIENTED_EDGE('',*,*,#3873,.F.);
#2870=ORIENTED_EDGE('',*,*,#3874,.T.);
#2871=ORIENTED_EDGE('',*,*,#3870,.T.);
#2872=ORIENTED_EDGE('',*,*,#3875,.F.);
#2873=ORIENTED_EDGE('',*,*,#3876,.F.);
#2874=ORIENTED_EDGE('',*,*,#3877,.T.);
#2875=ORIENTED_EDGE('',*,*,#3873,.T.);
#2876=ORIENTED_EDGE('',*,*,#3878,.F.);
#2877=ORIENTED_EDGE('',*,*,#3879,.F.);
#2878=ORIENTED_EDGE('',*,*,#3880,.T.);
#2879=ORIENTED_EDGE('',*,*,#3876,.T.);
#2880=ORIENTED_EDGE('',*,*,#3881,.F.);
#2881=ORIENTED_EDGE('',*,*,#3882,.F.);
#2882=ORIENTED_EDGE('',*,*,#3883,.T.);
#2883=ORIENTED_EDGE('',*,*,#3879,.T.);
#2884=ORIENTED_EDGE('',*,*,#3884,.F.);
#2885=ORIENTED_EDGE('',*,*,#3885,.F.);
#2886=ORIENTED_EDGE('',*,*,#3886,.T.);
#2887=ORIENTED_EDGE('',*,*,#3882,.T.);
#2888=ORIENTED_EDGE('',*,*,#3887,.T.);
#2889=ORIENTED_EDGE('',*,*,#3888,.F.);
#2890=ORIENTED_EDGE('',*,*,#3889,.F.);
#2891=ORIENTED_EDGE('',*,*,#3885,.T.);
#2892=ORIENTED_EDGE('',*,*,#3890,.T.);
#2893=ORIENTED_EDGE('',*,*,#3891,.F.);
#2894=ORIENTED_EDGE('',*,*,#3892,.F.);
#2895=ORIENTED_EDGE('',*,*,#3888,.T.);
#2896=ORIENTED_EDGE('',*,*,#3893,.T.);
#2897=ORIENTED_EDGE('',*,*,#3894,.F.);
#2898=ORIENTED_EDGE('',*,*,#3895,.F.);
#2899=ORIENTED_EDGE('',*,*,#3891,.T.);
#2900=ORIENTED_EDGE('',*,*,#3896,.F.);
#2901=ORIENTED_EDGE('',*,*,#3897,.F.);
#2902=ORIENTED_EDGE('',*,*,#3898,.T.);
#2903=ORIENTED_EDGE('',*,*,#3894,.T.);
#2904=ORIENTED_EDGE('',*,*,#3899,.F.);
#2905=ORIENTED_EDGE('',*,*,#3900,.F.);
#2906=ORIENTED_EDGE('',*,*,#3901,.T.);
#2907=ORIENTED_EDGE('',*,*,#3897,.T.);
#2908=ORIENTED_EDGE('',*,*,#3902,.F.);
#2909=ORIENTED_EDGE('',*,*,#3903,.F.);
#2910=ORIENTED_EDGE('',*,*,#3904,.T.);
#2911=ORIENTED_EDGE('',*,*,#3900,.T.);
#2912=ORIENTED_EDGE('',*,*,#3905,.F.);
#2913=ORIENTED_EDGE('',*,*,#3906,.F.);
#2914=ORIENTED_EDGE('',*,*,#3907,.T.);
#2915=ORIENTED_EDGE('',*,*,#3903,.T.);
#2916=ORIENTED_EDGE('',*,*,#3908,.F.);
#2917=ORIENTED_EDGE('',*,*,#3909,.F.);
#2918=ORIENTED_EDGE('',*,*,#3910,.T.);
#2919=ORIENTED_EDGE('',*,*,#3906,.T.);
#2920=ORIENTED_EDGE('',*,*,#3911,.T.);
#2921=ORIENTED_EDGE('',*,*,#3912,.F.);
#2922=ORIENTED_EDGE('',*,*,#3913,.F.);
#2923=ORIENTED_EDGE('',*,*,#3909,.T.);
#2924=ORIENTED_EDGE('',*,*,#3914,.T.);
#2925=ORIENTED_EDGE('',*,*,#3915,.F.);
#2926=ORIENTED_EDGE('',*,*,#3916,.F.);
#2927=ORIENTED_EDGE('',*,*,#3912,.T.);
#2928=ORIENTED_EDGE('',*,*,#3917,.T.);
#2929=ORIENTED_EDGE('',*,*,#3918,.F.);
#2930=ORIENTED_EDGE('',*,*,#3919,.F.);
#2931=ORIENTED_EDGE('',*,*,#3915,.T.);
#2932=ORIENTED_EDGE('',*,*,#3920,.F.);
#2933=ORIENTED_EDGE('',*,*,#3921,.F.);
#2934=ORIENTED_EDGE('',*,*,#3922,.T.);
#2935=ORIENTED_EDGE('',*,*,#3918,.T.);
#2936=ORIENTED_EDGE('',*,*,#3923,.F.);
#2937=ORIENTED_EDGE('',*,*,#3924,.F.);
#2938=ORIENTED_EDGE('',*,*,#3925,.T.);
#2939=ORIENTED_EDGE('',*,*,#3921,.T.);
#2940=ORIENTED_EDGE('',*,*,#3926,.F.);
#2941=ORIENTED_EDGE('',*,*,#3927,.F.);
#2942=ORIENTED_EDGE('',*,*,#3928,.T.);
#2943=ORIENTED_EDGE('',*,*,#3924,.T.);
#2944=ORIENTED_EDGE('',*,*,#3929,.F.);
#2945=ORIENTED_EDGE('',*,*,#3930,.T.);
#2946=ORIENTED_EDGE('',*,*,#3931,.F.);
#2947=ORIENTED_EDGE('',*,*,#3646,.F.);
#2948=ORIENTED_EDGE('',*,*,#3932,.T.);
#2949=ORIENTED_EDGE('',*,*,#3927,.T.);
#2950=ORIENTED_EDGE('',*,*,#3929,.T.);
#2951=ORIENTED_EDGE('',*,*,#3645,.F.);
#2952=ORIENTED_EDGE('',*,*,#3649,.T.);
#2953=ORIENTED_EDGE('',*,*,#3652,.T.);
#2954=ORIENTED_EDGE('',*,*,#3655,.T.);
#2955=ORIENTED_EDGE('',*,*,#3658,.F.);
#2956=ORIENTED_EDGE('',*,*,#3661,.F.);
#2957=ORIENTED_EDGE('',*,*,#3664,.F.);
#2958=ORIENTED_EDGE('',*,*,#3667,.F.);
#2959=ORIENTED_EDGE('',*,*,#3670,.F.);
#2960=ORIENTED_EDGE('',*,*,#3673,.T.);
#2961=ORIENTED_EDGE('',*,*,#3676,.T.);
#2962=ORIENTED_EDGE('',*,*,#3679,.T.);
#2963=ORIENTED_EDGE('',*,*,#3682,.F.);
#2964=ORIENTED_EDGE('',*,*,#3685,.F.);
#2965=ORIENTED_EDGE('',*,*,#3688,.F.);
#2966=ORIENTED_EDGE('',*,*,#3691,.F.);
#2967=ORIENTED_EDGE('',*,*,#3694,.F.);
#2968=ORIENTED_EDGE('',*,*,#3697,.T.);
#2969=ORIENTED_EDGE('',*,*,#3700,.T.);
#2970=ORIENTED_EDGE('',*,*,#3703,.T.);
#2971=ORIENTED_EDGE('',*,*,#3706,.F.);
#2972=ORIENTED_EDGE('',*,*,#3709,.F.);
#2973=ORIENTED_EDGE('',*,*,#3712,.F.);
#2974=ORIENTED_EDGE('',*,*,#3715,.F.);
#2975=ORIENTED_EDGE('',*,*,#3718,.F.);
#2976=ORIENTED_EDGE('',*,*,#3721,.T.);
#2977=ORIENTED_EDGE('',*,*,#3724,.T.);
#2978=ORIENTED_EDGE('',*,*,#3727,.T.);
#2979=ORIENTED_EDGE('',*,*,#3730,.F.);
#2980=ORIENTED_EDGE('',*,*,#3733,.F.);
#2981=ORIENTED_EDGE('',*,*,#3736,.F.);
#2982=ORIENTED_EDGE('',*,*,#3739,.F.);
#2983=ORIENTED_EDGE('',*,*,#3742,.F.);
#2984=ORIENTED_EDGE('',*,*,#3745,.T.);
#2985=ORIENTED_EDGE('',*,*,#3748,.T.);
#2986=ORIENTED_EDGE('',*,*,#3751,.T.);
#2987=ORIENTED_EDGE('',*,*,#3754,.F.);
#2988=ORIENTED_EDGE('',*,*,#3757,.F.);
#2989=ORIENTED_EDGE('',*,*,#3760,.F.);
#2990=ORIENTED_EDGE('',*,*,#3763,.F.);
#2991=ORIENTED_EDGE('',*,*,#3766,.F.);
#2992=ORIENTED_EDGE('',*,*,#3769,.T.);
#2993=ORIENTED_EDGE('',*,*,#3772,.T.);
#2994=ORIENTED_EDGE('',*,*,#3775,.T.);
#2995=ORIENTED_EDGE('',*,*,#3778,.F.);
#2996=ORIENTED_EDGE('',*,*,#3781,.F.);
#2997=ORIENTED_EDGE('',*,*,#3784,.F.);
#2998=ORIENTED_EDGE('',*,*,#3787,.F.);
#2999=ORIENTED_EDGE('',*,*,#3790,.F.);
#3000=ORIENTED_EDGE('',*,*,#3793,.T.);
#3001=ORIENTED_EDGE('',*,*,#3796,.T.);
#3002=ORIENTED_EDGE('',*,*,#3799,.T.);
#3003=ORIENTED_EDGE('',*,*,#3802,.F.);
#3004=ORIENTED_EDGE('',*,*,#3805,.F.);
#3005=ORIENTED_EDGE('',*,*,#3808,.F.);
#3006=ORIENTED_EDGE('',*,*,#3811,.F.);
#3007=ORIENTED_EDGE('',*,*,#3814,.F.);
#3008=ORIENTED_EDGE('',*,*,#3817,.T.);
#3009=ORIENTED_EDGE('',*,*,#3820,.T.);
#3010=ORIENTED_EDGE('',*,*,#3823,.T.);
#3011=ORIENTED_EDGE('',*,*,#3826,.F.);
#3012=ORIENTED_EDGE('',*,*,#3829,.F.);
#3013=ORIENTED_EDGE('',*,*,#3832,.F.);
#3014=ORIENTED_EDGE('',*,*,#3835,.F.);
#3015=ORIENTED_EDGE('',*,*,#3838,.F.);
#3016=ORIENTED_EDGE('',*,*,#3841,.T.);
#3017=ORIENTED_EDGE('',*,*,#3844,.T.);
#3018=ORIENTED_EDGE('',*,*,#3847,.T.);
#3019=ORIENTED_EDGE('',*,*,#3850,.F.);
#3020=ORIENTED_EDGE('',*,*,#3853,.F.);
#3021=ORIENTED_EDGE('',*,*,#3856,.F.);
#3022=ORIENTED_EDGE('',*,*,#3859,.F.);
#3023=ORIENTED_EDGE('',*,*,#3862,.F.);
#3024=ORIENTED_EDGE('',*,*,#3865,.T.);
#3025=ORIENTED_EDGE('',*,*,#3868,.T.);
#3026=ORIENTED_EDGE('',*,*,#3871,.T.);
#3027=ORIENTED_EDGE('',*,*,#3874,.F.);
#3028=ORIENTED_EDGE('',*,*,#3877,.F.);
#3029=ORIENTED_EDGE('',*,*,#3880,.F.);
#3030=ORIENTED_EDGE('',*,*,#3883,.F.);
#3031=ORIENTED_EDGE('',*,*,#3886,.F.);
#3032=ORIENTED_EDGE('',*,*,#3889,.T.);
#3033=ORIENTED_EDGE('',*,*,#3892,.T.);
#3034=ORIENTED_EDGE('',*,*,#3895,.T.);
#3035=ORIENTED_EDGE('',*,*,#3898,.F.);
#3036=ORIENTED_EDGE('',*,*,#3901,.F.);
#3037=ORIENTED_EDGE('',*,*,#3904,.F.);
#3038=ORIENTED_EDGE('',*,*,#3907,.F.);
#3039=ORIENTED_EDGE('',*,*,#3910,.F.);
#3040=ORIENTED_EDGE('',*,*,#3913,.T.);
#3041=ORIENTED_EDGE('',*,*,#3916,.T.);
#3042=ORIENTED_EDGE('',*,*,#3919,.T.);
#3043=ORIENTED_EDGE('',*,*,#3922,.F.);
#3044=ORIENTED_EDGE('',*,*,#3925,.F.);
#3045=ORIENTED_EDGE('',*,*,#3928,.F.);
#3046=ORIENTED_EDGE('',*,*,#3932,.F.);
#3047=ORIENTED_EDGE('',*,*,#3930,.F.);
#3048=ORIENTED_EDGE('',*,*,#3643,.T.);
#3049=ORIENTED_EDGE('',*,*,#3931,.T.);
#3050=ORIENTED_EDGE('',*,*,#3926,.T.);
#3051=ORIENTED_EDGE('',*,*,#3923,.T.);
#3052=ORIENTED_EDGE('',*,*,#3920,.T.);
#3053=ORIENTED_EDGE('',*,*,#3917,.F.);
#3054=ORIENTED_EDGE('',*,*,#3914,.F.);
#3055=ORIENTED_EDGE('',*,*,#3911,.F.);
#3056=ORIENTED_EDGE('',*,*,#3908,.T.);
#3057=ORIENTED_EDGE('',*,*,#3905,.T.);
#3058=ORIENTED_EDGE('',*,*,#3902,.T.);
#3059=ORIENTED_EDGE('',*,*,#3899,.T.);
#3060=ORIENTED_EDGE('',*,*,#3896,.T.);
#3061=ORIENTED_EDGE('',*,*,#3893,.F.);
#3062=ORIENTED_EDGE('',*,*,#3890,.F.);
#3063=ORIENTED_EDGE('',*,*,#3887,.F.);
#3064=ORIENTED_EDGE('',*,*,#3884,.T.);
#3065=ORIENTED_EDGE('',*,*,#3881,.T.);
#3066=ORIENTED_EDGE('',*,*,#3878,.T.);
#3067=ORIENTED_EDGE('',*,*,#3875,.T.);
#3068=ORIENTED_EDGE('',*,*,#3872,.T.);
#3069=ORIENTED_EDGE('',*,*,#3869,.F.);
#3070=ORIENTED_EDGE('',*,*,#3866,.F.);
#3071=ORIENTED_EDGE('',*,*,#3863,.F.);
#3072=ORIENTED_EDGE('',*,*,#3860,.T.);
#3073=ORIENTED_EDGE('',*,*,#3857,.T.);
#3074=ORIENTED_EDGE('',*,*,#3854,.T.);
#3075=ORIENTED_EDGE('',*,*,#3851,.T.);
#3076=ORIENTED_EDGE('',*,*,#3848,.T.);
#3077=ORIENTED_EDGE('',*,*,#3845,.F.);
#3078=ORIENTED_EDGE('',*,*,#3842,.F.);
#3079=ORIENTED_EDGE('',*,*,#3839,.F.);
#3080=ORIENTED_EDGE('',*,*,#3836,.T.);
#3081=ORIENTED_EDGE('',*,*,#3833,.T.);
#3082=ORIENTED_EDGE('',*,*,#3830,.T.);
#3083=ORIENTED_EDGE('',*,*,#3827,.T.);
#3084=ORIENTED_EDGE('',*,*,#3824,.T.);
#3085=ORIENTED_EDGE('',*,*,#3821,.F.);
#3086=ORIENTED_EDGE('',*,*,#3818,.F.);
#3087=ORIENTED_EDGE('',*,*,#3815,.F.);
#3088=ORIENTED_EDGE('',*,*,#3812,.T.);
#3089=ORIENTED_EDGE('',*,*,#3809,.T.);
#3090=ORIENTED_EDGE('',*,*,#3806,.T.);
#3091=ORIENTED_EDGE('',*,*,#3803,.T.);
#3092=ORIENTED_EDGE('',*,*,#3800,.T.);
#3093=ORIENTED_EDGE('',*,*,#3797,.F.);
#3094=ORIENTED_EDGE('',*,*,#3794,.F.);
#3095=ORIENTED_EDGE('',*,*,#3791,.F.);
#3096=ORIENTED_EDGE('',*,*,#3788,.T.);
#3097=ORIENTED_EDGE('',*,*,#3785,.T.);
#3098=ORIENTED_EDGE('',*,*,#3782,.T.);
#3099=ORIENTED_EDGE('',*,*,#3779,.T.);
#3100=ORIENTED_EDGE('',*,*,#3776,.T.);
#3101=ORIENTED_EDGE('',*,*,#3773,.F.);
#3102=ORIENTED_EDGE('',*,*,#3770,.F.);
#3103=ORIENTED_EDGE('',*,*,#3767,.F.);
#3104=ORIENTED_EDGE('',*,*,#3764,.T.);
#3105=ORIENTED_EDGE('',*,*,#3761,.T.);
#3106=ORIENTED_EDGE('',*,*,#3758,.T.);
#3107=ORIENTED_EDGE('',*,*,#3755,.T.);
#3108=ORIENTED_EDGE('',*,*,#3752,.T.);
#3109=ORIENTED_EDGE('',*,*,#3749,.F.);
#3110=ORIENTED_EDGE('',*,*,#3746,.F.);
#3111=ORIENTED_EDGE('',*,*,#3743,.F.);
#3112=ORIENTED_EDGE('',*,*,#3740,.T.);
#3113=ORIENTED_EDGE('',*,*,#3737,.T.);
#3114=ORIENTED_EDGE('',*,*,#3734,.T.);
#3115=ORIENTED_EDGE('',*,*,#3731,.T.);
#3116=ORIENTED_EDGE('',*,*,#3728,.T.);
#3117=ORIENTED_EDGE('',*,*,#3725,.F.);
#3118=ORIENTED_EDGE('',*,*,#3722,.F.);
#3119=ORIENTED_EDGE('',*,*,#3719,.F.);
#3120=ORIENTED_EDGE('',*,*,#3716,.T.);
#3121=ORIENTED_EDGE('',*,*,#3713,.T.);
#3122=ORIENTED_EDGE('',*,*,#3710,.T.);
#3123=ORIENTED_EDGE('',*,*,#3707,.T.);
#3124=ORIENTED_EDGE('',*,*,#3704,.T.);
#3125=ORIENTED_EDGE('',*,*,#3701,.F.);
#3126=ORIENTED_EDGE('',*,*,#3698,.F.);
#3127=ORIENTED_EDGE('',*,*,#3695,.F.);
#3128=ORIENTED_EDGE('',*,*,#3692,.T.);
#3129=ORIENTED_EDGE('',*,*,#3689,.T.);
#3130=ORIENTED_EDGE('',*,*,#3686,.T.);
#3131=ORIENTED_EDGE('',*,*,#3683,.T.);
#3132=ORIENTED_EDGE('',*,*,#3680,.T.);
#3133=ORIENTED_EDGE('',*,*,#3677,.F.);
#3134=ORIENTED_EDGE('',*,*,#3674,.F.);
#3135=ORIENTED_EDGE('',*,*,#3671,.F.);
#3136=ORIENTED_EDGE('',*,*,#3668,.T.);
#3137=ORIENTED_EDGE('',*,*,#3665,.T.);
#3138=ORIENTED_EDGE('',*,*,#3662,.T.);
#3139=ORIENTED_EDGE('',*,*,#3659,.T.);
#3140=ORIENTED_EDGE('',*,*,#3656,.T.);
#3141=ORIENTED_EDGE('',*,*,#3653,.F.);
#3142=ORIENTED_EDGE('',*,*,#3650,.F.);
#3143=ORIENTED_EDGE('',*,*,#3647,.F.);
#3144=EDGE_CURVE('',#3933,#3933,#4445,.T.);
#3145=EDGE_CURVE('',#3934,#3935,#4446,.F.);
#3146=EDGE_CURVE('',#3936,#3934,#1474,.T.);
#3147=EDGE_CURVE('',#3937,#3936,#4447,.T.);
#3148=EDGE_CURVE('',#3938,#3937,#1475,.T.);
#3149=EDGE_CURVE('',#3939,#3938,#4448,.F.);
#3150=EDGE_CURVE('',#3940,#3939,#1476,.T.);
#3151=EDGE_CURVE('',#3941,#3940,#4449,.T.);
#3152=EDGE_CURVE('',#3942,#3941,#1477,.T.);
#3153=EDGE_CURVE('',#3943,#3942,#4450,.F.);
#3154=EDGE_CURVE('',#3944,#3943,#1478,.T.);
#3155=EDGE_CURVE('',#3945,#3944,#4451,.T.);
#3156=EDGE_CURVE('',#3946,#3945,#1479,.T.);
#3157=EDGE_CURVE('',#3947,#3946,#4452,.F.);
#3158=EDGE_CURVE('',#3948,#3947,#1480,.T.);
#3159=EDGE_CURVE('',#3949,#3948,#4453,.T.);
#3160=EDGE_CURVE('',#3950,#3949,#1481,.T.);
#3161=EDGE_CURVE('',#3951,#3950,#4454,.F.);
#3162=EDGE_CURVE('',#3952,#3951,#1482,.T.);
#3163=EDGE_CURVE('',#3953,#3952,#4455,.T.);
#3164=EDGE_CURVE('',#3954,#3953,#1483,.T.);
#3165=EDGE_CURVE('',#3955,#3954,#4456,.F.);
#3166=EDGE_CURVE('',#3956,#3955,#1484,.T.);
#3167=EDGE_CURVE('',#3957,#3956,#4457,.T.);
#3168=EDGE_CURVE('',#3958,#3957,#1485,.T.);
#3169=EDGE_CURVE('',#3959,#3958,#4458,.F.);
#3170=EDGE_CURVE('',#3960,#3959,#1486,.T.);
#3171=EDGE_CURVE('',#3961,#3960,#4459,.T.);
#3172=EDGE_CURVE('',#3962,#3961,#1487,.T.);
#3173=EDGE_CURVE('',#3963,#3962,#4460,.F.);
#3174=EDGE_CURVE('',#3964,#3963,#1488,.T.);
#3175=EDGE_CURVE('',#3965,#3964,#4461,.T.);
#3176=EDGE_CURVE('',#3935,#3965,#1489,.T.);
#3177=EDGE_CURVE('',#3934,#3966,#331,.F.);
#3178=EDGE_CURVE('',#3935,#3967,#332,.F.);
#3179=EDGE_CURVE('',#3967,#3966,#4462,.T.);
#3180=EDGE_CURVE('',#3963,#3968,#333,.F.);
#3181=EDGE_CURVE('',#3962,#3969,#334,.F.);
#3182=EDGE_CURVE('',#3969,#3968,#4463,.T.);
#3183=EDGE_CURVE('',#3959,#3970,#335,.F.);
#3184=EDGE_CURVE('',#3958,#3971,#336,.F.);
#3185=EDGE_CURVE('',#3971,#3970,#4464,.T.);
#3186=EDGE_CURVE('',#3955,#3972,#337,.F.);
#3187=EDGE_CURVE('',#3954,#3973,#338,.F.);
#3188=EDGE_CURVE('',#3973,#3972,#4465,.T.);
#3189=EDGE_CURVE('',#3951,#3974,#339,.F.);
#3190=EDGE_CURVE('',#3950,#3975,#340,.F.);
#3191=EDGE_CURVE('',#3975,#3974,#4466,.T.);
#3192=EDGE_CURVE('',#3947,#3976,#341,.F.);
#3193=EDGE_CURVE('',#3946,#3977,#342,.F.);
#3194=EDGE_CURVE('',#3977,#3976,#4467,.T.);
#3195=EDGE_CURVE('',#3943,#3978,#343,.F.);
#3196=EDGE_CURVE('',#3942,#3979,#344,.F.);
#3197=EDGE_CURVE('',#3979,#3978,#4468,.T.);
#3198=EDGE_CURVE('',#3980,#3980,#4469,.F.);
#3199=EDGE_CURVE('',#3981,#3982,#4470,.T.);
#3200=EDGE_CURVE('',#3983,#3981,#1490,.T.);
#3201=EDGE_CURVE('',#3984,#3983,#4471,.F.);
#3202=EDGE_CURVE('',#3966,#3984,#1491,.T.);
#3203=EDGE_CURVE('',#3985,#3967,#1492,.T.);
#3204=EDGE_CURVE('',#3986,#3985,#4472,.F.);
#3205=EDGE_CURVE('',#3968,#3986,#1493,.T.);
#3206=EDGE_CURVE('',#3987,#3969,#1494,.T.);
#3207=EDGE_CURVE('',#3988,#3987,#4473,.F.);
#3208=EDGE_CURVE('',#3970,#3988,#1495,.T.);
#3209=EDGE_CURVE('',#3989,#3971,#1496,.T.);
#3210=EDGE_CURVE('',#3990,#3989,#4474,.F.);
#3211=EDGE_CURVE('',#3972,#3990,#1497,.T.);
#3212=EDGE_CURVE('',#3991,#3973,#1498,.T.);
#3213=EDGE_CURVE('',#3992,#3991,#4475,.F.);
#3214=EDGE_CURVE('',#3974,#3992,#1499,.T.);
#3215=EDGE_CURVE('',#3993,#3975,#1500,.T.);
#3216=EDGE_CURVE('',#3994,#3993,#4476,.F.);
#3217=EDGE_CURVE('',#3976,#3994,#1501,.T.);
#3218=EDGE_CURVE('',#3995,#3977,#1502,.T.);
#3219=EDGE_CURVE('',#3996,#3995,#4477,.F.);
#3220=EDGE_CURVE('',#3978,#3996,#1503,.T.);
#3221=EDGE_CURVE('',#3997,#3979,#1504,.T.);
#3222=EDGE_CURVE('',#3998,#3997,#4478,.F.);
#3223=EDGE_CURVE('',#3982,#3998,#1505,.T.);
#3224=EDGE_CURVE('',#3939,#3982,#345,.F.);
#3225=EDGE_CURVE('',#3938,#3981,#346,.F.);
#3226=EDGE_CURVE('',#3999,#4000,#347,.T.);
#3227=EDGE_CURVE('',#3999,#4001,#4479,.F.);
#3228=EDGE_CURVE('',#4001,#4002,#348,.T.);
#3229=EDGE_CURVE('',#4002,#4000,#4480,.T.);
#3230=EDGE_CURVE('',#4001,#4003,#349,.T.);
#3231=EDGE_CURVE('',#4003,#4004,#350,.T.);
#3232=EDGE_CURVE('',#4004,#4002,#351,.T.);
#3233=EDGE_CURVE('',#4003,#4005,#4481,.T.);
#3234=EDGE_CURVE('',#4005,#4006,#352,.T.);
#3235=EDGE_CURVE('',#4006,#4004,#4482,.F.);
#3236=EDGE_CURVE('',#4007,#4008,#353,.T.);
#3237=EDGE_CURVE('',#4007,#4009,#4483,.F.);
#3238=EDGE_CURVE('',#4009,#4010,#354,.T.);
#3239=EDGE_CURVE('',#4010,#4008,#4484,.T.);
#3240=EDGE_CURVE('',#4009,#4011,#355,.T.);
#3241=EDGE_CURVE('',#4011,#4012,#356,.T.);
#3242=EDGE_CURVE('',#4012,#4010,#357,.T.);
#3243=EDGE_CURVE('',#4011,#4013,#4485,.T.);
#3244=EDGE_CURVE('',#4013,#4014,#358,.T.);
#3245=EDGE_CURVE('',#4014,#4012,#4486,.F.);
#3246=EDGE_CURVE('',#4015,#4016,#359,.T.);
#3247=EDGE_CURVE('',#4015,#4017,#4487,.F.);
#3248=EDGE_CURVE('',#4017,#4018,#360,.T.);
#3249=EDGE_CURVE('',#4018,#4016,#4488,.T.);
#3250=EDGE_CURVE('',#4017,#4019,#361,.T.);
#3251=EDGE_CURVE('',#4019,#4020,#362,.T.);
#3252=EDGE_CURVE('',#4020,#4018,#363,.T.);
#3253=EDGE_CURVE('',#4019,#4021,#4489,.T.);
#3254=EDGE_CURVE('',#4021,#4022,#364,.T.);
#3255=EDGE_CURVE('',#4022,#4020,#4490,.F.);
#3256=EDGE_CURVE('',#4023,#4024,#365,.T.);
#3257=EDGE_CURVE('',#4023,#4025,#4491,.F.);
#3258=EDGE_CURVE('',#4025,#4026,#366,.T.);
#3259=EDGE_CURVE('',#4026,#4024,#4492,.T.);
#3260=EDGE_CURVE('',#4025,#4027,#367,.T.);
#3261=EDGE_CURVE('',#4027,#4028,#368,.T.);
#3262=EDGE_CURVE('',#4028,#4026,#369,.T.);
#3263=EDGE_CURVE('',#4027,#4029,#4493,.T.);
#3264=EDGE_CURVE('',#4029,#4030,#370,.T.);
#3265=EDGE_CURVE('',#4030,#4028,#4494,.F.);
#3266=EDGE_CURVE('',#4031,#4032,#371,.T.);
#3267=EDGE_CURVE('',#4031,#4033,#4495,.F.);
#3268=EDGE_CURVE('',#4033,#4034,#372,.T.);
#3269=EDGE_CURVE('',#4034,#4032,#4496,.T.);
#3270=EDGE_CURVE('',#4033,#4035,#373,.T.);
#3271=EDGE_CURVE('',#4035,#4036,#374,.T.);
#3272=EDGE_CURVE('',#4036,#4034,#375,.T.);
#3273=EDGE_CURVE('',#4035,#4037,#4497,.T.);
#3274=EDGE_CURVE('',#4037,#4038,#376,.T.);
#3275=EDGE_CURVE('',#4038,#4036,#4498,.F.);
#3276=EDGE_CURVE('',#4005,#3999,#377,.T.);
#3277=EDGE_CURVE('',#4000,#4006,#378,.T.);
#3278=EDGE_CURVE('',#4013,#4007,#379,.T.);
#3279=EDGE_CURVE('',#4008,#4014,#380,.T.);
#3280=EDGE_CURVE('',#4021,#4015,#381,.T.);
#3281=EDGE_CURVE('',#4016,#4022,#382,.T.);
#3282=EDGE_CURVE('',#4029,#4023,#383,.T.);
#3283=EDGE_CURVE('',#4024,#4030,#384,.T.);
#3284=EDGE_CURVE('',#4037,#4031,#385,.T.);
#3285=EDGE_CURVE('',#4032,#4038,#386,.T.);
#3286=EDGE_CURVE('',#4039,#4039,#4499,.F.);
#3287=EDGE_CURVE('',#4040,#4040,#4500,.T.);
#3288=EDGE_CURVE('',#4041,#4042,#387,.T.);
#3289=EDGE_CURVE('',#4042,#4043,#4501,.T.);
#3290=EDGE_CURVE('',#4043,#4044,#388,.T.);
#3291=EDGE_CURVE('',#4044,#4041,#4502,.F.);
#3292=EDGE_CURVE('',#4045,#4046,#389,.T.);
#3293=EDGE_CURVE('',#4046,#4047,#4503,.T.);
#3294=EDGE_CURVE('',#4047,#4048,#390,.T.);
#3295=EDGE_CURVE('',#4048,#4045,#4504,.F.);
#3296=EDGE_CURVE('',#4049,#4050,#391,.T.);
#3297=EDGE_CURVE('',#4050,#4051,#4505,.T.);
#3298=EDGE_CURVE('',#4051,#4052,#392,.T.);
#3299=EDGE_CURVE('',#4052,#4049,#4506,.F.);
#3300=EDGE_CURVE('',#4053,#4054,#393,.T.);
#3301=EDGE_CURVE('',#4054,#4055,#4507,.T.);
#3302=EDGE_CURVE('',#4055,#4056,#394,.T.);
#3303=EDGE_CURVE('',#4056,#4053,#4508,.F.);
#3304=EDGE_CURVE('',#4057,#4058,#395,.T.);
#3305=EDGE_CURVE('',#4058,#4059,#4509,.T.);
#3306=EDGE_CURVE('',#4059,#4060,#396,.T.);
#3307=EDGE_CURVE('',#4060,#4057,#4510,.F.);
#3308=EDGE_CURVE('',#4061,#4061,#4511,.T.);
#3309=EDGE_CURVE('',#4062,#4063,#397,.T.);
#3310=EDGE_CURVE('',#4063,#4064,#4512,.F.);
#3311=EDGE_CURVE('',#4064,#4065,#398,.T.);
#3312=EDGE_CURVE('',#4065,#4062,#4513,.T.);
#3313=EDGE_CURVE('',#4066,#4067,#399,.T.);
#3314=EDGE_CURVE('',#4067,#4068,#4514,.F.);
#3315=EDGE_CURVE('',#4068,#4069,#400,.T.);
#3316=EDGE_CURVE('',#4069,#4066,#4515,.T.);
#3317=EDGE_CURVE('',#4070,#4071,#401,.T.);
#3318=EDGE_CURVE('',#4071,#4072,#4516,.F.);
#3319=EDGE_CURVE('',#4072,#4073,#402,.T.);
#3320=EDGE_CURVE('',#4073,#4070,#4517,.T.);
#3321=EDGE_CURVE('',#4074,#4075,#403,.T.);
#3322=EDGE_CURVE('',#4075,#4076,#4518,.F.);
#3323=EDGE_CURVE('',#4076,#4077,#404,.T.);
#3324=EDGE_CURVE('',#4077,#4074,#4519,.T.);
#3325=EDGE_CURVE('',#4078,#4079,#405,.T.);
#3326=EDGE_CURVE('',#4079,#4080,#4520,.F.);
#3327=EDGE_CURVE('',#4080,#4081,#406,.T.);
#3328=EDGE_CURVE('',#4081,#4078,#4521,.T.);
#3329=EDGE_CURVE('',#4082,#4082,#4522,.F.);
#3330=EDGE_CURVE('',#4083,#3937,#407,.T.);
#3331=EDGE_CURVE('',#4084,#3936,#408,.T.);
#3332=EDGE_CURVE('',#4084,#4083,#409,.T.);
#3333=EDGE_CURVE('',#4085,#3984,#410,.T.);
#3334=EDGE_CURVE('',#4084,#4085,#411,.T.);
#3335=EDGE_CURVE('',#4086,#3983,#412,.T.);
#3336=EDGE_CURVE('',#4085,#4086,#413,.T.);
#3337=EDGE_CURVE('',#4083,#4086,#414,.T.);
#3338=EDGE_CURVE('',#4087,#3965,#415,.T.);
#3339=EDGE_CURVE('',#4088,#3964,#416,.T.);
#3340=EDGE_CURVE('',#4088,#4087,#417,.T.);
#3341=EDGE_CURVE('',#4089,#3986,#418,.T.);
#3342=EDGE_CURVE('',#4088,#4089,#419,.T.);
#3343=EDGE_CURVE('',#4090,#3985,#420,.T.);
#3344=EDGE_CURVE('',#4089,#4090,#421,.T.);
#3345=EDGE_CURVE('',#4087,#4090,#422,.T.);
#3346=EDGE_CURVE('',#4091,#3961,#423,.T.);
#3347=EDGE_CURVE('',#4092,#3960,#424,.T.);
#3348=EDGE_CURVE('',#4092,#4091,#425,.T.);
#3349=EDGE_CURVE('',#4093,#3988,#426,.T.);
#3350=EDGE_CURVE('',#4092,#4093,#427,.T.);
#3351=EDGE_CURVE('',#4094,#3987,#428,.T.);
#3352=EDGE_CURVE('',#4093,#4094,#429,.T.);
#3353=EDGE_CURVE('',#4091,#4094,#430,.T.);
#3354=EDGE_CURVE('',#4095,#3957,#431,.T.);
#3355=EDGE_CURVE('',#4096,#3956,#432,.T.);
#3356=EDGE_CURVE('',#4096,#4095,#433,.T.);
#3357=EDGE_CURVE('',#4097,#3990,#434,.T.);
#3358=EDGE_CURVE('',#4096,#4097,#435,.T.);
#3359=EDGE_CURVE('',#4098,#3989,#436,.T.);
#3360=EDGE_CURVE('',#4097,#4098,#437,.T.);
#3361=EDGE_CURVE('',#4095,#4098,#438,.T.);
#3362=EDGE_CURVE('',#4099,#3953,#439,.T.);
#3363=EDGE_CURVE('',#4100,#3952,#440,.T.);
#3364=EDGE_CURVE('',#4100,#4099,#441,.T.);
#3365=EDGE_CURVE('',#4101,#3992,#442,.T.);
#3366=EDGE_CURVE('',#4100,#4101,#443,.T.);
#3367=EDGE_CURVE('',#4102,#3991,#444,.T.);
#3368=EDGE_CURVE('',#4101,#4102,#445,.T.);
#3369=EDGE_CURVE('',#4099,#4102,#446,.T.);
#3370=EDGE_CURVE('',#4103,#3949,#447,.T.);
#3371=EDGE_CURVE('',#4104,#3948,#448,.T.);
#3372=EDGE_CURVE('',#4104,#4103,#449,.T.);
#3373=EDGE_CURVE('',#4105,#3994,#450,.T.);
#3374=EDGE_CURVE('',#4104,#4105,#451,.T.);
#3375=EDGE_CURVE('',#4106,#3993,#452,.T.);
#3376=EDGE_CURVE('',#4105,#4106,#453,.T.);
#3377=EDGE_CURVE('',#4103,#4106,#454,.T.);
#3378=EDGE_CURVE('',#4107,#3945,#455,.T.);
#3379=EDGE_CURVE('',#4108,#3944,#456,.T.);
#3380=EDGE_CURVE('',#4108,#4107,#457,.T.);
#3381=EDGE_CURVE('',#4109,#3996,#458,.T.);
#3382=EDGE_CURVE('',#4108,#4109,#459,.T.);
#3383=EDGE_CURVE('',#4110,#3995,#460,.T.);
#3384=EDGE_CURVE('',#4109,#4110,#461,.T.);
#3385=EDGE_CURVE('',#4107,#4110,#462,.T.);
#3386=EDGE_CURVE('',#4111,#3941,#463,.T.);
#3387=EDGE_CURVE('',#4112,#3940,#464,.T.);
#3388=EDGE_CURVE('',#4112,#4111,#465,.T.);
#3389=EDGE_CURVE('',#4113,#3998,#466,.T.);
#3390=EDGE_CURVE('',#4112,#4113,#467,.T.);
#3391=EDGE_CURVE('',#4114,#3997,#468,.T.);
#3392=EDGE_CURVE('',#4113,#4114,#469,.T.);
#3393=EDGE_CURVE('',#4111,#4114,#470,.T.);
#3394=EDGE_CURVE('',#4037,#4044,#1506,.F.);
#3395=EDGE_CURVE('',#4041,#4035,#1507,.T.);
#3396=EDGE_CURVE('',#4042,#4033,#1508,.F.);
#3397=EDGE_CURVE('',#4031,#4043,#1509,.F.);
#3398=EDGE_CURVE('',#4062,#4038,#1510,.F.);
#3399=EDGE_CURVE('',#4036,#4065,#1511,.T.);
#3400=EDGE_CURVE('',#4034,#4064,#1512,.F.);
#3401=EDGE_CURVE('',#4063,#4032,#1513,.F.);
#3402=EDGE_CURVE('',#4005,#4048,#1514,.F.);
#3403=EDGE_CURVE('',#4045,#4003,#1515,.T.);
#3404=EDGE_CURVE('',#4046,#4001,#1516,.F.);
#3405=EDGE_CURVE('',#3999,#4047,#1517,.F.);
#3406=EDGE_CURVE('',#4066,#4006,#1518,.F.);
#3407=EDGE_CURVE('',#4004,#4069,#1519,.T.);
#3408=EDGE_CURVE('',#4002,#4068,#1520,.F.);
#3409=EDGE_CURVE('',#4067,#4000,#1521,.F.);
#3410=EDGE_CURVE('',#4013,#4052,#1522,.F.);
#3411=EDGE_CURVE('',#4049,#4011,#1523,.T.);
#3412=EDGE_CURVE('',#4050,#4009,#1524,.F.);
#3413=EDGE_CURVE('',#4007,#4051,#1525,.F.);
#3414=EDGE_CURVE('',#4070,#4014,#1526,.F.);
#3415=EDGE_CURVE('',#4012,#4073,#1527,.T.);
#3416=EDGE_CURVE('',#4010,#4072,#1528,.F.);
#3417=EDGE_CURVE('',#4071,#4008,#1529,.F.);
#3418=EDGE_CURVE('',#4021,#4056,#1530,.F.);
#3419=EDGE_CURVE('',#4053,#4019,#1531,.T.);
#3420=EDGE_CURVE('',#4054,#4017,#1532,.F.);
#3421=EDGE_CURVE('',#4015,#4055,#1533,.F.);
#3422=EDGE_CURVE('',#4074,#4022,#1534,.F.);
#3423=EDGE_CURVE('',#4020,#4077,#1535,.T.);
#3424=EDGE_CURVE('',#4018,#4076,#1536,.F.);
#3425=EDGE_CURVE('',#4075,#4016,#1537,.F.);
#3426=EDGE_CURVE('',#4029,#4060,#1538,.F.);
#3427=EDGE_CURVE('',#4057,#4027,#1539,.T.);
#3428=EDGE_CURVE('',#4058,#4025,#1540,.F.);
#3429=EDGE_CURVE('',#4023,#4059,#1541,.F.);
#3430=EDGE_CURVE('',#4078,#4030,#1542,.F.);
#3431=EDGE_CURVE('',#4028,#4081,#1543,.T.);
#3432=EDGE_CURVE('',#4026,#4080,#1544,.F.);
#3433=EDGE_CURVE('',#4079,#4024,#1545,.F.);
#3434=EDGE_CURVE('',#4115,#4116,#471,.T.);
#3435=EDGE_CURVE('',#4115,#4117,#472,.T.);
#3436=EDGE_CURVE('',#4117,#4118,#4523,.F.);
#3437=EDGE_CURVE('',#4118,#4119,#473,.T.);
#3438=EDGE_CURVE('',#4119,#4116,#474,.F.);
#3439=EDGE_CURVE('',#4120,#4121,#4524,.F.);
#3440=EDGE_CURVE('',#4120,#4122,#475,.T.);
#3441=EDGE_CURVE('',#4122,#4123,#476,.T.);
#3442=EDGE_CURVE('',#4123,#4124,#477,.F.);
#3443=EDGE_CURVE('',#4124,#4121,#478,.T.);
#3444=EDGE_CURVE('',#4125,#4126,#479,.T.);
#3445=EDGE_CURVE('',#4126,#4127,#480,.T.);
#3446=EDGE_CURVE('',#4128,#4127,#481,.T.);
#3447=EDGE_CURVE('',#4125,#4128,#482,.T.);
#3448=EDGE_CURVE('',#4129,#4127,#483,.T.);
#3449=EDGE_CURVE('',#4129,#4130,#484,.T.);
#3450=EDGE_CURVE('',#4130,#4128,#485,.T.);
#3451=EDGE_CURVE('',#4131,#4132,#486,.T.);
#3452=EDGE_CURVE('',#4132,#4133,#487,.T.);
#3453=EDGE_CURVE('',#4134,#4133,#488,.T.);
#3454=EDGE_CURVE('',#4131,#4134,#489,.T.);
#3455=EDGE_CURVE('',#4135,#4135,#4525,.T.);
#3456=EDGE_CURVE('',#4136,#4137,#490,.T.);
#3457=EDGE_CURVE('',#4136,#4138,#491,.T.);
#3458=EDGE_CURVE('',#4138,#4139,#492,.T.);
#3459=EDGE_CURVE('',#4131,#4139,#493,.T.);
#3460=EDGE_CURVE('',#4134,#4140,#494,.T.);
#3461=EDGE_CURVE('',#4140,#4141,#495,.T.);
#3462=EDGE_CURVE('',#4141,#4137,#496,.T.);
#3463=EDGE_CURVE('',#4142,#4143,#497,.T.);
#3464=EDGE_CURVE('',#4144,#4142,#4526,.T.);
#3465=EDGE_CURVE('',#4144,#4145,#498,.T.);
#3466=EDGE_CURVE('',#4145,#4143,#4527,.T.);
#3467=EDGE_CURVE('',#4117,#4136,#10,.T.);
#3468=EDGE_CURVE('',#4137,#4120,#11,.F.);
#3469=EDGE_CURVE('',#4121,#4146,#12,.T.);
#3470=EDGE_CURVE('',#4147,#4146,#499,.T.);
#3471=EDGE_CURVE('',#4147,#4118,#13,.F.);
#3472=EDGE_CURVE('',#4148,#4149,#500,.T.);
#3473=EDGE_CURVE('',#4149,#4150,#501,.T.);
#3474=EDGE_CURVE('',#4151,#4150,#502,.T.);
#3475=EDGE_CURVE('',#4142,#4151,#503,.T.);
#3476=EDGE_CURVE('',#4143,#4148,#504,.T.);
#3477=EDGE_CURVE('',#4152,#4153,#505,.T.);
#3478=EDGE_CURVE('',#4153,#4154,#4528,.F.);
#3479=EDGE_CURVE('',#4154,#4155,#506,.F.);
#3480=EDGE_CURVE('',#4155,#4152,#4529,.T.);
#3481=EDGE_CURVE('',#4156,#4157,#507,.T.);
#3482=EDGE_CURVE('',#4157,#4158,#1546,.T.);
#3483=EDGE_CURVE('',#4145,#4158,#508,.T.);
#3484=EDGE_CURVE('',#4144,#4159,#509,.T.);
#3485=EDGE_CURVE('',#4159,#4156,#1547,.T.);
#3486=EDGE_CURVE('',#4160,#4160,#4530,.T.);
#3487=EDGE_CURVE('',#4161,#4162,#510,.T.);
#3488=EDGE_CURVE('',#4162,#4147,#511,.T.);
#3489=EDGE_CURVE('',#4146,#4163,#512,.T.);
#3490=EDGE_CURVE('',#4163,#4164,#513,.T.);
#3491=EDGE_CURVE('',#4165,#4164,#514,.T.);
#3492=EDGE_CURVE('',#4166,#4165,#515,.T.);
#3493=EDGE_CURVE('',#4166,#4161,#516,.T.);
#3494=EDGE_CURVE('',#4167,#4165,#517,.T.);
#3495=EDGE_CURVE('',#4167,#4168,#518,.T.);
#3496=EDGE_CURVE('',#4168,#4166,#519,.T.);
#3497=EDGE_CURVE('',#4169,#4125,#520,.T.);
#3498=EDGE_CURVE('',#4169,#4170,#521,.T.);
#3499=EDGE_CURVE('',#4170,#4126,#522,.T.);
#3500=EDGE_CURVE('',#4171,#4172,#523,.T.);
#3501=EDGE_CURVE('',#4172,#4140,#524,.T.);
#3502=EDGE_CURVE('',#4133,#4129,#525,.F.);
#3503=EDGE_CURVE('',#4170,#4167,#526,.T.);
#3504=EDGE_CURVE('',#4164,#4171,#527,.F.);
#3505=EDGE_CURVE('',#4122,#4173,#528,.F.);
#3506=EDGE_CURVE('',#4173,#4172,#529,.T.);
#3507=EDGE_CURVE('',#4171,#4123,#530,.T.);
#3508=EDGE_CURVE('',#4158,#4148,#4531,.T.);
#3509=EDGE_CURVE('',#4174,#4175,#531,.T.);
#3510=EDGE_CURVE('',#4175,#4176,#532,.T.);
#3511=EDGE_CURVE('',#4176,#4115,#533,.T.);
#3512=EDGE_CURVE('',#4116,#4174,#534,.T.);
#3513=EDGE_CURVE('',#4139,#4175,#535,.T.);
#3514=EDGE_CURVE('',#4174,#4161,#536,.F.);
#3515=EDGE_CURVE('',#4168,#4169,#537,.T.);
#3516=EDGE_CURVE('',#4130,#4132,#538,.F.);
#3517=EDGE_CURVE('',#4151,#4159,#4532,.F.);
#3518=EDGE_CURVE('',#4176,#4138,#539,.F.);
#3519=EDGE_CURVE('',#4141,#4173,#540,.T.);
#3520=EDGE_CURVE('',#4162,#4119,#541,.F.);
#3521=EDGE_CURVE('',#4124,#4163,#542,.T.);
#3522=EDGE_CURVE('',#4152,#4150,#1548,.F.);
#3523=EDGE_CURVE('',#4156,#4155,#1549,.T.);
#3524=EDGE_CURVE('',#4157,#4154,#1550,.T.);
#3525=EDGE_CURVE('',#4153,#4149,#1551,.F.);
#3526=EDGE_CURVE('',#4177,#4177,#4533,.T.);
#3527=EDGE_CURVE('',#4178,#4179,#4534,.T.);
#3528=EDGE_CURVE('',#4180,#4178,#543,.F.);
#3529=EDGE_CURVE('',#4180,#4181,#4535,.T.);
#3530=EDGE_CURVE('',#4181,#4179,#544,.F.);
#3531=EDGE_CURVE('',#4182,#4183,#545,.T.);
#3532=EDGE_CURVE('',#4183,#4184,#546,.T.);
#3533=EDGE_CURVE('',#4185,#4184,#547,.T.);
#3534=EDGE_CURVE('',#4185,#4182,#548,.T.);
#3535=EDGE_CURVE('',#4184,#4186,#549,.T.);
#3536=EDGE_CURVE('',#4187,#4186,#550,.T.);
#3537=EDGE_CURVE('',#4185,#4187,#551,.T.);
#3538=EDGE_CURVE('',#4188,#4189,#552,.T.);
#3539=EDGE_CURVE('',#4189,#4190,#553,.T.);
#3540=EDGE_CURVE('',#4191,#4190,#554,.T.);
#3541=EDGE_CURVE('',#4191,#4188,#555,.T.);
#3542=EDGE_CURVE('',#4190,#4192,#556,.T.);
#3543=EDGE_CURVE('',#4193,#4192,#557,.T.);
#3544=EDGE_CURVE('',#4191,#4193,#558,.T.);
#3545=EDGE_CURVE('',#4194,#4195,#559,.T.);
#3546=EDGE_CURVE('',#4195,#4196,#560,.T.);
#3547=EDGE_CURVE('',#4197,#4196,#561,.T.);
#3548=EDGE_CURVE('',#4197,#4194,#562,.T.);
#3549=EDGE_CURVE('',#4196,#4198,#563,.T.);
#3550=EDGE_CURVE('',#4199,#4198,#564,.T.);
#3551=EDGE_CURVE('',#4197,#4199,#565,.T.);
#3552=EDGE_CURVE('',#4200,#4201,#566,.T.);
#3553=EDGE_CURVE('',#4201,#4202,#567,.T.);
#3554=EDGE_CURVE('',#4203,#4202,#568,.T.);
#3555=EDGE_CURVE('',#4203,#4200,#569,.T.);
#3556=EDGE_CURVE('',#4202,#4204,#570,.T.);
#3557=EDGE_CURVE('',#4205,#4204,#571,.T.);
#3558=EDGE_CURVE('',#4203,#4205,#572,.T.);
#3559=EDGE_CURVE('',#4206,#4207,#573,.T.);
#3560=EDGE_CURVE('',#4207,#4208,#574,.T.);
#3561=EDGE_CURVE('',#4209,#4208,#575,.T.);
#3562=EDGE_CURVE('',#4209,#4206,#576,.T.);
#3563=EDGE_CURVE('',#4208,#4210,#577,.T.);
#3564=EDGE_CURVE('',#4211,#4210,#578,.T.);
#3565=EDGE_CURVE('',#4209,#4211,#579,.T.);
#3566=EDGE_CURVE('',#4212,#4213,#580,.T.);
#3567=EDGE_CURVE('',#4213,#4214,#581,.T.);
#3568=EDGE_CURVE('',#4215,#4214,#582,.T.);
#3569=EDGE_CURVE('',#4215,#4212,#583,.T.);
#3570=EDGE_CURVE('',#4214,#4216,#584,.T.);
#3571=EDGE_CURVE('',#4217,#4216,#585,.T.);
#3572=EDGE_CURVE('',#4215,#4217,#586,.T.);
#3573=EDGE_CURVE('',#4218,#4218,#4536,.F.);
#3574=EDGE_CURVE('',#4219,#4219,#4537,.T.);
#3575=EDGE_CURVE('',#4186,#4183,#4538,.F.);
#3576=EDGE_CURVE('',#4182,#4187,#4539,.T.);
#3577=EDGE_CURVE('',#4192,#4189,#4540,.F.);
#3578=EDGE_CURVE('',#4188,#4193,#4541,.T.);
#3579=EDGE_CURVE('',#4198,#4195,#4542,.F.);
#3580=EDGE_CURVE('',#4194,#4199,#4543,.T.);
#3581=EDGE_CURVE('',#4204,#4201,#4544,.F.);
#3582=EDGE_CURVE('',#4200,#4205,#4545,.T.);
#3583=EDGE_CURVE('',#4210,#4207,#4546,.F.);
#3584=EDGE_CURVE('',#4206,#4211,#4547,.T.);
#3585=EDGE_CURVE('',#4216,#4213,#4548,.F.);
#3586=EDGE_CURVE('',#4212,#4217,#4549,.T.);
#3587=EDGE_CURVE('',#4220,#4221,#4550,.F.);
#3588=EDGE_CURVE('',#4220,#4222,#587,.T.);
#3589=EDGE_CURVE('',#4222,#4223,#4551,.F.);
#3590=EDGE_CURVE('',#4221,#4223,#588,.T.);
#3591=EDGE_CURVE('',#4224,#4224,#4552,.T.);
#3592=EDGE_CURVE('',#4225,#4226,#4553,.T.);
#3593=EDGE_CURVE('',#4226,#4227,#589,.T.);
#3594=EDGE_CURVE('',#4227,#4225,#590,.T.);
#3595=EDGE_CURVE('',#4228,#4229,#4554,.T.);
#3596=EDGE_CURVE('',#4229,#4230,#591,.T.);
#3597=EDGE_CURVE('',#4230,#4228,#592,.T.);
#3598=EDGE_CURVE('',#4231,#4232,#4555,.T.);
#3599=EDGE_CURVE('',#4232,#4233,#593,.T.);
#3600=EDGE_CURVE('',#4233,#4231,#594,.T.);
#3601=EDGE_CURVE('',#4234,#4235,#595,.T.);
#3602=EDGE_CURVE('',#4235,#4236,#596,.T.);
#3603=EDGE_CURVE('',#4236,#4234,#4556,.T.);
#3604=EDGE_CURVE('',#4237,#4238,#4557,.T.);
#3605=EDGE_CURVE('',#4238,#4239,#597,.T.);
#3606=EDGE_CURVE('',#4239,#4237,#598,.T.);
#3607=EDGE_CURVE('',#4240,#4241,#4558,.T.);
#3608=EDGE_CURVE('',#4241,#4242,#599,.T.);
#3609=EDGE_CURVE('',#4242,#4240,#600,.T.);
#3610=EDGE_CURVE('',#4243,#4243,#4559,.F.);
#3611=EDGE_CURVE('',#4220,#4244,#601,.F.);
#3612=EDGE_CURVE('',#4221,#4245,#602,.F.);
#3613=EDGE_CURVE('',#4245,#4244,#4560,.T.);
#3614=EDGE_CURVE('',#4244,#4246,#603,.T.);
#3615=EDGE_CURVE('',#4245,#4247,#604,.T.);
#3616=EDGE_CURVE('',#4246,#4247,#4561,.F.);
#3617=EDGE_CURVE('',#4246,#4248,#605,.F.);
#3618=EDGE_CURVE('',#4247,#4249,#606,.F.);
#3619=EDGE_CURVE('',#4249,#4248,#4562,.T.);
#3620=EDGE_CURVE('',#4250,#4250,#4563,.T.);
#3621=EDGE_CURVE('',#4181,#4222,#1552,.T.);
#3622=EDGE_CURVE('',#4180,#4223,#1553,.T.);
#3623=EDGE_CURVE('',#4190,#4227,#607,.T.);
#3624=EDGE_CURVE('',#4225,#4189,#1554,.F.);
#3625=EDGE_CURVE('',#4226,#4192,#1555,.F.);
#3626=EDGE_CURVE('',#4214,#4230,#608,.T.);
#3627=EDGE_CURVE('',#4228,#4213,#1556,.F.);
#3628=EDGE_CURVE('',#4229,#4216,#1557,.F.);
#3629=EDGE_CURVE('',#4208,#4233,#609,.T.);
#3630=EDGE_CURVE('',#4231,#4207,#1558,.F.);
#3631=EDGE_CURVE('',#4232,#4210,#1559,.F.);
#3632=EDGE_CURVE('',#4235,#4202,#610,.T.);
#3633=EDGE_CURVE('',#4204,#4234,#1560,.T.);
#3634=EDGE_CURVE('',#4201,#4236,#1561,.F.);
#3635=EDGE_CURVE('',#4196,#4239,#611,.T.);
#3636=EDGE_CURVE('',#4237,#4195,#1562,.F.);
#3637=EDGE_CURVE('',#4238,#4198,#1563,.F.);
#3638=EDGE_CURVE('',#4184,#4242,#612,.T.);
#3639=EDGE_CURVE('',#4240,#4183,#1564,.F.);
#3640=EDGE_CURVE('',#4241,#4186,#1565,.F.);
#3641=EDGE_CURVE('',#4248,#4179,#613,.T.);
#3642=EDGE_CURVE('',#4249,#4178,#614,.T.);
#3643=EDGE_CURVE('',#4251,#4252,#4564,.T.);
#3644=EDGE_CURVE('',#4253,#4251,#615,.T.);
#3645=EDGE_CURVE('',#4253,#4254,#4565,.T.);
#3646=EDGE_CURVE('',#4254,#4252,#616,.T.);
#3647=EDGE_CURVE('',#4251,#4255,#617,.T.);
#3648=EDGE_CURVE('',#4256,#4255,#618,.T.);
#3649=EDGE_CURVE('',#4253,#4256,#619,.T.);
#3650=EDGE_CURVE('',#4255,#4257,#620,.T.);
#3651=EDGE_CURVE('',#4258,#4257,#621,.T.);
#3652=EDGE_CURVE('',#4256,#4258,#622,.T.);
#3653=EDGE_CURVE('',#4257,#4259,#623,.T.);
#3654=EDGE_CURVE('',#4260,#4259,#624,.T.);
#3655=EDGE_CURVE('',#4258,#4260,#625,.T.);
#3656=EDGE_CURVE('',#4261,#4259,#626,.T.);
#3657=EDGE_CURVE('',#4262,#4261,#627,.T.);
#3658=EDGE_CURVE('',#4262,#4260,#628,.T.);
#3659=EDGE_CURVE('',#4263,#4261,#629,.T.);
#3660=EDGE_CURVE('',#4264,#4263,#630,.T.);
#3661=EDGE_CURVE('',#4264,#4262,#631,.T.);
#3662=EDGE_CURVE('',#4265,#4263,#632,.T.);
#3663=EDGE_CURVE('',#4266,#4265,#633,.T.);
#3664=EDGE_CURVE('',#4266,#4264,#634,.T.);
#3665=EDGE_CURVE('',#4267,#4265,#635,.T.);
#3666=EDGE_CURVE('',#4268,#4267,#636,.T.);
#3667=EDGE_CURVE('',#4268,#4266,#637,.T.);
#3668=EDGE_CURVE('',#4269,#4267,#4566,.T.);
#3669=EDGE_CURVE('',#4270,#4269,#638,.T.);
#3670=EDGE_CURVE('',#4270,#4268,#4567,.T.);
#3671=EDGE_CURVE('',#4269,#4271,#639,.T.);
#3672=EDGE_CURVE('',#4272,#4271,#640,.T.);
#3673=EDGE_CURVE('',#4270,#4272,#641,.T.);
#3674=EDGE_CURVE('',#4271,#4273,#642,.T.);
#3675=EDGE_CURVE('',#4274,#4273,#643,.T.);
#3676=EDGE_CURVE('',#4272,#4274,#644,.T.);
#3677=EDGE_CURVE('',#4273,#4275,#645,.T.);
#3678=EDGE_CURVE('',#4276,#4275,#646,.T.);
#3679=EDGE_CURVE('',#4274,#4276,#647,.T.);
#3680=EDGE_CURVE('',#4277,#4275,#648,.T.);
#3681=EDGE_CURVE('',#4278,#4277,#649,.T.);
#3682=EDGE_CURVE('',#4278,#4276,#650,.T.);
#3683=EDGE_CURVE('',#4279,#4277,#651,.T.);
#3684=EDGE_CURVE('',#4280,#4279,#652,.T.);
#3685=EDGE_CURVE('',#4280,#4278,#653,.T.);
#3686=EDGE_CURVE('',#4281,#4279,#654,.T.);
#3687=EDGE_CURVE('',#4282,#4281,#655,.T.);
#3688=EDGE_CURVE('',#4282,#4280,#656,.T.);
#3689=EDGE_CURVE('',#4283,#4281,#657,.T.);
#3690=EDGE_CURVE('',#4284,#4283,#658,.T.);
#3691=EDGE_CURVE('',#4284,#4282,#659,.T.);
#3692=EDGE_CURVE('',#4285,#4283,#4568,.T.);
#3693=EDGE_CURVE('',#4286,#4285,#660,.T.);
#3694=EDGE_CURVE('',#4286,#4284,#4569,.T.);
#3695=EDGE_CURVE('',#4285,#4287,#661,.T.);
#3696=EDGE_CURVE('',#4288,#4287,#662,.T.);
#3697=EDGE_CURVE('',#4286,#4288,#663,.T.);
#3698=EDGE_CURVE('',#4287,#4289,#664,.T.);
#3699=EDGE_CURVE('',#4290,#4289,#665,.T.);
#3700=EDGE_CURVE('',#4288,#4290,#666,.T.);
#3701=EDGE_CURVE('',#4289,#4291,#667,.T.);
#3702=EDGE_CURVE('',#4292,#4291,#668,.T.);
#3703=EDGE_CURVE('',#4290,#4292,#669,.T.);
#3704=EDGE_CURVE('',#4293,#4291,#670,.T.);
#3705=EDGE_CURVE('',#4294,#4293,#671,.T.);
#3706=EDGE_CURVE('',#4294,#4292,#672,.T.);
#3707=EDGE_CURVE('',#4295,#4293,#673,.T.);
#3708=EDGE_CURVE('',#4296,#4295,#674,.T.);
#3709=EDGE_CURVE('',#4296,#4294,#675,.T.);
#3710=EDGE_CURVE('',#4297,#4295,#676,.T.);
#3711=EDGE_CURVE('',#4298,#4297,#677,.T.);
#3712=EDGE_CURVE('',#4298,#4296,#678,.T.);
#3713=EDGE_CURVE('',#4299,#4297,#679,.T.);
#3714=EDGE_CURVE('',#4300,#4299,#680,.T.);
#3715=EDGE_CURVE('',#4300,#4298,#681,.T.);
#3716=EDGE_CURVE('',#4301,#4299,#4570,.T.);
#3717=EDGE_CURVE('',#4302,#4301,#682,.T.);
#3718=EDGE_CURVE('',#4302,#4300,#4571,.T.);
#3719=EDGE_CURVE('',#4301,#4303,#683,.T.);
#3720=EDGE_CURVE('',#4304,#4303,#684,.T.);
#3721=EDGE_CURVE('',#4302,#4304,#685,.T.);
#3722=EDGE_CURVE('',#4303,#4305,#686,.T.);
#3723=EDGE_CURVE('',#4306,#4305,#687,.T.);
#3724=EDGE_CURVE('',#4304,#4306,#688,.T.);
#3725=EDGE_CURVE('',#4305,#4307,#689,.T.);
#3726=EDGE_CURVE('',#4308,#4307,#690,.T.);
#3727=EDGE_CURVE('',#4306,#4308,#691,.T.);
#3728=EDGE_CURVE('',#4309,#4307,#692,.T.);
#3729=EDGE_CURVE('',#4310,#4309,#693,.T.);
#3730=EDGE_CURVE('',#4310,#4308,#694,.T.);
#3731=EDGE_CURVE('',#4311,#4309,#695,.T.);
#3732=EDGE_CURVE('',#4312,#4311,#696,.T.);
#3733=EDGE_CURVE('',#4312,#4310,#697,.T.);
#3734=EDGE_CURVE('',#4313,#4311,#698,.T.);
#3735=EDGE_CURVE('',#4314,#4313,#699,.T.);
#3736=EDGE_CURVE('',#4314,#4312,#700,.T.);
#3737=EDGE_CURVE('',#4315,#4313,#701,.T.);
#3738=EDGE_CURVE('',#4316,#4315,#702,.T.);
#3739=EDGE_CURVE('',#4316,#4314,#703,.T.);
#3740=EDGE_CURVE('',#4317,#4315,#4572,.T.);
#3741=EDGE_CURVE('',#4318,#4317,#704,.T.);
#3742=EDGE_CURVE('',#4318,#4316,#4573,.T.);
#3743=EDGE_CURVE('',#4317,#4319,#705,.T.);
#3744=EDGE_CURVE('',#4320,#4319,#706,.T.);
#3745=EDGE_CURVE('',#4318,#4320,#707,.T.);
#3746=EDGE_CURVE('',#4319,#4321,#708,.T.);
#3747=EDGE_CURVE('',#4322,#4321,#709,.T.);
#3748=EDGE_CURVE('',#4320,#4322,#710,.T.);
#3749=EDGE_CURVE('',#4321,#4323,#711,.T.);
#3750=EDGE_CURVE('',#4324,#4323,#712,.T.);
#3751=EDGE_CURVE('',#4322,#4324,#713,.T.);
#3752=EDGE_CURVE('',#4325,#4323,#714,.T.);
#3753=EDGE_CURVE('',#4326,#4325,#715,.T.);
#3754=EDGE_CURVE('',#4326,#4324,#716,.T.);
#3755=EDGE_CURVE('',#4327,#4325,#717,.T.);
#3756=EDGE_CURVE('',#4328,#4327,#718,.T.);
#3757=EDGE_CURVE('',#4328,#4326,#719,.T.);
#3758=EDGE_CURVE('',#4329,#4327,#720,.T.);
#3759=EDGE_CURVE('',#4330,#4329,#721,.T.);
#3760=EDGE_CURVE('',#4330,#4328,#722,.T.);
#3761=EDGE_CURVE('',#4331,#4329,#723,.T.);
#3762=EDGE_CURVE('',#4332,#4331,#724,.T.);
#3763=EDGE_CURVE('',#4332,#4330,#725,.T.);
#3764=EDGE_CURVE('',#4333,#4331,#4574,.T.);
#3765=EDGE_CURVE('',#4334,#4333,#726,.T.);
#3766=EDGE_CURVE('',#4334,#4332,#4575,.T.);
#3767=EDGE_CURVE('',#4333,#4335,#727,.T.);
#3768=EDGE_CURVE('',#4336,#4335,#728,.T.);
#3769=EDGE_CURVE('',#4334,#4336,#729,.T.);
#3770=EDGE_CURVE('',#4335,#4337,#730,.T.);
#3771=EDGE_CURVE('',#4338,#4337,#731,.T.);
#3772=EDGE_CURVE('',#4336,#4338,#732,.T.);
#3773=EDGE_CURVE('',#4337,#4339,#733,.T.);
#3774=EDGE_CURVE('',#4340,#4339,#734,.T.);
#3775=EDGE_CURVE('',#4338,#4340,#735,.T.);
#3776=EDGE_CURVE('',#4341,#4339,#736,.T.);
#3777=EDGE_CURVE('',#4342,#4341,#737,.T.);
#3778=EDGE_CURVE('',#4342,#4340,#738,.T.);
#3779=EDGE_CURVE('',#4343,#4341,#739,.T.);
#3780=EDGE_CURVE('',#4344,#4343,#740,.T.);
#3781=EDGE_CURVE('',#4344,#4342,#741,.T.);
#3782=EDGE_CURVE('',#4345,#4343,#742,.T.);
#3783=EDGE_CURVE('',#4346,#4345,#743,.T.);
#3784=EDGE_CURVE('',#4346,#4344,#744,.T.);
#3785=EDGE_CURVE('',#4347,#4345,#745,.T.);
#3786=EDGE_CURVE('',#4348,#4347,#746,.T.);
#3787=EDGE_CURVE('',#4348,#4346,#747,.T.);
#3788=EDGE_CURVE('',#4349,#4347,#4576,.T.);
#3789=EDGE_CURVE('',#4350,#4349,#748,.T.);
#3790=EDGE_CURVE('',#4350,#4348,#4577,.T.);
#3791=EDGE_CURVE('',#4349,#4351,#749,.T.);
#3792=EDGE_CURVE('',#4352,#4351,#750,.T.);
#3793=EDGE_CURVE('',#4350,#4352,#751,.T.);
#3794=EDGE_CURVE('',#4351,#4353,#752,.T.);
#3795=EDGE_CURVE('',#4354,#4353,#753,.T.);
#3796=EDGE_CURVE('',#4352,#4354,#754,.T.);
#3797=EDGE_CURVE('',#4353,#4355,#755,.T.);
#3798=EDGE_CURVE('',#4356,#4355,#756,.T.);
#3799=EDGE_CURVE('',#4354,#4356,#757,.T.);
#3800=EDGE_CURVE('',#4357,#4355,#758,.T.);
#3801=EDGE_CURVE('',#4358,#4357,#759,.T.);
#3802=EDGE_CURVE('',#4358,#4356,#760,.T.);
#3803=EDGE_CURVE('',#4359,#4357,#761,.T.);
#3804=EDGE_CURVE('',#4360,#4359,#762,.T.);
#3805=EDGE_CURVE('',#4360,#4358,#763,.T.);
#3806=EDGE_CURVE('',#4361,#4359,#764,.T.);
#3807=EDGE_CURVE('',#4362,#4361,#765,.T.);
#3808=EDGE_CURVE('',#4362,#4360,#766,.T.);
#3809=EDGE_CURVE('',#4363,#4361,#767,.T.);
#3810=EDGE_CURVE('',#4364,#4363,#768,.T.);
#3811=EDGE_CURVE('',#4364,#4362,#769,.T.);
#3812=EDGE_CURVE('',#4365,#4363,#4578,.T.);
#3813=EDGE_CURVE('',#4366,#4365,#770,.T.);
#3814=EDGE_CURVE('',#4366,#4364,#4579,.T.);
#3815=EDGE_CURVE('',#4365,#4367,#771,.T.);
#3816=EDGE_CURVE('',#4368,#4367,#772,.T.);
#3817=EDGE_CURVE('',#4366,#4368,#773,.T.);
#3818=EDGE_CURVE('',#4367,#4369,#774,.T.);
#3819=EDGE_CURVE('',#4370,#4369,#775,.T.);
#3820=EDGE_CURVE('',#4368,#4370,#776,.T.);
#3821=EDGE_CURVE('',#4369,#4371,#777,.T.);
#3822=EDGE_CURVE('',#4372,#4371,#778,.T.);
#3823=EDGE_CURVE('',#4370,#4372,#779,.T.);
#3824=EDGE_CURVE('',#4373,#4371,#780,.T.);
#3825=EDGE_CURVE('',#4374,#4373,#781,.T.);
#3826=EDGE_CURVE('',#4374,#4372,#782,.T.);
#3827=EDGE_CURVE('',#4375,#4373,#783,.T.);
#3828=EDGE_CURVE('',#4376,#4375,#784,.T.);
#3829=EDGE_CURVE('',#4376,#4374,#785,.T.);
#3830=EDGE_CURVE('',#4377,#4375,#786,.T.);
#3831=EDGE_CURVE('',#4378,#4377,#787,.T.);
#3832=EDGE_CURVE('',#4378,#4376,#788,.T.);
#3833=EDGE_CURVE('',#4379,#4377,#789,.T.);
#3834=EDGE_CURVE('',#4380,#4379,#790,.T.);
#3835=EDGE_CURVE('',#4380,#4378,#791,.T.);
#3836=EDGE_CURVE('',#4381,#4379,#4580,.T.);
#3837=EDGE_CURVE('',#4382,#4381,#792,.T.);
#3838=EDGE_CURVE('',#4382,#4380,#4581,.T.);
#3839=EDGE_CURVE('',#4381,#4383,#793,.T.);
#3840=EDGE_CURVE('',#4384,#4383,#794,.T.);
#3841=EDGE_CURVE('',#4382,#4384,#795,.T.);
#3842=EDGE_CURVE('',#4383,#4385,#796,.T.);
#3843=EDGE_CURVE('',#4386,#4385,#797,.T.);
#3844=EDGE_CURVE('',#4384,#4386,#798,.T.);
#3845=EDGE_CURVE('',#4385,#4387,#799,.T.);
#3846=EDGE_CURVE('',#4388,#4387,#800,.T.);
#3847=EDGE_CURVE('',#4386,#4388,#801,.T.);
#3848=EDGE_CURVE('',#4389,#4387,#802,.T.);
#3849=EDGE_CURVE('',#4390,#4389,#803,.T.);
#3850=EDGE_CURVE('',#4390,#4388,#804,.T.);
#3851=EDGE_CURVE('',#4391,#4389,#805,.T.);
#3852=EDGE_CURVE('',#4392,#4391,#806,.T.);
#3853=EDGE_CURVE('',#4392,#4390,#807,.T.);
#3854=EDGE_CURVE('',#4393,#4391,#808,.T.);
#3855=EDGE_CURVE('',#4394,#4393,#809,.T.);
#3856=EDGE_CURVE('',#4394,#4392,#810,.T.);
#3857=EDGE_CURVE('',#4395,#4393,#811,.T.);
#3858=EDGE_CURVE('',#4396,#4395,#812,.T.);
#3859=EDGE_CURVE('',#4396,#4394,#813,.T.);
#3860=EDGE_CURVE('',#4397,#4395,#4582,.T.);
#3861=EDGE_CURVE('',#4398,#4397,#814,.T.);
#3862=EDGE_CURVE('',#4398,#4396,#4583,.T.);
#3863=EDGE_CURVE('',#4397,#4399,#815,.T.);
#3864=EDGE_CURVE('',#4400,#4399,#816,.T.);
#3865=EDGE_CURVE('',#4398,#4400,#817,.T.);
#3866=EDGE_CURVE('',#4399,#4401,#818,.T.);
#3867=EDGE_CURVE('',#4402,#4401,#819,.T.);
#3868=EDGE_CURVE('',#4400,#4402,#820,.T.);
#3869=EDGE_CURVE('',#4401,#4403,#821,.T.);
#3870=EDGE_CURVE('',#4404,#4403,#822,.T.);
#3871=EDGE_CURVE('',#4402,#4404,#823,.T.);
#3872=EDGE_CURVE('',#4405,#4403,#824,.T.);
#3873=EDGE_CURVE('',#4406,#4405,#825,.T.);
#3874=EDGE_CURVE('',#4406,#4404,#826,.T.);
#3875=EDGE_CURVE('',#4407,#4405,#827,.T.);
#3876=EDGE_CURVE('',#4408,#4407,#828,.T.);
#3877=EDGE_CURVE('',#4408,#4406,#829,.T.);
#3878=EDGE_CURVE('',#4409,#4407,#830,.T.);
#3879=EDGE_CURVE('',#4410,#4409,#831,.T.);
#3880=EDGE_CURVE('',#4410,#4408,#832,.T.);
#3881=EDGE_CURVE('',#4411,#4409,#833,.T.);
#3882=EDGE_CURVE('',#4412,#4411,#834,.T.);
#3883=EDGE_CURVE('',#4412,#4410,#835,.T.);
#3884=EDGE_CURVE('',#4413,#4411,#4584,.T.);
#3885=EDGE_CURVE('',#4414,#4413,#836,.T.);
#3886=EDGE_CURVE('',#4414,#4412,#4585,.T.);
#3887=EDGE_CURVE('',#4413,#4415,#837,.T.);
#3888=EDGE_CURVE('',#4416,#4415,#838,.T.);
#3889=EDGE_CURVE('',#4414,#4416,#839,.T.);
#3890=EDGE_CURVE('',#4415,#4417,#840,.T.);
#3891=EDGE_CURVE('',#4418,#4417,#841,.T.);
#3892=EDGE_CURVE('',#4416,#4418,#842,.T.);
#3893=EDGE_CURVE('',#4417,#4419,#843,.T.);
#3894=EDGE_CURVE('',#4420,#4419,#844,.T.);
#3895=EDGE_CURVE('',#4418,#4420,#845,.T.);
#3896=EDGE_CURVE('',#4421,#4419,#846,.T.);
#3897=EDGE_CURVE('',#4422,#4421,#847,.T.);
#3898=EDGE_CURVE('',#4422,#4420,#848,.T.);
#3899=EDGE_CURVE('',#4423,#4421,#849,.T.);
#3900=EDGE_CURVE('',#4424,#4423,#850,.T.);
#3901=EDGE_CURVE('',#4424,#4422,#851,.T.);
#3902=EDGE_CURVE('',#4425,#4423,#852,.T.);
#3903=EDGE_CURVE('',#4426,#4425,#853,.T.);
#3904=EDGE_CURVE('',#4426,#4424,#854,.T.);
#3905=EDGE_CURVE('',#4427,#4425,#855,.T.);
#3906=EDGE_CURVE('',#4428,#4427,#856,.T.);
#3907=EDGE_CURVE('',#4428,#4426,#857,.T.);
#3908=EDGE_CURVE('',#4429,#4427,#4586,.T.);
#3909=EDGE_CURVE('',#4430,#4429,#858,.T.);
#3910=EDGE_CURVE('',#4430,#4428,#4587,.T.);
#3911=EDGE_CURVE('',#4429,#4431,#859,.T.);
#3912=EDGE_CURVE('',#4432,#4431,#860,.T.);
#3913=EDGE_CURVE('',#4430,#4432,#861,.T.);
#3914=EDGE_CURVE('',#4431,#4433,#862,.T.);
#3915=EDGE_CURVE('',#4434,#4433,#863,.T.);
#3916=EDGE_CURVE('',#4432,#4434,#864,.T.);
#3917=EDGE_CURVE('',#4433,#4435,#865,.T.);
#3918=EDGE_CURVE('',#4436,#4435,#866,.T.);
#3919=EDGE_CURVE('',#4434,#4436,#867,.T.);
#3920=EDGE_CURVE('',#4437,#4435,#868,.T.);
#3921=EDGE_CURVE('',#4438,#4437,#869,.T.);
#3922=EDGE_CURVE('',#4438,#4436,#870,.T.);
#3923=EDGE_CURVE('',#4439,#4437,#871,.T.);
#3924=EDGE_CURVE('',#4440,#4439,#872,.T.);
#3925=EDGE_CURVE('',#4440,#4438,#873,.T.);
#3926=EDGE_CURVE('',#4441,#4439,#874,.T.);
#3927=EDGE_CURVE('',#4442,#4441,#875,.T.);
#3928=EDGE_CURVE('',#4442,#4440,#876,.T.);
#3929=EDGE_CURVE('',#4443,#4443,#4588,.T.);
#3930=EDGE_CURVE('',#4444,#4444,#4589,.T.);
#3931=EDGE_CURVE('',#4252,#4441,#877,.T.);
#3932=EDGE_CURVE('',#4254,#4442,#878,.T.);
#3933=VERTEX_POINT('',#7561);
#3934=VERTEX_POINT('',#7563);
#3935=VERTEX_POINT('',#7564);
#3936=VERTEX_POINT('',#7569);
#3937=VERTEX_POINT('',#7571);
#3938=VERTEX_POINT('',#7576);
#3939=VERTEX_POINT('',#7578);
#3940=VERTEX_POINT('',#7583);
#3941=VERTEX_POINT('',#7585);
#3942=VERTEX_POINT('',#7590);
#3943=VERTEX_POINT('',#7592);
#3944=VERTEX_POINT('',#7597);
#3945=VERTEX_POINT('',#7599);
#3946=VERTEX_POINT('',#7604);
#3947=VERTEX_POINT('',#7606);
#3948=VERTEX_POINT('',#7611);
#3949=VERTEX_POINT('',#7613);
#3950=VERTEX_POINT('',#7618);
#3951=VERTEX_POINT('',#7620);
#3952=VERTEX_POINT('',#7625);
#3953=VERTEX_POINT('',#7627);
#3954=VERTEX_POINT('',#7632);
#3955=VERTEX_POINT('',#7634);
#3956=VERTEX_POINT('',#7639);
#3957=VERTEX_POINT('',#7641);
#3958=VERTEX_POINT('',#7646);
#3959=VERTEX_POINT('',#7648);
#3960=VERTEX_POINT('',#7653);
#3961=VERTEX_POINT('',#7655);
#3962=VERTEX_POINT('',#7660);
#3963=VERTEX_POINT('',#7662);
#3964=VERTEX_POINT('',#7667);
#3965=VERTEX_POINT('',#7669);
#3966=VERTEX_POINT('',#7676);
#3967=VERTEX_POINT('',#7678);
#3968=VERTEX_POINT('',#7682);
#3969=VERTEX_POINT('',#7684);
#3970=VERTEX_POINT('',#7688);
#3971=VERTEX_POINT('',#7690);
#3972=VERTEX_POINT('',#7694);
#3973=VERTEX_POINT('',#7696);
#3974=VERTEX_POINT('',#7700);
#3975=VERTEX_POINT('',#7702);
#3976=VERTEX_POINT('',#7706);
#3977=VERTEX_POINT('',#7708);
#3978=VERTEX_POINT('',#7712);
#3979=VERTEX_POINT('',#7714);
#3980=VERTEX_POINT('',#7718);
#3981=VERTEX_POINT('',#7720);
#3982=VERTEX_POINT('',#7721);
#3983=VERTEX_POINT('',#7726);
#3984=VERTEX_POINT('',#7728);
#3985=VERTEX_POINT('',#7737);
#3986=VERTEX_POINT('',#7739);
#3987=VERTEX_POINT('',#7748);
#3988=VERTEX_POINT('',#7750);
#3989=VERTEX_POINT('',#7759);
#3990=VERTEX_POINT('',#7761);
#3991=VERTEX_POINT('',#7770);
#3992=VERTEX_POINT('',#7772);
#3993=VERTEX_POINT('',#7781);
#3994=VERTEX_POINT('',#7783);
#3995=VERTEX_POINT('',#7792);
#3996=VERTEX_POINT('',#7794);
#3997=VERTEX_POINT('',#7803);
#3998=VERTEX_POINT('',#7805);
#3999=VERTEX_POINT('',#7815);
#4000=VERTEX_POINT('',#7816);
#4001=VERTEX_POINT('',#7818);
#4002=VERTEX_POINT('',#7820);
#4003=VERTEX_POINT('',#7824);
#4004=VERTEX_POINT('',#7826);
#4005=VERTEX_POINT('',#7830);
#4006=VERTEX_POINT('',#7832);
#4007=VERTEX_POINT('',#7836);
#4008=VERTEX_POINT('',#7837);
#4009=VERTEX_POINT('',#7839);
#4010=VERTEX_POINT('',#7841);
#4011=VERTEX_POINT('',#7845);
#4012=VERTEX_POINT('',#7847);
#4013=VERTEX_POINT('',#7851);
#4014=VERTEX_POINT('',#7853);
#4015=VERTEX_POINT('',#7857);
#4016=VERTEX_POINT('',#7858);
#4017=VERTEX_POINT('',#7860);
#4018=VERTEX_POINT('',#7862);
#4019=VERTEX_POINT('',#7866);
#4020=VERTEX_POINT('',#7868);
#4021=VERTEX_POINT('',#7872);
#4022=VERTEX_POINT('',#7874);
#4023=VERTEX_POINT('',#7878);
#4024=VERTEX_POINT('',#7879);
#4025=VERTEX_POINT('',#7881);
#4026=VERTEX_POINT('',#7883);
#4027=VERTEX_POINT('',#7887);
#4028=VERTEX_POINT('',#7889);
#4029=VERTEX_POINT('',#7893);
#4030=VERTEX_POINT('',#7895);
#4031=VERTEX_POINT('',#7899);
#4032=VERTEX_POINT('',#7900);
#4033=VERTEX_POINT('',#7902);
#4034=VERTEX_POINT('',#7904);
#4035=VERTEX_POINT('',#7908);
#4036=VERTEX_POINT('',#7910);
#4037=VERTEX_POINT('',#7914);
#4038=VERTEX_POINT('',#7916);
#4039=VERTEX_POINT('',#7935);
#4040=VERTEX_POINT('',#7937);
#4041=VERTEX_POINT('',#7940);
#4042=VERTEX_POINT('',#7941);
#4043=VERTEX_POINT('',#7943);
#4044=VERTEX_POINT('',#7945);
#4045=VERTEX_POINT('',#7948);
#4046=VERTEX_POINT('',#7949);
#4047=VERTEX_POINT('',#7951);
#4048=VERTEX_POINT('',#7953);
#4049=VERTEX_POINT('',#7956);
#4050=VERTEX_POINT('',#7957);
#4051=VERTEX_POINT('',#7959);
#4052=VERTEX_POINT('',#7961);
#4053=VERTEX_POINT('',#7964);
#4054=VERTEX_POINT('',#7965);
#4055=VERTEX_POINT('',#7967);
#4056=VERTEX_POINT('',#7969);
#4057=VERTEX_POINT('',#7972);
#4058=VERTEX_POINT('',#7973);
#4059=VERTEX_POINT('',#7975);
#4060=VERTEX_POINT('',#7977);
#4061=VERTEX_POINT('',#7980);
#4062=VERTEX_POINT('',#7983);
#4063=VERTEX_POINT('',#7984);
#4064=VERTEX_POINT('',#7986);
#4065=VERTEX_POINT('',#7988);
#4066=VERTEX_POINT('',#7991);
#4067=VERTEX_POINT('',#7992);
#4068=VERTEX_POINT('',#7994);
#4069=VERTEX_POINT('',#7996);
#4070=VERTEX_POINT('',#7999);
#4071=VERTEX_POINT('',#8000);
#4072=VERTEX_POINT('',#8002);
#4073=VERTEX_POINT('',#8004);
#4074=VERTEX_POINT('',#8007);
#4075=VERTEX_POINT('',#8008);
#4076=VERTEX_POINT('',#8010);
#4077=VERTEX_POINT('',#8012);
#4078=VERTEX_POINT('',#8015);
#4079=VERTEX_POINT('',#8016);
#4080=VERTEX_POINT('',#8018);
#4081=VERTEX_POINT('',#8020);
#4082=VERTEX_POINT('',#8023);
#4083=VERTEX_POINT('',#8026);
#4084=VERTEX_POINT('',#8028);
#4085=VERTEX_POINT('',#8032);
#4086=VERTEX_POINT('',#8036);
#4087=VERTEX_POINT('',#8043);
#4088=VERTEX_POINT('',#8045);
#4089=VERTEX_POINT('',#8049);
#4090=VERTEX_POINT('',#8053);
#4091=VERTEX_POINT('',#8060);
#4092=VERTEX_POINT('',#8062);
#4093=VERTEX_POINT('',#8066);
#4094=VERTEX_POINT('',#8070);
#4095=VERTEX_POINT('',#8077);
#4096=VERTEX_POINT('',#8079);
#4097=VERTEX_POINT('',#8083);
#4098=VERTEX_POINT('',#8087);
#4099=VERTEX_POINT('',#8094);
#4100=VERTEX_POINT('',#8096);
#4101=VERTEX_POINT('',#8100);
#4102=VERTEX_POINT('',#8104);
#4103=VERTEX_POINT('',#8111);
#4104=VERTEX_POINT('',#8113);
#4105=VERTEX_POINT('',#8117);
#4106=VERTEX_POINT('',#8121);
#4107=VERTEX_POINT('',#8128);
#4108=VERTEX_POINT('',#8130);
#4109=VERTEX_POINT('',#8134);
#4110=VERTEX_POINT('',#8138);
#4111=VERTEX_POINT('',#8145);
#4112=VERTEX_POINT('',#8147);
#4113=VERTEX_POINT('',#8151);
#4114=VERTEX_POINT('',#8155);
#4115=VERTEX_POINT('',#8365);
#4116=VERTEX_POINT('',#8366);
#4117=VERTEX_POINT('',#8368);
#4118=VERTEX_POINT('',#8370);
#4119=VERTEX_POINT('',#8372);
#4120=VERTEX_POINT('',#8376);
#4121=VERTEX_POINT('',#8377);
#4122=VERTEX_POINT('',#8379);
#4123=VERTEX_POINT('',#8381);
#4124=VERTEX_POINT('',#8383);
#4125=VERTEX_POINT('',#8387);
#4126=VERTEX_POINT('',#8388);
#4127=VERTEX_POINT('',#8390);
#4128=VERTEX_POINT('',#8392);
#4129=VERTEX_POINT('',#8396);
#4130=VERTEX_POINT('',#8398);
#4131=VERTEX_POINT('',#8402);
#4132=VERTEX_POINT('',#8403);
#4133=VERTEX_POINT('',#8405);
#4134=VERTEX_POINT('',#8407);
#4135=VERTEX_POINT('',#8411);
#4136=VERTEX_POINT('',#8413);
#4137=VERTEX_POINT('',#8414);
#4138=VERTEX_POINT('',#8416);
#4139=VERTEX_POINT('',#8418);
#4140=VERTEX_POINT('',#8421);
#4141=VERTEX_POINT('',#8423);
#4142=VERTEX_POINT('',#8427);
#4143=VERTEX_POINT('',#8428);
#4144=VERTEX_POINT('',#8430);
#4145=VERTEX_POINT('',#8432);
#4146=VERTEX_POINT('',#8437);
#4147=VERTEX_POINT('',#8439);
#4148=VERTEX_POINT('',#8443);
#4149=VERTEX_POINT('',#8444);
#4150=VERTEX_POINT('',#8446);
#4151=VERTEX_POINT('',#8448);
#4152=VERTEX_POINT('',#8453);
#4153=VERTEX_POINT('',#8454);
#4154=VERTEX_POINT('',#8456);
#4155=VERTEX_POINT('',#8458);
#4156=VERTEX_POINT('',#8462);
#4157=VERTEX_POINT('',#8463);
#4158=VERTEX_POINT('',#8468);
#4159=VERTEX_POINT('',#8471);
#4160=VERTEX_POINT('',#8478);
#4161=VERTEX_POINT('',#8480);
#4162=VERTEX_POINT('',#8481);
#4163=VERTEX_POINT('',#8484);
#4164=VERTEX_POINT('',#8486);
#4165=VERTEX_POINT('',#8488);
#4166=VERTEX_POINT('',#8490);
#4167=VERTEX_POINT('',#8494);
#4168=VERTEX_POINT('',#8496);
#4169=VERTEX_POINT('',#8500);
#4170=VERTEX_POINT('',#8502);
#4171=VERTEX_POINT('',#8506);
#4172=VERTEX_POINT('',#8507);
#4173=VERTEX_POINT('',#8514);
#4174=VERTEX_POINT('',#8521);
#4175=VERTEX_POINT('',#8522);
#4176=VERTEX_POINT('',#8524);
#4177=VERTEX_POINT('',#8578);
#4178=VERTEX_POINT('',#8580);
#4179=VERTEX_POINT('',#8581);
#4180=VERTEX_POINT('',#8583);
#4181=VERTEX_POINT('',#8585);
#4182=VERTEX_POINT('',#8589);
#4183=VERTEX_POINT('',#8590);
#4184=VERTEX_POINT('',#8592);
#4185=VERTEX_POINT('',#8594);
#4186=VERTEX_POINT('',#8598);
#4187=VERTEX_POINT('',#8600);
#4188=VERTEX_POINT('',#8604);
#4189=VERTEX_POINT('',#8605);
#4190=VERTEX_POINT('',#8607);
#4191=VERTEX_POINT('',#8609);
#4192=VERTEX_POINT('',#8613);
#4193=VERTEX_POINT('',#8615);
#4194=VERTEX_POINT('',#8619);
#4195=VERTEX_POINT('',#8620);
#4196=VERTEX_POINT('',#8622);
#4197=VERTEX_POINT('',#8624);
#4198=VERTEX_POINT('',#8628);
#4199=VERTEX_POINT('',#8630);
#4200=VERTEX_POINT('',#8634);
#4201=VERTEX_POINT('',#8635);
#4202=VERTEX_POINT('',#8637);
#4203=VERTEX_POINT('',#8639);
#4204=VERTEX_POINT('',#8643);
#4205=VERTEX_POINT('',#8645);
#4206=VERTEX_POINT('',#8649);
#4207=VERTEX_POINT('',#8650);
#4208=VERTEX_POINT('',#8652);
#4209=VERTEX_POINT('',#8654);
#4210=VERTEX_POINT('',#8658);
#4211=VERTEX_POINT('',#8660);
#4212=VERTEX_POINT('',#8664);
#4213=VERTEX_POINT('',#8665);
#4214=VERTEX_POINT('',#8667);
#4215=VERTEX_POINT('',#8669);
#4216=VERTEX_POINT('',#8673);
#4217=VERTEX_POINT('',#8675);
#4218=VERTEX_POINT('',#8679);
#4219=VERTEX_POINT('',#8681);
#4220=VERTEX_POINT('',#8702);
#4221=VERTEX_POINT('',#8703);
#4222=VERTEX_POINT('',#8705);
#4223=VERTEX_POINT('',#8707);
#4224=VERTEX_POINT('',#8711);
#4225=VERTEX_POINT('',#8713);
#4226=VERTEX_POINT('',#8714);
#4227=VERTEX_POINT('',#8716);
#4228=VERTEX_POINT('',#8719);
#4229=VERTEX_POINT('',#8720);
#4230=VERTEX_POINT('',#8722);
#4231=VERTEX_POINT('',#8725);
#4232=VERTEX_POINT('',#8726);
#4233=VERTEX_POINT('',#8728);
#4234=VERTEX_POINT('',#8731);
#4235=VERTEX_POINT('',#8732);
#4236=VERTEX_POINT('',#8734);
#4237=VERTEX_POINT('',#8737);
#4238=VERTEX_POINT('',#8738);
#4239=VERTEX_POINT('',#8740);
#4240=VERTEX_POINT('',#8743);
#4241=VERTEX_POINT('',#8744);
#4242=VERTEX_POINT('',#8746);
#4243=VERTEX_POINT('',#8749);
#4244=VERTEX_POINT('',#8752);
#4245=VERTEX_POINT('',#8754);
#4246=VERTEX_POINT('',#8758);
#4247=VERTEX_POINT('',#8760);
#4248=VERTEX_POINT('',#8764);
#4249=VERTEX_POINT('',#8766);
#4250=VERTEX_POINT('',#8769);
#4251=VERTEX_POINT('',#8868);
#4252=VERTEX_POINT('',#8869);
#4253=VERTEX_POINT('',#8871);
#4254=VERTEX_POINT('',#8873);
#4255=VERTEX_POINT('',#8877);
#4256=VERTEX_POINT('',#8879);
#4257=VERTEX_POINT('',#8883);
#4258=VERTEX_POINT('',#8885);
#4259=VERTEX_POINT('',#8889);
#4260=VERTEX_POINT('',#8891);
#4261=VERTEX_POINT('',#8895);
#4262=VERTEX_POINT('',#8897);
#4263=VERTEX_POINT('',#8901);
#4264=VERTEX_POINT('',#8903);
#4265=VERTEX_POINT('',#8907);
#4266=VERTEX_POINT('',#8909);
#4267=VERTEX_POINT('',#8913);
#4268=VERTEX_POINT('',#8915);
#4269=VERTEX_POINT('',#8919);
#4270=VERTEX_POINT('',#8921);
#4271=VERTEX_POINT('',#8925);
#4272=VERTEX_POINT('',#8927);
#4273=VERTEX_POINT('',#8931);
#4274=VERTEX_POINT('',#8933);
#4275=VERTEX_POINT('',#8937);
#4276=VERTEX_POINT('',#8939);
#4277=VERTEX_POINT('',#8943);
#4278=VERTEX_POINT('',#8945);
#4279=VERTEX_POINT('',#8949);
#4280=VERTEX_POINT('',#8951);
#4281=VERTEX_POINT('',#8955);
#4282=VERTEX_POINT('',#8957);
#4283=VERTEX_POINT('',#8961);
#4284=VERTEX_POINT('',#8963);
#4285=VERTEX_POINT('',#8967);
#4286=VERTEX_POINT('',#8969);
#4287=VERTEX_POINT('',#8973);
#4288=VERTEX_POINT('',#8975);
#4289=VERTEX_POINT('',#8979);
#4290=VERTEX_POINT('',#8981);
#4291=VERTEX_POINT('',#8985);
#4292=VERTEX_POINT('',#8987);
#4293=VERTEX_POINT('',#8991);
#4294=VERTEX_POINT('',#8993);
#4295=VERTEX_POINT('',#8997);
#4296=VERTEX_POINT('',#8999);
#4297=VERTEX_POINT('',#9003);
#4298=VERTEX_POINT('',#9005);
#4299=VERTEX_POINT('',#9009);
#4300=VERTEX_POINT('',#9011);
#4301=VERTEX_POINT('',#9015);
#4302=VERTEX_POINT('',#9017);
#4303=VERTEX_POINT('',#9021);
#4304=VERTEX_POINT('',#9023);
#4305=VERTEX_POINT('',#9027);
#4306=VERTEX_POINT('',#9029);
#4307=VERTEX_POINT('',#9033);
#4308=VERTEX_POINT('',#9035);
#4309=VERTEX_POINT('',#9039);
#4310=VERTEX_POINT('',#9041);
#4311=VERTEX_POINT('',#9045);
#4312=VERTEX_POINT('',#9047);
#4313=VERTEX_POINT('',#9051);
#4314=VERTEX_POINT('',#9053);
#4315=VERTEX_POINT('',#9057);
#4316=VERTEX_POINT('',#9059);
#4317=VERTEX_POINT('',#9063);
#4318=VERTEX_POINT('',#9065);
#4319=VERTEX_POINT('',#9069);
#4320=VERTEX_POINT('',#9071);
#4321=VERTEX_POINT('',#9075);
#4322=VERTEX_POINT('',#9077);
#4323=VERTEX_POINT('',#9081);
#4324=VERTEX_POINT('',#9083);
#4325=VERTEX_POINT('',#9087);
#4326=VERTEX_POINT('',#9089);
#4327=VERTEX_POINT('',#9093);
#4328=VERTEX_POINT('',#9095);
#4329=VERTEX_POINT('',#9099);
#4330=VERTEX_POINT('',#9101);
#4331=VERTEX_POINT('',#9105);
#4332=VERTEX_POINT('',#9107);
#4333=VERTEX_POINT('',#9111);
#4334=VERTEX_POINT('',#9113);
#4335=VERTEX_POINT('',#9117);
#4336=VERTEX_POINT('',#9119);
#4337=VERTEX_POINT('',#9123);
#4338=VERTEX_POINT('',#9125);
#4339=VERTEX_POINT('',#9129);
#4340=VERTEX_POINT('',#9131);
#4341=VERTEX_POINT('',#9135);
#4342=VERTEX_POINT('',#9137);
#4343=VERTEX_POINT('',#9141);
#4344=VERTEX_POINT('',#9143);
#4345=VERTEX_POINT('',#9147);
#4346=VERTEX_POINT('',#9149);
#4347=VERTEX_POINT('',#9153);
#4348=VERTEX_POINT('',#9155);
#4349=VERTEX_POINT('',#9159);
#4350=VERTEX_POINT('',#9161);
#4351=VERTEX_POINT('',#9165);
#4352=VERTEX_POINT('',#9167);
#4353=VERTEX_POINT('',#9171);
#4354=VERTEX_POINT('',#9173);
#4355=VERTEX_POINT('',#9177);
#4356=VERTEX_POINT('',#9179);
#4357=VERTEX_POINT('',#9183);
#4358=VERTEX_POINT('',#9185);
#4359=VERTEX_POINT('',#9189);
#4360=VERTEX_POINT('',#9191);
#4361=VERTEX_POINT('',#9195);
#4362=VERTEX_POINT('',#9197);
#4363=VERTEX_POINT('',#9201);
#4364=VERTEX_POINT('',#9203);
#4365=VERTEX_POINT('',#9207);
#4366=VERTEX_POINT('',#9209);
#4367=VERTEX_POINT('',#9213);
#4368=VERTEX_POINT('',#9215);
#4369=VERTEX_POINT('',#9219);
#4370=VERTEX_POINT('',#9221);
#4371=VERTEX_POINT('',#9225);
#4372=VERTEX_POINT('',#9227);
#4373=VERTEX_POINT('',#9231);
#4374=VERTEX_POINT('',#9233);
#4375=VERTEX_POINT('',#9237);
#4376=VERTEX_POINT('',#9239);
#4377=VERTEX_POINT('',#9243);
#4378=VERTEX_POINT('',#9245);
#4379=VERTEX_POINT('',#9249);
#4380=VERTEX_POINT('',#9251);
#4381=VERTEX_POINT('',#9255);
#4382=VERTEX_POINT('',#9257);
#4383=VERTEX_POINT('',#9261);
#4384=VERTEX_POINT('',#9263);
#4385=VERTEX_POINT('',#9267);
#4386=VERTEX_POINT('',#9269);
#4387=VERTEX_POINT('',#9273);
#4388=VERTEX_POINT('',#9275);
#4389=VERTEX_POINT('',#9279);
#4390=VERTEX_POINT('',#9281);
#4391=VERTEX_POINT('',#9285);
#4392=VERTEX_POINT('',#9287);
#4393=VERTEX_POINT('',#9291);
#4394=VERTEX_POINT('',#9293);
#4395=VERTEX_POINT('',#9297);
#4396=VERTEX_POINT('',#9299);
#4397=VERTEX_POINT('',#9303);
#4398=VERTEX_POINT('',#9305);
#4399=VERTEX_POINT('',#9309);
#4400=VERTEX_POINT('',#9311);
#4401=VERTEX_POINT('',#9315);
#4402=VERTEX_POINT('',#9317);
#4403=VERTEX_POINT('',#9321);
#4404=VERTEX_POINT('',#9323);
#4405=VERTEX_POINT('',#9327);
#4406=VERTEX_POINT('',#9329);
#4407=VERTEX_POINT('',#9333);
#4408=VERTEX_POINT('',#9335);
#4409=VERTEX_POINT('',#9339);
#4410=VERTEX_POINT('',#9341);
#4411=VERTEX_POINT('',#9345);
#4412=VERTEX_POINT('',#9347);
#4413=VERTEX_POINT('',#9351);
#4414=VERTEX_POINT('',#9353);
#4415=VERTEX_POINT('',#9357);
#4416=VERTEX_POINT('',#9359);
#4417=VERTEX_POINT('',#9363);
#4418=VERTEX_POINT('',#9365);
#4419=VERTEX_POINT('',#9369);
#4420=VERTEX_POINT('',#9371);
#4421=VERTEX_POINT('',#9375);
#4422=VERTEX_POINT('',#9377);
#4423=VERTEX_POINT('',#9381);
#4424=VERTEX_POINT('',#9383);
#4425=VERTEX_POINT('',#9387);
#4426=VERTEX_POINT('',#9389);
#4427=VERTEX_POINT('',#9393);
#4428=VERTEX_POINT('',#9395);
#4429=VERTEX_POINT('',#9399);
#4430=VERTEX_POINT('',#9401);
#4431=VERTEX_POINT('',#9405);
#4432=VERTEX_POINT('',#9407);
#4433=VERTEX_POINT('',#9411);
#4434=VERTEX_POINT('',#9413);
#4435=VERTEX_POINT('',#9417);
#4436=VERTEX_POINT('',#9419);
#4437=VERTEX_POINT('',#9423);
#4438=VERTEX_POINT('',#9425);
#4439=VERTEX_POINT('',#9429);
#4440=VERTEX_POINT('',#9431);
#4441=VERTEX_POINT('',#9435);
#4442=VERTEX_POINT('',#9437);
#4443=VERTEX_POINT('',#9441);
#4444=VERTEX_POINT('',#9443);
#4445=CIRCLE('',#5623,0.014);
#4446=CIRCLE('',#5624,0.019);
#4447=CIRCLE('',#5625,0.01899899989998);
#4448=CIRCLE('',#5626,0.019);
#4449=CIRCLE('',#5627,0.01899899989998);
#4450=CIRCLE('',#5628,0.019);
#4451=CIRCLE('',#5629,0.01899899989998);
#4452=CIRCLE('',#5630,0.019);
#4453=CIRCLE('',#5631,0.01899899989998);
#4454=CIRCLE('',#5632,0.019);
#4455=CIRCLE('',#5633,0.01899899989998);
#4456=CIRCLE('',#5634,0.019);
#4457=CIRCLE('',#5635,0.01899899989998);
#4458=CIRCLE('',#5636,0.019);
#4459=CIRCLE('',#5637,0.01899899989998);
#4460=CIRCLE('',#5638,0.019);
#4461=CIRCLE('',#5639,0.01899899989998);
#4462=CIRCLE('',#5641,0.019);
#4463=CIRCLE('',#5643,0.019);
#4464=CIRCLE('',#5645,0.019);
#4465=CIRCLE('',#5647,0.019);
#4466=CIRCLE('',#5649,0.019);
#4467=CIRCLE('',#5651,0.019);
#4468=CIRCLE('',#5653,0.019);
#4469=CIRCLE('',#5655,0.014);
#4470=CIRCLE('',#5656,0.019);
#4471=CIRCLE('',#5657,0.01899899989998);
#4472=CIRCLE('',#5658,0.01899899989998);
#4473=CIRCLE('',#5659,0.01899899989998);
#4474=CIRCLE('',#5660,0.01899899989998);
#4475=CIRCLE('',#5661,0.01899899989998);
#4476=CIRCLE('',#5662,0.01899899989998);
#4477=CIRCLE('',#5663,0.01899899989998);
#4478=CIRCLE('',#5664,0.01899899989998);
#4479=CIRCLE('',#5667,0.012);
#4480=CIRCLE('',#5668,0.012);
#4481=CIRCLE('',#5671,0.006);
#4482=CIRCLE('',#5672,0.006);
#4483=CIRCLE('',#5674,0.012);
#4484=CIRCLE('',#5675,0.012);
#4485=CIRCLE('',#5678,0.006);
#4486=CIRCLE('',#5679,0.006);
#4487=CIRCLE('',#5681,0.012);
#4488=CIRCLE('',#5682,0.012);
#4489=CIRCLE('',#5685,0.006);
#4490=CIRCLE('',#5686,0.006);
#4491=CIRCLE('',#5688,0.012);
#4492=CIRCLE('',#5689,0.012);
#4493=CIRCLE('',#5692,0.006);
#4494=CIRCLE('',#5693,0.006);
#4495=CIRCLE('',#5695,0.012);
#4496=CIRCLE('',#5696,0.012);
#4497=CIRCLE('',#5699,0.006);
#4498=CIRCLE('',#5700,0.006);
#4499=CIRCLE('',#5707,0.0026);
#4500=CIRCLE('',#5708,0.0026);
#4501=CIRCLE('',#5710,0.013);
#4502=CIRCLE('',#5711,0.005);
#4503=CIRCLE('',#5712,0.013);
#4504=CIRCLE('',#5713,0.005);
#4505=CIRCLE('',#5714,0.013);
#4506=CIRCLE('',#5715,0.005);
#4507=CIRCLE('',#5716,0.013);
#4508=CIRCLE('',#5717,0.005);
#4509=CIRCLE('',#5718,0.013);
#4510=CIRCLE('',#5719,0.005);
#4511=CIRCLE('',#5720,0.0036);
#4512=CIRCLE('',#5722,0.013);
#4513=CIRCLE('',#5723,0.005);
#4514=CIRCLE('',#5724,0.013);
#4515=CIRCLE('',#5725,0.005);
#4516=CIRCLE('',#5726,0.013);
#4517=CIRCLE('',#5727,0.005);
#4518=CIRCLE('',#5728,0.013);
#4519=CIRCLE('',#5729,0.005);
#4520=CIRCLE('',#5730,0.013);
#4521=CIRCLE('',#5731,0.005);
#4522=CIRCLE('',#5732,0.0036);
#4523=CIRCLE('',#5817,0.0222600000000003);
#4524=CIRCLE('',#5819,0.0222600000000003);
#4525=CIRCLE('',#5824,0.000498846044190147);
#4526=CIRCLE('',#5826,0.0222600000000003);
#4527=CIRCLE('',#5827,0.0222600000000003);
#4528=CIRCLE('',#5834,0.0193320247025746);
#4529=CIRCLE('',#5835,0.0193320247025746);
#4530=CIRCLE('',#5838,0.000498846044190147);
#4531=CIRCLE('',#5844,0.0198320247025746);
#4532=CIRCLE('',#5848,0.0198320247025746);
#4533=CIRCLE('',#5868,0.0450152307082018);
#4534=CIRCLE('',#5869,0.0450152307082018);
#4535=CIRCLE('',#5870,0.0450152307082018);
#4536=CIRCLE('',#5884,0.0046);
#4537=CIRCLE('',#5885,0.0046);
#4538=CIRCLE('',#5887,0.033);
#4539=CIRCLE('',#5888,0.033);
#4540=CIRCLE('',#5890,0.033);
#4541=CIRCLE('',#5891,0.033);
#4542=CIRCLE('',#5893,0.033);
#4543=CIRCLE('',#5894,0.033);
#4544=CIRCLE('',#5896,0.033);
#4545=CIRCLE('',#5897,0.033);
#4546=CIRCLE('',#5899,0.033);
#4547=CIRCLE('',#5900,0.033);
#4548=CIRCLE('',#5902,0.033);
#4549=CIRCLE('',#5903,0.033);
#4550=CIRCLE('',#5905,0.04);
#4551=CIRCLE('',#5906,0.0445978064031576);
#4552=CIRCLE('',#5908,0.0056);
#4553=CIRCLE('',#5909,0.034);
#4554=CIRCLE('',#5910,0.034);
#4555=CIRCLE('',#5911,0.034);
#4556=CIRCLE('',#5912,0.034);
#4557=CIRCLE('',#5913,0.034);
#4558=CIRCLE('',#5914,0.034);
#4559=CIRCLE('',#5915,0.0400152307082019);
#4560=CIRCLE('',#5917,0.04);
#4561=CIRCLE('',#5919,0.0425);
#4562=CIRCLE('',#5921,0.0425);
#4563=CIRCLE('',#5922,0.0425);
#4564=CIRCLE('',#5956,0.0330000000000005);
#4565=CIRCLE('',#5957,0.0330000000000005);
#4566=CIRCLE('',#5966,0.033);
#4567=CIRCLE('',#5967,0.033);
#4568=CIRCLE('',#5976,0.0330000000000007);
#4569=CIRCLE('',#5977,0.0330000000000007);
#4570=CIRCLE('',#5986,0.0330000000000004);
#4571=CIRCLE('',#5987,0.0330000000000004);
#4572=CIRCLE('',#5996,0.033);
#4573=CIRCLE('',#5997,0.033);
#4574=CIRCLE('',#6006,0.0330000000000005);
#4575=CIRCLE('',#6007,0.0330000000000005);
#4576=CIRCLE('',#6016,0.0330000000000004);
#4577=CIRCLE('',#6017,0.0330000000000004);
#4578=CIRCLE('',#6026,0.033);
#4579=CIRCLE('',#6027,0.033);
#4580=CIRCLE('',#6036,0.0330000000000005);
#4581=CIRCLE('',#6037,0.0330000000000005);
#4582=CIRCLE('',#6046,0.0330000000000003);
#4583=CIRCLE('',#6047,0.0330000000000003);
#4584=CIRCLE('',#6056,0.033);
#4585=CIRCLE('',#6057,0.033);
#4586=CIRCLE('',#6066,0.0330000000000005);
#4587=CIRCLE('',#6067,0.0330000000000005);
#4588=CIRCLE('',#6075,0.0425);
#4589=CIRCLE('',#6076,0.0425);
#4590=EDGE_LOOP('',(#1566));
#4591=EDGE_LOOP('',(#1567,#1568,#1569,#1570,#1571,#1572,#1573,#1574,#1575,
#1576,#1577,#1578,#1579,#1580,#1581,#1582,#1583,#1584,#1585,#1586,#1587,
#1588,#1589,#1590,#1591,#1592,#1593,#1594,#1595,#1596,#1597,#1598));
#4592=EDGE_LOOP('',(#1599,#1600,#1601,#1602));
#4593=EDGE_LOOP('',(#1603,#1604,#1605,#1606));
#4594=EDGE_LOOP('',(#1607,#1608,#1609,#1610));
#4595=EDGE_LOOP('',(#1611,#1612,#1613,#1614));
#4596=EDGE_LOOP('',(#1615,#1616,#1617,#1618));
#4597=EDGE_LOOP('',(#1619,#1620,#1621,#1622));
#4598=EDGE_LOOP('',(#1623,#1624,#1625,#1626));
#4599=EDGE_LOOP('',(#1627));
#4600=EDGE_LOOP('',(#1628,#1629,#1630,#1631,#1632,#1633,#1634,#1635,#1636,
#1637,#1638,#1639,#1640,#1641,#1642,#1643,#1644,#1645,#1646,#1647,#1648,
#1649,#1650,#1651,#1652,#1653,#1654,#1655,#1656,#1657,#1658,#1659));
#4601=EDGE_LOOP('',(#1660,#1661,#1662,#1663));
#4602=EDGE_LOOP('',(#1664,#1665,#1666,#1667));
#4603=EDGE_LOOP('',(#1668,#1669,#1670,#1671));
#4604=EDGE_LOOP('',(#1672,#1673,#1674,#1675));
#4605=EDGE_LOOP('',(#1676,#1677,#1678,#1679));
#4606=EDGE_LOOP('',(#1680,#1681,#1682,#1683));
#4607=EDGE_LOOP('',(#1684,#1685,#1686,#1687));
#4608=EDGE_LOOP('',(#1688,#1689,#1690,#1691));
#4609=EDGE_LOOP('',(#1692,#1693,#1694,#1695));
#4610=EDGE_LOOP('',(#1696,#1697,#1698,#1699));
#4611=EDGE_LOOP('',(#1700,#1701,#1702,#1703));
#4612=EDGE_LOOP('',(#1704,#1705,#1706,#1707));
#4613=EDGE_LOOP('',(#1708,#1709,#1710,#1711));
#4614=EDGE_LOOP('',(#1712,#1713,#1714,#1715));
#4615=EDGE_LOOP('',(#1716,#1717,#1718,#1719));
#4616=EDGE_LOOP('',(#1720,#1721,#1722,#1723));
#4617=EDGE_LOOP('',(#1724,#1725,#1726,#1727));
#4618=EDGE_LOOP('',(#1728,#1729,#1730,#1731));
#4619=EDGE_LOOP('',(#1732,#1733,#1734,#1735));
#4620=EDGE_LOOP('',(#1736,#1737,#1738,#1739));
#4621=EDGE_LOOP('',(#1740,#1741,#1742,#1743));
#4622=EDGE_LOOP('',(#1744));
#4623=EDGE_LOOP('',(#1745));
#4624=EDGE_LOOP('',(#1746,#1747,#1748,#1749));
#4625=EDGE_LOOP('',(#1750,#1751,#1752,#1753));
#4626=EDGE_LOOP('',(#1754,#1755,#1756,#1757));
#4627=EDGE_LOOP('',(#1758,#1759,#1760,#1761));
#4628=EDGE_LOOP('',(#1762,#1763,#1764,#1765));
#4629=EDGE_LOOP('',(#1766));
#4630=EDGE_LOOP('',(#1767));
#4631=EDGE_LOOP('',(#1768,#1769,#1770,#1771));
#4632=EDGE_LOOP('',(#1772,#1773,#1774,#1775));
#4633=EDGE_LOOP('',(#1776,#1777,#1778,#1779));
#4634=EDGE_LOOP('',(#1780,#1781,#1782,#1783));
#4635=EDGE_LOOP('',(#1784,#1785,#1786,#1787));
#4636=EDGE_LOOP('',(#1788));
#4637=EDGE_LOOP('',(#1789));
#4638=EDGE_LOOP('',(#1790,#1791,#1792,#1793));
#4639=EDGE_LOOP('',(#1794,#1795,#1796,#1797,#1798,#1799));
#4640=EDGE_LOOP('',(#1800,#1801,#1802,#1803));
#4641=EDGE_LOOP('',(#1804,#1805,#1806,#1807,#1808,#1809));
#4642=EDGE_LOOP('',(#1810,#1811,#1812,#1813));
#4643=EDGE_LOOP('',(#1814,#1815,#1816,#1817));
#4644=EDGE_LOOP('',(#1818,#1819,#1820,#1821,#1822,#1823));
#4645=EDGE_LOOP('',(#1824,#1825,#1826,#1827));
#4646=EDGE_LOOP('',(#1828,#1829,#1830,#1831,#1832,#1833));
#4647=EDGE_LOOP('',(#1834,#1835,#1836,#1837));
#4648=EDGE_LOOP('',(#1838,#1839,#1840,#1841));
#4649=EDGE_LOOP('',(#1842,#1843,#1844,#1845,#1846,#1847));
#4650=EDGE_LOOP('',(#1848,#1849,#1850,#1851));
#4651=EDGE_LOOP('',(#1852,#1853,#1854,#1855,#1856,#1857));
#4652=EDGE_LOOP('',(#1858,#1859,#1860,#1861));
#4653=EDGE_LOOP('',(#1862,#1863,#1864,#1865));
#4654=EDGE_LOOP('',(#1866,#1867,#1868,#1869,#1870,#1871));
#4655=EDGE_LOOP('',(#1872,#1873,#1874,#1875));
#4656=EDGE_LOOP('',(#1876,#1877,#1878,#1879,#1880,#1881));
#4657=EDGE_LOOP('',(#1882,#1883,#1884,#1885));
#4658=EDGE_LOOP('',(#1886,#1887,#1888,#1889));
#4659=EDGE_LOOP('',(#1890,#1891,#1892,#1893,#1894,#1895));
#4660=EDGE_LOOP('',(#1896,#1897,#1898,#1899));
#4661=EDGE_LOOP('',(#1900,#1901,#1902,#1903,#1904,#1905));
#4662=EDGE_LOOP('',(#1906,#1907,#1908,#1909));
#4663=EDGE_LOOP('',(#1910,#1911,#1912,#1913));
#4664=EDGE_LOOP('',(#1914,#1915,#1916,#1917,#1918,#1919));
#4665=EDGE_LOOP('',(#1920,#1921,#1922,#1923));
#4666=EDGE_LOOP('',(#1924,#1925,#1926,#1927,#1928,#1929));
#4667=EDGE_LOOP('',(#1930,#1931,#1932,#1933));
#4668=EDGE_LOOP('',(#1934,#1935,#1936,#1937));
#4669=EDGE_LOOP('',(#1938,#1939,#1940,#1941,#1942,#1943));
#4670=EDGE_LOOP('',(#1944,#1945,#1946,#1947));
#4671=EDGE_LOOP('',(#1948,#1949,#1950,#1951,#1952,#1953));
#4672=EDGE_LOOP('',(#1954,#1955,#1956,#1957));
#4673=EDGE_LOOP('',(#1958,#1959,#1960,#1961));
#4674=EDGE_LOOP('',(#1962,#1963,#1964,#1965,#1966,#1967));
#4675=EDGE_LOOP('',(#1968,#1969,#1970,#1971));
#4676=EDGE_LOOP('',(#1972,#1973,#1974,#1975,#1976,#1977));
#4677=EDGE_LOOP('',(#1978,#1979,#1980,#1981));
#4678=EDGE_LOOP('',(#1982,#1983,#1984,#1985));
#4679=EDGE_LOOP('',(#1986,#1987,#1988,#1989));
#4680=EDGE_LOOP('',(#1990,#1991,#1992,#1993));
#4681=EDGE_LOOP('',(#1994,#1995,#1996,#1997));
#4682=EDGE_LOOP('',(#1998,#1999,#2000,#2001));
#4683=EDGE_LOOP('',(#2002,#2003,#2004,#2005));
#4684=EDGE_LOOP('',(#2006,#2007,#2008,#2009));
#4685=EDGE_LOOP('',(#2010,#2011,#2012,#2013));
#4686=EDGE_LOOP('',(#2014,#2015,#2016,#2017));
#4687=EDGE_LOOP('',(#2018,#2019,#2020,#2021));
#4688=EDGE_LOOP('',(#2022,#2023,#2024,#2025));
#4689=EDGE_LOOP('',(#2026,#2027,#2028,#2029));
#4690=EDGE_LOOP('',(#2030,#2031,#2032,#2033));
#4691=EDGE_LOOP('',(#2034,#2035,#2036,#2037));
#4692=EDGE_LOOP('',(#2038,#2039,#2040,#2041));
#4693=EDGE_LOOP('',(#2042,#2043,#2044,#2045));
#4694=EDGE_LOOP('',(#2046,#2047,#2048,#2049));
#4695=EDGE_LOOP('',(#2050,#2051,#2052,#2053));
#4696=EDGE_LOOP('',(#2054,#2055,#2056,#2057));
#4697=EDGE_LOOP('',(#2058,#2059,#2060,#2061));
#4698=EDGE_LOOP('',(#2062,#2063,#2064,#2065));
#4699=EDGE_LOOP('',(#2066,#2067,#2068,#2069));
#4700=EDGE_LOOP('',(#2070,#2071,#2072,#2073));
#4701=EDGE_LOOP('',(#2074,#2075,#2076,#2077));
#4702=EDGE_LOOP('',(#2078,#2079,#2080,#2081));
#4703=EDGE_LOOP('',(#2082,#2083,#2084,#2085));
#4704=EDGE_LOOP('',(#2086,#2087,#2088,#2089));
#4705=EDGE_LOOP('',(#2090,#2091,#2092,#2093));
#4706=EDGE_LOOP('',(#2094,#2095,#2096,#2097));
#4707=EDGE_LOOP('',(#2098,#2099,#2100,#2101));
#4708=EDGE_LOOP('',(#2102,#2103,#2104,#2105));
#4709=EDGE_LOOP('',(#2106,#2107,#2108,#2109));
#4710=EDGE_LOOP('',(#2110,#2111,#2112,#2113));
#4711=EDGE_LOOP('',(#2114,#2115,#2116,#2117));
#4712=EDGE_LOOP('',(#2118,#2119,#2120,#2121));
#4713=EDGE_LOOP('',(#2122,#2123,#2124,#2125));
#4714=EDGE_LOOP('',(#2126,#2127,#2128,#2129));
#4715=EDGE_LOOP('',(#2130,#2131,#2132,#2133));
#4716=EDGE_LOOP('',(#2134,#2135,#2136,#2137));
#4717=EDGE_LOOP('',(#2138,#2139,#2140,#2141));
#4718=EDGE_LOOP('',(#2142));
#4719=EDGE_LOOP('',(#2143));
#4720=EDGE_LOOP('',(#2144));
#4721=EDGE_LOOP('',(#2145));
#4722=EDGE_LOOP('',(#2146,#2147,#2148,#2149,#2150));
#4723=EDGE_LOOP('',(#2151,#2152,#2153,#2154,#2155));
#4724=EDGE_LOOP('',(#2156,#2157,#2158,#2159));
#4725=EDGE_LOOP('',(#2160,#2161,#2162,#2163));
#4726=EDGE_LOOP('',(#2164,#2165,#2166,#2167));
#4727=EDGE_LOOP('',(#2168));
#4728=EDGE_LOOP('',(#2169,#2170,#2171,#2172,#2173,#2174,#2175,#2176));
#4729=EDGE_LOOP('',(#2177,#2178,#2179,#2180));
#4730=EDGE_LOOP('',(#2181,#2182,#2183,#2184,#2185,#2186,#2187,#2188));
#4731=EDGE_LOOP('',(#2189,#2190,#2191,#2192,#2193,#2194));
#4732=EDGE_LOOP('',(#2195,#2196,#2197,#2198));
#4733=EDGE_LOOP('',(#2199,#2200,#2201,#2202,#2203,#2204));
#4734=EDGE_LOOP('',(#2205));
#4735=EDGE_LOOP('',(#2206,#2207,#2208,#2209,#2210,#2211,#2212,#2213));
#4736=EDGE_LOOP('',(#2214,#2215,#2216,#2217));
#4737=EDGE_LOOP('',(#2218,#2219,#2220,#2221));
#4738=EDGE_LOOP('',(#2222,#2223,#2224,#2225,#2226,#2227,#2228,#2229,#2230,
#2231,#2232,#2233));
#4739=EDGE_LOOP('',(#2234,#2235,#2236,#2237,#2238));
#4740=EDGE_LOOP('',(#2239,#2240,#2241,#2242));
#4741=EDGE_LOOP('',(#2243,#2244,#2245,#2246,#2247));
#4742=EDGE_LOOP('',(#2248,#2249,#2250,#2251,#2252,#2253,#2254,#2255,#2256,
#2257,#2258,#2259));
#4743=EDGE_LOOP('',(#2260,#2261,#2262,#2263));
#4744=EDGE_LOOP('',(#2264));
#4745=EDGE_LOOP('',(#2265));
#4746=EDGE_LOOP('',(#2266,#2267,#2268,#2269));
#4747=EDGE_LOOP('',(#2270,#2271,#2272,#2273,#2274));
#4748=EDGE_LOOP('',(#2275,#2276,#2277,#2278));
#4749=EDGE_LOOP('',(#2279,#2280,#2281,#2282,#2283));
#4750=EDGE_LOOP('',(#2284,#2285,#2286,#2287,#2288));
#4751=EDGE_LOOP('',(#2289,#2290,#2291,#2292));
#4752=EDGE_LOOP('',(#2293,#2294,#2295,#2296,#2297));
#4753=EDGE_LOOP('',(#2298,#2299,#2300,#2301));
#4754=EDGE_LOOP('',(#2302,#2303,#2304,#2305));
#4755=EDGE_LOOP('',(#2306,#2307,#2308,#2309));
#4756=EDGE_LOOP('',(#2310,#2311,#2312,#2313,#2314,#2315));
#4757=EDGE_LOOP('',(#2316,#2317,#2318,#2319));
#4758=EDGE_LOOP('',(#2320,#2321,#2322,#2323));
#4759=EDGE_LOOP('',(#2324,#2325,#2326,#2327,#2328,#2329));
#4760=EDGE_LOOP('',(#2330));
#4761=EDGE_LOOP('',(#2331,#2332,#2333,#2334));
#4762=EDGE_LOOP('',(#2335,#2336,#2337,#2338));
#4763=EDGE_LOOP('',(#2339,#2340,#2341,#2342));
#4764=EDGE_LOOP('',(#2343,#2344,#2345,#2346));
#4765=EDGE_LOOP('',(#2347,#2348,#2349,#2350));
#4766=EDGE_LOOP('',(#2351,#2352,#2353,#2354));
#4767=EDGE_LOOP('',(#2355,#2356,#2357,#2358));
#4768=EDGE_LOOP('',(#2359,#2360,#2361,#2362));
#4769=EDGE_LOOP('',(#2363,#2364,#2365,#2366));
#4770=EDGE_LOOP('',(#2367,#2368,#2369,#2370));
#4771=EDGE_LOOP('',(#2371,#2372,#2373,#2374));
#4772=EDGE_LOOP('',(#2375,#2376,#2377,#2378));
#4773=EDGE_LOOP('',(#2379,#2380,#2381,#2382));
#4774=EDGE_LOOP('',(#2383));
#4775=EDGE_LOOP('',(#2384));
#4776=EDGE_LOOP('',(#2385,#2386,#2387,#2388));
#4777=EDGE_LOOP('',(#2389,#2390,#2391,#2392));
#4778=EDGE_LOOP('',(#2393,#2394,#2395,#2396));
#4779=EDGE_LOOP('',(#2397,#2398,#2399,#2400));
#4780=EDGE_LOOP('',(#2401,#2402,#2403,#2404));
#4781=EDGE_LOOP('',(#2405,#2406,#2407,#2408));
#4782=EDGE_LOOP('',(#2409,#2410,#2411,#2412));
#4783=EDGE_LOOP('',(#2413,#2414,#2415));
#4784=EDGE_LOOP('',(#2416,#2417,#2418));
#4785=EDGE_LOOP('',(#2419,#2420,#2421));
#4786=EDGE_LOOP('',(#2422,#2423,#2424));
#4787=EDGE_LOOP('',(#2425,#2426,#2427));
#4788=EDGE_LOOP('',(#2428,#2429,#2430));
#4789=EDGE_LOOP('',(#2431));
#4790=EDGE_LOOP('',(#2432));
#4791=EDGE_LOOP('',(#2433,#2434,#2435));
#4792=EDGE_LOOP('',(#2436,#2437,#2438));
#4793=EDGE_LOOP('',(#2439,#2440,#2441));
#4794=EDGE_LOOP('',(#2442,#2443,#2444));
#4795=EDGE_LOOP('',(#2445,#2446,#2447));
#4796=EDGE_LOOP('',(#2448,#2449,#2450));
#4797=EDGE_LOOP('',(#2451));
#4798=EDGE_LOOP('',(#2452,#2453,#2454,#2455));
#4799=EDGE_LOOP('',(#2456,#2457,#2458,#2459));
#4800=EDGE_LOOP('',(#2460,#2461,#2462,#2463));
#4801=EDGE_LOOP('',(#2464));
#4802=EDGE_LOOP('',(#2465));
#4803=EDGE_LOOP('',(#2466));
#4804=EDGE_LOOP('',(#2467,#2468,#2469,#2470));
#4805=EDGE_LOOP('',(#2471));
#4806=EDGE_LOOP('',(#2472));
#4807=EDGE_LOOP('',(#2473));
#4808=EDGE_LOOP('',(#2474,#2475,#2476,#2477));
#4809=EDGE_LOOP('',(#2478,#2479,#2480,#2481));
#4810=EDGE_LOOP('',(#2482,#2483,#2484,#2485));
#4811=EDGE_LOOP('',(#2486,#2487,#2488,#2489));
#4812=EDGE_LOOP('',(#2490,#2491,#2492,#2493));
#4813=EDGE_LOOP('',(#2494,#2495,#2496,#2497));
#4814=EDGE_LOOP('',(#2498,#2499,#2500,#2501));
#4815=EDGE_LOOP('',(#2502,#2503,#2504,#2505));
#4816=EDGE_LOOP('',(#2506,#2507,#2508,#2509));
#4817=EDGE_LOOP('',(#2510,#2511,#2512,#2513));
#4818=EDGE_LOOP('',(#2514,#2515,#2516,#2517));
#4819=EDGE_LOOP('',(#2518,#2519,#2520,#2521));
#4820=EDGE_LOOP('',(#2522,#2523,#2524,#2525));
#4821=EDGE_LOOP('',(#2526,#2527,#2528,#2529));
#4822=EDGE_LOOP('',(#2530,#2531,#2532,#2533));
#4823=EDGE_LOOP('',(#2534,#2535,#2536,#2537));
#4824=EDGE_LOOP('',(#2538,#2539,#2540,#2541));
#4825=EDGE_LOOP('',(#2542,#2543,#2544,#2545));
#4826=EDGE_LOOP('',(#2546,#2547,#2548,#2549));
#4827=EDGE_LOOP('',(#2550,#2551,#2552,#2553,#2554,#2555,#2556));
#4828=EDGE_LOOP('',(#2557,#2558,#2559,#2560,#2561,#2562,#2563));
#4829=EDGE_LOOP('',(#2564,#2565,#2566,#2567));
#4830=EDGE_LOOP('',(#2568,#2569,#2570,#2571));
#4831=EDGE_LOOP('',(#2572,#2573,#2574,#2575));
#4832=EDGE_LOOP('',(#2576,#2577,#2578,#2579));
#4833=EDGE_LOOP('',(#2580,#2581,#2582,#2583));
#4834=EDGE_LOOP('',(#2584,#2585,#2586,#2587));
#4835=EDGE_LOOP('',(#2588,#2589,#2590,#2591));
#4836=EDGE_LOOP('',(#2592,#2593,#2594,#2595));
#4837=EDGE_LOOP('',(#2596,#2597,#2598,#2599));
#4838=EDGE_LOOP('',(#2600,#2601,#2602,#2603));
#4839=EDGE_LOOP('',(#2604,#2605,#2606,#2607));
#4840=EDGE_LOOP('',(#2608,#2609,#2610,#2611));
#4841=EDGE_LOOP('',(#2612,#2613,#2614,#2615));
#4842=EDGE_LOOP('',(#2616,#2617,#2618,#2619));
#4843=EDGE_LOOP('',(#2620,#2621,#2622,#2623));
#4844=EDGE_LOOP('',(#2624,#2625,#2626,#2627));
#4845=EDGE_LOOP('',(#2628,#2629,#2630,#2631));
#4846=EDGE_LOOP('',(#2632,#2633,#2634,#2635));
#4847=EDGE_LOOP('',(#2636,#2637,#2638,#2639));
#4848=EDGE_LOOP('',(#2640,#2641,#2642,#2643));
#4849=EDGE_LOOP('',(#2644,#2645,#2646,#2647));
#4850=EDGE_LOOP('',(#2648,#2649,#2650,#2651));
#4851=EDGE_LOOP('',(#2652,#2653,#2654,#2655));
#4852=EDGE_LOOP('',(#2656,#2657,#2658,#2659));
#4853=EDGE_LOOP('',(#2660,#2661,#2662,#2663));
#4854=EDGE_LOOP('',(#2664,#2665,#2666,#2667));
#4855=EDGE_LOOP('',(#2668,#2669,#2670,#2671));
#4856=EDGE_LOOP('',(#2672,#2673,#2674,#2675));
#4857=EDGE_LOOP('',(#2676,#2677,#2678,#2679));
#4858=EDGE_LOOP('',(#2680,#2681,#2682,#2683));
#4859=EDGE_LOOP('',(#2684,#2685,#2686,#2687));
#4860=EDGE_LOOP('',(#2688,#2689,#2690,#2691));
#4861=EDGE_LOOP('',(#2692,#2693,#2694,#2695));
#4862=EDGE_LOOP('',(#2696,#2697,#2698,#2699));
#4863=EDGE_LOOP('',(#2700,#2701,#2702,#2703));
#4864=EDGE_LOOP('',(#2704,#2705,#2706,#2707));
#4865=EDGE_LOOP('',(#2708,#2709,#2710,#2711));
#4866=EDGE_LOOP('',(#2712,#2713,#2714,#2715));
#4867=EDGE_LOOP('',(#2716,#2717,#2718,#2719));
#4868=EDGE_LOOP('',(#2720,#2721,#2722,#2723));
#4869=EDGE_LOOP('',(#2724,#2725,#2726,#2727));
#4870=EDGE_LOOP('',(#2728,#2729,#2730,#2731));
#4871=EDGE_LOOP('',(#2732,#2733,#2734,#2735));
#4872=EDGE_LOOP('',(#2736,#2737,#2738,#2739));
#4873=EDGE_LOOP('',(#2740,#2741,#2742,#2743));
#4874=EDGE_LOOP('',(#2744,#2745,#2746,#2747));
#4875=EDGE_LOOP('',(#2748,#2749,#2750,#2751));
#4876=EDGE_LOOP('',(#2752,#2753,#2754,#2755));
#4877=EDGE_LOOP('',(#2756,#2757,#2758,#2759));
#4878=EDGE_LOOP('',(#2760,#2761,#2762,#2763));
#4879=EDGE_LOOP('',(#2764,#2765,#2766,#2767));
#4880=EDGE_LOOP('',(#2768,#2769,#2770,#2771));
#4881=EDGE_LOOP('',(#2772,#2773,#2774,#2775));
#4882=EDGE_LOOP('',(#2776,#2777,#2778,#2779));
#4883=EDGE_LOOP('',(#2780,#2781,#2782,#2783));
#4884=EDGE_LOOP('',(#2784,#2785,#2786,#2787));
#4885=EDGE_LOOP('',(#2788,#2789,#2790,#2791));
#4886=EDGE_LOOP('',(#2792,#2793,#2794,#2795));
#4887=EDGE_LOOP('',(#2796,#2797,#2798,#2799));
#4888=EDGE_LOOP('',(#2800,#2801,#2802,#2803));
#4889=EDGE_LOOP('',(#2804,#2805,#2806,#2807));
#4890=EDGE_LOOP('',(#2808,#2809,#2810,#2811));
#4891=EDGE_LOOP('',(#2812,#2813,#2814,#2815));
#4892=EDGE_LOOP('',(#2816,#2817,#2818,#2819));
#4893=EDGE_LOOP('',(#2820,#2821,#2822,#2823));
#4894=EDGE_LOOP('',(#2824,#2825,#2826,#2827));
#4895=EDGE_LOOP('',(#2828,#2829,#2830,#2831));
#4896=EDGE_LOOP('',(#2832,#2833,#2834,#2835));
#4897=EDGE_LOOP('',(#2836,#2837,#2838,#2839));
#4898=EDGE_LOOP('',(#2840,#2841,#2842,#2843));
#4899=EDGE_LOOP('',(#2844,#2845,#2846,#2847));
#4900=EDGE_LOOP('',(#2848,#2849,#2850,#2851));
#4901=EDGE_LOOP('',(#2852,#2853,#2854,#2855));
#4902=EDGE_LOOP('',(#2856,#2857,#2858,#2859));
#4903=EDGE_LOOP('',(#2860,#2861,#2862,#2863));
#4904=EDGE_LOOP('',(#2864,#2865,#2866,#2867));
#4905=EDGE_LOOP('',(#2868,#2869,#2870,#2871));
#4906=EDGE_LOOP('',(#2872,#2873,#2874,#2875));
#4907=EDGE_LOOP('',(#2876,#2877,#2878,#2879));
#4908=EDGE_LOOP('',(#2880,#2881,#2882,#2883));
#4909=EDGE_LOOP('',(#2884,#2885,#2886,#2887));
#4910=EDGE_LOOP('',(#2888,#2889,#2890,#2891));
#4911=EDGE_LOOP('',(#2892,#2893,#2894,#2895));
#4912=EDGE_LOOP('',(#2896,#2897,#2898,#2899));
#4913=EDGE_LOOP('',(#2900,#2901,#2902,#2903));
#4914=EDGE_LOOP('',(#2904,#2905,#2906,#2907));
#4915=EDGE_LOOP('',(#2908,#2909,#2910,#2911));
#4916=EDGE_LOOP('',(#2912,#2913,#2914,#2915));
#4917=EDGE_LOOP('',(#2916,#2917,#2918,#2919));
#4918=EDGE_LOOP('',(#2920,#2921,#2922,#2923));
#4919=EDGE_LOOP('',(#2924,#2925,#2926,#2927));
#4920=EDGE_LOOP('',(#2928,#2929,#2930,#2931));
#4921=EDGE_LOOP('',(#2932,#2933,#2934,#2935));
#4922=EDGE_LOOP('',(#2936,#2937,#2938,#2939));
#4923=EDGE_LOOP('',(#2940,#2941,#2942,#2943));
#4924=EDGE_LOOP('',(#2944));
#4925=EDGE_LOOP('',(#2945));
#4926=EDGE_LOOP('',(#2946,#2947,#2948,#2949));
#4927=EDGE_LOOP('',(#2950));
#4928=EDGE_LOOP('',(#2951,#2952,#2953,#2954,#2955,#2956,#2957,#2958,#2959,
#2960,#2961,#2962,#2963,#2964,#2965,#2966,#2967,#2968,#2969,#2970,#2971,
#2972,#2973,#2974,#2975,#2976,#2977,#2978,#2979,#2980,#2981,#2982,#2983,
#2984,#2985,#2986,#2987,#2988,#2989,#2990,#2991,#2992,#2993,#2994,#2995,
#2996,#2997,#2998,#2999,#3000,#3001,#3002,#3003,#3004,#3005,#3006,#3007,
#3008,#3009,#3010,#3011,#3012,#3013,#3014,#3015,#3016,#3017,#3018,#3019,
#3020,#3021,#3022,#3023,#3024,#3025,#3026,#3027,#3028,#3029,#3030,#3031,
#3032,#3033,#3034,#3035,#3036,#3037,#3038,#3039,#3040,#3041,#3042,#3043,
#3044,#3045,#3046));
#4929=EDGE_LOOP('',(#3047));
#4930=EDGE_LOOP('',(#3048,#3049,#3050,#3051,#3052,#3053,#3054,#3055,#3056,
#3057,#3058,#3059,#3060,#3061,#3062,#3063,#3064,#3065,#3066,#3067,#3068,
#3069,#3070,#3071,#3072,#3073,#3074,#3075,#3076,#3077,#3078,#3079,#3080,
#3081,#3082,#3083,#3084,#3085,#3086,#3087,#3088,#3089,#3090,#3091,#3092,
#3093,#3094,#3095,#3096,#3097,#3098,#3099,#3100,#3101,#3102,#3103,#3104,
#3105,#3106,#3107,#3108,#3109,#3110,#3111,#3112,#3113,#3114,#3115,#3116,
#3117,#3118,#3119,#3120,#3121,#3122,#3123,#3124,#3125,#3126,#3127,#3128,
#3129,#3130,#3131,#3132,#3133,#3134,#3135,#3136,#3137,#3138,#3139,#3140,
#3141,#3142,#3143));
#4931=FACE_BOUND('',#4590,.T.);
#4932=FACE_BOUND('',#4591,.T.);
#4933=FACE_BOUND('',#4592,.T.);
#4934=FACE_BOUND('',#4593,.T.);
#4935=FACE_BOUND('',#4594,.T.);
#4936=FACE_BOUND('',#4595,.T.);
#4937=FACE_BOUND('',#4596,.T.);
#4938=FACE_BOUND('',#4597,.T.);
#4939=FACE_BOUND('',#4598,.T.);
#4940=FACE_BOUND('',#4599,.T.);
#4941=FACE_BOUND('',#4600,.T.);
#4942=FACE_BOUND('',#4601,.T.);
#4943=FACE_BOUND('',#4602,.T.);
#4944=FACE_BOUND('',#4603,.T.);
#4945=FACE_BOUND('',#4604,.T.);
#4946=FACE_BOUND('',#4605,.T.);
#4947=FACE_BOUND('',#4606,.T.);
#4948=FACE_BOUND('',#4607,.T.);
#4949=FACE_BOUND('',#4608,.T.);
#4950=FACE_BOUND('',#4609,.T.);
#4951=FACE_BOUND('',#4610,.T.);
#4952=FACE_BOUND('',#4611,.T.);
#4953=FACE_BOUND('',#4612,.T.);
#4954=FACE_BOUND('',#4613,.T.);
#4955=FACE_BOUND('',#4614,.T.);
#4956=FACE_BOUND('',#4615,.T.);
#4957=FACE_BOUND('',#4616,.T.);
#4958=FACE_BOUND('',#4617,.T.);
#4959=FACE_BOUND('',#4618,.T.);
#4960=FACE_BOUND('',#4619,.T.);
#4961=FACE_BOUND('',#4620,.T.);
#4962=FACE_BOUND('',#4621,.T.);
#4963=FACE_BOUND('',#4622,.T.);
#4964=FACE_BOUND('',#4623,.T.);
#4965=FACE_BOUND('',#4624,.T.);
#4966=FACE_BOUND('',#4625,.T.);
#4967=FACE_BOUND('',#4626,.T.);
#4968=FACE_BOUND('',#4627,.T.);
#4969=FACE_BOUND('',#4628,.T.);
#4970=FACE_BOUND('',#4629,.T.);
#4971=FACE_BOUND('',#4630,.T.);
#4972=FACE_BOUND('',#4631,.T.);
#4973=FACE_BOUND('',#4632,.T.);
#4974=FACE_BOUND('',#4633,.T.);
#4975=FACE_BOUND('',#4634,.T.);
#4976=FACE_BOUND('',#4635,.T.);
#4977=FACE_BOUND('',#4636,.T.);
#4978=FACE_BOUND('',#4637,.T.);
#4979=FACE_BOUND('',#4638,.T.);
#4980=FACE_BOUND('',#4639,.T.);
#4981=FACE_BOUND('',#4640,.T.);
#4982=FACE_BOUND('',#4641,.T.);
#4983=FACE_BOUND('',#4642,.T.);
#4984=FACE_BOUND('',#4643,.T.);
#4985=FACE_BOUND('',#4644,.T.);
#4986=FACE_BOUND('',#4645,.T.);
#4987=FACE_BOUND('',#4646,.T.);
#4988=FACE_BOUND('',#4647,.T.);
#4989=FACE_BOUND('',#4648,.T.);
#4990=FACE_BOUND('',#4649,.T.);
#4991=FACE_BOUND('',#4650,.T.);
#4992=FACE_BOUND('',#4651,.T.);
#4993=FACE_BOUND('',#4652,.T.);
#4994=FACE_BOUND('',#4653,.T.);
#4995=FACE_BOUND('',#4654,.T.);
#4996=FACE_BOUND('',#4655,.T.);
#4997=FACE_BOUND('',#4656,.T.);
#4998=FACE_BOUND('',#4657,.T.);
#4999=FACE_BOUND('',#4658,.T.);
#5000=FACE_BOUND('',#4659,.T.);
#5001=FACE_BOUND('',#4660,.T.);
#5002=FACE_BOUND('',#4661,.T.);
#5003=FACE_BOUND('',#4662,.T.);
#5004=FACE_BOUND('',#4663,.T.);
#5005=FACE_BOUND('',#4664,.T.);
#5006=FACE_BOUND('',#4665,.T.);
#5007=FACE_BOUND('',#4666,.T.);
#5008=FACE_BOUND('',#4667,.T.);
#5009=FACE_BOUND('',#4668,.T.);
#5010=FACE_BOUND('',#4669,.T.);
#5011=FACE_BOUND('',#4670,.T.);
#5012=FACE_BOUND('',#4671,.T.);
#5013=FACE_BOUND('',#4672,.T.);
#5014=FACE_BOUND('',#4673,.T.);
#5015=FACE_BOUND('',#4674,.T.);
#5016=FACE_BOUND('',#4675,.T.);
#5017=FACE_BOUND('',#4676,.T.);
#5018=FACE_BOUND('',#4677,.T.);
#5019=FACE_BOUND('',#4678,.T.);
#5020=FACE_BOUND('',#4679,.T.);
#5021=FACE_BOUND('',#4680,.T.);
#5022=FACE_BOUND('',#4681,.T.);
#5023=FACE_BOUND('',#4682,.T.);
#5024=FACE_BOUND('',#4683,.T.);
#5025=FACE_BOUND('',#4684,.T.);
#5026=FACE_BOUND('',#4685,.T.);
#5027=FACE_BOUND('',#4686,.T.);
#5028=FACE_BOUND('',#4687,.T.);
#5029=FACE_BOUND('',#4688,.T.);
#5030=FACE_BOUND('',#4689,.T.);
#5031=FACE_BOUND('',#4690,.T.);
#5032=FACE_BOUND('',#4691,.T.);
#5033=FACE_BOUND('',#4692,.T.);
#5034=FACE_BOUND('',#4693,.T.);
#5035=FACE_BOUND('',#4694,.T.);
#5036=FACE_BOUND('',#4695,.T.);
#5037=FACE_BOUND('',#4696,.T.);
#5038=FACE_BOUND('',#4697,.T.);
#5039=FACE_BOUND('',#4698,.T.);
#5040=FACE_BOUND('',#4699,.T.);
#5041=FACE_BOUND('',#4700,.T.);
#5042=FACE_BOUND('',#4701,.T.);
#5043=FACE_BOUND('',#4702,.T.);
#5044=FACE_BOUND('',#4703,.T.);
#5045=FACE_BOUND('',#4704,.T.);
#5046=FACE_BOUND('',#4705,.T.);
#5047=FACE_BOUND('',#4706,.T.);
#5048=FACE_BOUND('',#4707,.T.);
#5049=FACE_BOUND('',#4708,.T.);
#5050=FACE_BOUND('',#4709,.T.);
#5051=FACE_BOUND('',#4710,.T.);
#5052=FACE_BOUND('',#4711,.T.);
#5053=FACE_BOUND('',#4712,.T.);
#5054=FACE_BOUND('',#4713,.T.);
#5055=FACE_BOUND('',#4714,.T.);
#5056=FACE_BOUND('',#4715,.T.);
#5057=FACE_BOUND('',#4716,.T.);
#5058=FACE_BOUND('',#4717,.T.);
#5059=FACE_BOUND('',#4718,.T.);
#5060=FACE_BOUND('',#4719,.T.);
#5061=FACE_BOUND('',#4720,.T.);
#5062=FACE_BOUND('',#4721,.T.);
#5063=FACE_BOUND('',#4722,.T.);
#5064=FACE_BOUND('',#4723,.T.);
#5065=FACE_BOUND('',#4724,.T.);
#5066=FACE_BOUND('',#4725,.T.);
#5067=FACE_BOUND('',#4726,.T.);
#5068=FACE_BOUND('',#4727,.T.);
#5069=FACE_BOUND('',#4728,.T.);
#5070=FACE_BOUND('',#4729,.T.);
#5071=FACE_BOUND('',#4730,.T.);
#5072=FACE_BOUND('',#4731,.T.);
#5073=FACE_BOUND('',#4732,.T.);
#5074=FACE_BOUND('',#4733,.T.);
#5075=FACE_BOUND('',#4734,.T.);
#5076=FACE_BOUND('',#4735,.T.);
#5077=FACE_BOUND('',#4736,.T.);
#5078=FACE_BOUND('',#4737,.T.);
#5079=FACE_BOUND('',#4738,.T.);
#5080=FACE_BOUND('',#4739,.T.);
#5081=FACE_BOUND('',#4740,.T.);
#5082=FACE_BOUND('',#4741,.T.);
#5083=FACE_BOUND('',#4742,.T.);
#5084=FACE_BOUND('',#4743,.T.);
#5085=FACE_BOUND('',#4744,.T.);
#5086=FACE_BOUND('',#4745,.T.);
#5087=FACE_BOUND('',#4746,.T.);
#5088=FACE_BOUND('',#4747,.T.);
#5089=FACE_BOUND('',#4748,.T.);
#5090=FACE_BOUND('',#4749,.T.);
#5091=FACE_BOUND('',#4750,.T.);
#5092=FACE_BOUND('',#4751,.T.);
#5093=FACE_BOUND('',#4752,.T.);
#5094=FACE_BOUND('',#4753,.T.);
#5095=FACE_BOUND('',#4754,.T.);
#5096=FACE_BOUND('',#4755,.T.);
#5097=FACE_BOUND('',#4756,.T.);
#5098=FACE_BOUND('',#4757,.T.);
#5099=FACE_BOUND('',#4758,.T.);
#5100=FACE_BOUND('',#4759,.T.);
#5101=FACE_BOUND('',#4760,.T.);
#5102=FACE_BOUND('',#4761,.T.);
#5103=FACE_BOUND('',#4762,.T.);
#5104=FACE_BOUND('',#4763,.T.);
#5105=FACE_BOUND('',#4764,.T.);
#5106=FACE_BOUND('',#4765,.T.);
#5107=FACE_BOUND('',#4766,.T.);
#5108=FACE_BOUND('',#4767,.T.);
#5109=FACE_BOUND('',#4768,.T.);
#5110=FACE_BOUND('',#4769,.T.);
#5111=FACE_BOUND('',#4770,.T.);
#5112=FACE_BOUND('',#4771,.T.);
#5113=FACE_BOUND('',#4772,.T.);
#5114=FACE_BOUND('',#4773,.T.);
#5115=FACE_BOUND('',#4774,.T.);
#5116=FACE_BOUND('',#4775,.T.);
#5117=FACE_BOUND('',#4776,.T.);
#5118=FACE_BOUND('',#4777,.T.);
#5119=FACE_BOUND('',#4778,.T.);
#5120=FACE_BOUND('',#4779,.T.);
#5121=FACE_BOUND('',#4780,.T.);
#5122=FACE_BOUND('',#4781,.T.);
#5123=FACE_BOUND('',#4782,.T.);
#5124=FACE_BOUND('',#4783,.T.);
#5125=FACE_BOUND('',#4784,.T.);
#5126=FACE_BOUND('',#4785,.T.);
#5127=FACE_BOUND('',#4786,.T.);
#5128=FACE_BOUND('',#4787,.T.);
#5129=FACE_BOUND('',#4788,.T.);
#5130=FACE_BOUND('',#4789,.T.);
#5131=FACE_BOUND('',#4790,.T.);
#5132=FACE_BOUND('',#4791,.T.);
#5133=FACE_BOUND('',#4792,.T.);
#5134=FACE_BOUND('',#4793,.T.);
#5135=FACE_BOUND('',#4794,.T.);
#5136=FACE_BOUND('',#4795,.T.);
#5137=FACE_BOUND('',#4796,.T.);
#5138=FACE_BOUND('',#4797,.T.);
#5139=FACE_BOUND('',#4798,.T.);
#5140=FACE_BOUND('',#4799,.T.);
#5141=FACE_BOUND('',#4800,.T.);
#5142=FACE_BOUND('',#4801,.T.);
#5143=FACE_BOUND('',#4802,.T.);
#5144=FACE_BOUND('',#4803,.T.);
#5145=FACE_BOUND('',#4804,.T.);
#5146=FACE_BOUND('',#4805,.T.);
#5147=FACE_BOUND('',#4806,.T.);
#5148=FACE_BOUND('',#4807,.T.);
#5149=FACE_BOUND('',#4808,.T.);
#5150=FACE_BOUND('',#4809,.T.);
#5151=FACE_BOUND('',#4810,.T.);
#5152=FACE_BOUND('',#4811,.T.);
#5153=FACE_BOUND('',#4812,.T.);
#5154=FACE_BOUND('',#4813,.T.);
#5155=FACE_BOUND('',#4814,.T.);
#5156=FACE_BOUND('',#4815,.T.);
#5157=FACE_BOUND('',#4816,.T.);
#5158=FACE_BOUND('',#4817,.T.);
#5159=FACE_BOUND('',#4818,.T.);
#5160=FACE_BOUND('',#4819,.T.);
#5161=FACE_BOUND('',#4820,.T.);
#5162=FACE_BOUND('',#4821,.T.);
#5163=FACE_BOUND('',#4822,.T.);
#5164=FACE_BOUND('',#4823,.T.);
#5165=FACE_BOUND('',#4824,.T.);
#5166=FACE_BOUND('',#4825,.T.);
#5167=FACE_BOUND('',#4826,.T.);
#5168=FACE_BOUND('',#4827,.T.);
#5169=FACE_BOUND('',#4828,.T.);
#5170=FACE_BOUND('',#4829,.T.);
#5171=FACE_BOUND('',#4830,.T.);
#5172=FACE_BOUND('',#4831,.T.);
#5173=FACE_BOUND('',#4832,.T.);
#5174=FACE_BOUND('',#4833,.T.);
#5175=FACE_BOUND('',#4834,.T.);
#5176=FACE_BOUND('',#4835,.T.);
#5177=FACE_BOUND('',#4836,.T.);
#5178=FACE_BOUND('',#4837,.T.);
#5179=FACE_BOUND('',#4838,.T.);
#5180=FACE_BOUND('',#4839,.T.);
#5181=FACE_BOUND('',#4840,.T.);
#5182=FACE_BOUND('',#4841,.T.);
#5183=FACE_BOUND('',#4842,.T.);
#5184=FACE_BOUND('',#4843,.T.);
#5185=FACE_BOUND('',#4844,.T.);
#5186=FACE_BOUND('',#4845,.T.);
#5187=FACE_BOUND('',#4846,.T.);
#5188=FACE_BOUND('',#4847,.T.);
#5189=FACE_BOUND('',#4848,.T.);
#5190=FACE_BOUND('',#4849,.T.);
#5191=FACE_BOUND('',#4850,.T.);
#5192=FACE_BOUND('',#4851,.T.);
#5193=FACE_BOUND('',#4852,.T.);
#5194=FACE_BOUND('',#4853,.T.);
#5195=FACE_BOUND('',#4854,.T.);
#5196=FACE_BOUND('',#4855,.T.);
#5197=FACE_BOUND('',#4856,.T.);
#5198=FACE_BOUND('',#4857,.T.);
#5199=FACE_BOUND('',#4858,.T.);
#5200=FACE_BOUND('',#4859,.T.);
#5201=FACE_BOUND('',#4860,.T.);
#5202=FACE_BOUND('',#4861,.T.);
#5203=FACE_BOUND('',#4862,.T.);
#5204=FACE_BOUND('',#4863,.T.);
#5205=FACE_BOUND('',#4864,.T.);
#5206=FACE_BOUND('',#4865,.T.);
#5207=FACE_BOUND('',#4866,.T.);
#5208=FACE_BOUND('',#4867,.T.);
#5209=FACE_BOUND('',#4868,.T.);
#5210=FACE_BOUND('',#4869,.T.);
#5211=FACE_BOUND('',#4870,.T.);
#5212=FACE_BOUND('',#4871,.T.);
#5213=FACE_BOUND('',#4872,.T.);
#5214=FACE_BOUND('',#4873,.T.);
#5215=FACE_BOUND('',#4874,.T.);
#5216=FACE_BOUND('',#4875,.T.);
#5217=FACE_BOUND('',#4876,.T.);
#5218=FACE_BOUND('',#4877,.T.);
#5219=FACE_BOUND('',#4878,.T.);
#5220=FACE_BOUND('',#4879,.T.);
#5221=FACE_BOUND('',#4880,.T.);
#5222=FACE_BOUND('',#4881,.T.);
#5223=FACE_BOUND('',#4882,.T.);
#5224=FACE_BOUND('',#4883,.T.);
#5225=FACE_BOUND('',#4884,.T.);
#5226=FACE_BOUND('',#4885,.T.);
#5227=FACE_BOUND('',#4886,.T.);
#5228=FACE_BOUND('',#4887,.T.);
#5229=FACE_BOUND('',#4888,.T.);
#5230=FACE_BOUND('',#4889,.T.);
#5231=FACE_BOUND('',#4890,.T.);
#5232=FACE_BOUND('',#4891,.T.);
#5233=FACE_BOUND('',#4892,.T.);
#5234=FACE_BOUND('',#4893,.T.);
#5235=FACE_BOUND('',#4894,.T.);
#5236=FACE_BOUND('',#4895,.T.);
#5237=FACE_BOUND('',#4896,.T.);
#5238=FACE_BOUND('',#4897,.T.);
#5239=FACE_BOUND('',#4898,.T.);
#5240=FACE_BOUND('',#4899,.T.);
#5241=FACE_BOUND('',#4900,.T.);
#5242=FACE_BOUND('',#4901,.T.);
#5243=FACE_BOUND('',#4902,.T.);
#5244=FACE_BOUND('',#4903,.T.);
#5245=FACE_BOUND('',#4904,.T.);
#5246=FACE_BOUND('',#4905,.T.);
#5247=FACE_BOUND('',#4906,.T.);
#5248=FACE_BOUND('',#4907,.T.);
#5249=FACE_BOUND('',#4908,.T.);
#5250=FACE_BOUND('',#4909,.T.);
#5251=FACE_BOUND('',#4910,.T.);
#5252=FACE_BOUND('',#4911,.T.);
#5253=FACE_BOUND('',#4912,.T.);
#5254=FACE_BOUND('',#4913,.T.);
#5255=FACE_BOUND('',#4914,.T.);
#5256=FACE_BOUND('',#4915,.T.);
#5257=FACE_BOUND('',#4916,.T.);
#5258=FACE_BOUND('',#4917,.T.);
#5259=FACE_BOUND('',#4918,.T.);
#5260=FACE_BOUND('',#4919,.T.);
#5261=FACE_BOUND('',#4920,.T.);
#5262=FACE_BOUND('',#4921,.T.);
#5263=FACE_BOUND('',#4922,.T.);
#5264=FACE_BOUND('',#4923,.T.);
#5265=FACE_BOUND('',#4924,.T.);
#5266=FACE_BOUND('',#4925,.T.);
#5267=FACE_BOUND('',#4926,.T.);
#5268=FACE_BOUND('',#4927,.T.);
#5269=FACE_BOUND('',#4928,.T.);
#5270=FACE_BOUND('',#4929,.T.);
#5271=FACE_BOUND('',#4930,.T.);
#5272=TOROIDAL_SURFACE('',#5622,0.014,0.005);
#5273=TOROIDAL_SURFACE('',#5654,0.014,0.005);
#5274=TOROIDAL_SURFACE('',#5860,0.0198320247025746,0.0005);
#5275=TOROIDAL_SURFACE('',#5863,0.0198320247025746,0.0005);
#5276=TOROIDAL_SURFACE('',#5924,0.0400152307082019,0.005);
#5277=ADVANCED_FACE('',(#4931,#4932),#5272,.T.);
#5278=ADVANCED_FACE('',(#4933),#1427,.T.);
#5279=ADVANCED_FACE('',(#4934),#1428,.T.);
#5280=ADVANCED_FACE('',(#4935),#1429,.T.);
#5281=ADVANCED_FACE('',(#4936),#1430,.T.);
#5282=ADVANCED_FACE('',(#4937),#1431,.T.);
#5283=ADVANCED_FACE('',(#4938),#1432,.T.);
#5284=ADVANCED_FACE('',(#4939),#1433,.T.);
#5285=ADVANCED_FACE('',(#4940,#4941),#5273,.T.);
#5286=ADVANCED_FACE('',(#4942),#1434,.T.);
#5287=ADVANCED_FACE('',(#4943),#1435,.F.);
#5288=ADVANCED_FACE('',(#4944),#115,.T.);
#5289=ADVANCED_FACE('',(#4945),#1436,.T.);
#5290=ADVANCED_FACE('',(#4946),#1437,.F.);
#5291=ADVANCED_FACE('',(#4947),#116,.T.);
#5292=ADVANCED_FACE('',(#4948),#1438,.T.);
#5293=ADVANCED_FACE('',(#4949),#1439,.F.);
#5294=ADVANCED_FACE('',(#4950),#117,.T.);
#5295=ADVANCED_FACE('',(#4951),#1440,.T.);
#5296=ADVANCED_FACE('',(#4952),#1441,.F.);
#5297=ADVANCED_FACE('',(#4953),#118,.T.);
#5298=ADVANCED_FACE('',(#4954),#1442,.T.);
#5299=ADVANCED_FACE('',(#4955),#1443,.F.);
#5300=ADVANCED_FACE('',(#4956),#119,.T.);
#5301=ADVANCED_FACE('',(#4957),#1444,.T.);
#5302=ADVANCED_FACE('',(#4958),#120,.F.);
#5303=ADVANCED_FACE('',(#4959),#121,.F.);
#5304=ADVANCED_FACE('',(#4960),#122,.F.);
#5305=ADVANCED_FACE('',(#4961),#123,.F.);
#5306=ADVANCED_FACE('',(#4962),#124,.F.);
#5307=ADVANCED_FACE('',(#4963,#4964),#1445,.F.);
#5308=ADVANCED_FACE('',(#4965,#4966,#4967,#4968,#4969,#4970,#4971),#125,
 .F.);
#5309=ADVANCED_FACE('',(#4972,#4973,#4974,#4975,#4976,#4977,#4978),#126,
 .T.);
#5310=ADVANCED_FACE('',(#4979),#127,.T.);
#5311=ADVANCED_FACE('',(#4980),#128,.F.);
#5312=ADVANCED_FACE('',(#4981),#129,.F.);
#5313=ADVANCED_FACE('',(#4982),#130,.T.);
#5314=ADVANCED_FACE('',(#4983),#131,.T.);
#5315=ADVANCED_FACE('',(#4984),#132,.T.);
#5316=ADVANCED_FACE('',(#4985),#133,.F.);
#5317=ADVANCED_FACE('',(#4986),#134,.F.);
#5318=ADVANCED_FACE('',(#4987),#135,.T.);
#5319=ADVANCED_FACE('',(#4988),#136,.T.);
#5320=ADVANCED_FACE('',(#4989),#137,.T.);
#5321=ADVANCED_FACE('',(#4990),#138,.F.);
#5322=ADVANCED_FACE('',(#4991),#139,.F.);
#5323=ADVANCED_FACE('',(#4992),#140,.T.);
#5324=ADVANCED_FACE('',(#4993),#141,.T.);
#5325=ADVANCED_FACE('',(#4994),#142,.T.);
#5326=ADVANCED_FACE('',(#4995),#143,.F.);
#5327=ADVANCED_FACE('',(#4996),#144,.F.);
#5328=ADVANCED_FACE('',(#4997),#145,.T.);
#5329=ADVANCED_FACE('',(#4998),#146,.T.);
#5330=ADVANCED_FACE('',(#4999),#147,.T.);
#5331=ADVANCED_FACE('',(#5000),#148,.F.);
#5332=ADVANCED_FACE('',(#5001),#149,.F.);
#5333=ADVANCED_FACE('',(#5002),#150,.T.);
#5334=ADVANCED_FACE('',(#5003),#151,.T.);
#5335=ADVANCED_FACE('',(#5004),#152,.T.);
#5336=ADVANCED_FACE('',(#5005),#153,.F.);
#5337=ADVANCED_FACE('',(#5006),#154,.F.);
#5338=ADVANCED_FACE('',(#5007),#155,.T.);
#5339=ADVANCED_FACE('',(#5008),#156,.T.);
#5340=ADVANCED_FACE('',(#5009),#157,.T.);
#5341=ADVANCED_FACE('',(#5010),#158,.F.);
#5342=ADVANCED_FACE('',(#5011),#159,.F.);
#5343=ADVANCED_FACE('',(#5012),#160,.T.);
#5344=ADVANCED_FACE('',(#5013),#161,.T.);
#5345=ADVANCED_FACE('',(#5014),#162,.T.);
#5346=ADVANCED_FACE('',(#5015),#163,.F.);
#5347=ADVANCED_FACE('',(#5016),#164,.F.);
#5348=ADVANCED_FACE('',(#5017),#165,.T.);
#5349=ADVANCED_FACE('',(#5018),#166,.T.);
#5350=ADVANCED_FACE('',(#5019),#86,.T.);
#5351=ADVANCED_FACE('',(#5020),#167,.T.);
#5352=ADVANCED_FACE('',(#5021),#168,.F.);
#5353=ADVANCED_FACE('',(#5022),#87,.F.);
#5354=ADVANCED_FACE('',(#5023),#88,.T.);
#5355=ADVANCED_FACE('',(#5024),#169,.F.);
#5356=ADVANCED_FACE('',(#5025),#170,.T.);
#5357=ADVANCED_FACE('',(#5026),#89,.F.);
#5358=ADVANCED_FACE('',(#5027),#90,.T.);
#5359=ADVANCED_FACE('',(#5028),#171,.T.);
#5360=ADVANCED_FACE('',(#5029),#172,.F.);
#5361=ADVANCED_FACE('',(#5030),#91,.F.);
#5362=ADVANCED_FACE('',(#5031),#92,.T.);
#5363=ADVANCED_FACE('',(#5032),#173,.F.);
#5364=ADVANCED_FACE('',(#5033),#174,.T.);
#5365=ADVANCED_FACE('',(#5034),#93,.F.);
#5366=ADVANCED_FACE('',(#5035),#94,.T.);
#5367=ADVANCED_FACE('',(#5036),#175,.T.);
#5368=ADVANCED_FACE('',(#5037),#176,.F.);
#5369=ADVANCED_FACE('',(#5038),#95,.F.);
#5370=ADVANCED_FACE('',(#5039),#96,.T.);
#5371=ADVANCED_FACE('',(#5040),#177,.F.);
#5372=ADVANCED_FACE('',(#5041),#178,.T.);
#5373=ADVANCED_FACE('',(#5042),#97,.F.);
#5374=ADVANCED_FACE('',(#5043),#98,.T.);
#5375=ADVANCED_FACE('',(#5044),#179,.T.);
#5376=ADVANCED_FACE('',(#5045),#180,.F.);
#5377=ADVANCED_FACE('',(#5046),#99,.F.);
#5378=ADVANCED_FACE('',(#5047),#100,.T.);
#5379=ADVANCED_FACE('',(#5048),#181,.F.);
#5380=ADVANCED_FACE('',(#5049),#182,.T.);
#5381=ADVANCED_FACE('',(#5050),#101,.F.);
#5382=ADVANCED_FACE('',(#5051),#102,.T.);
#5383=ADVANCED_FACE('',(#5052),#183,.T.);
#5384=ADVANCED_FACE('',(#5053),#184,.F.);
#5385=ADVANCED_FACE('',(#5054),#103,.F.);
#5386=ADVANCED_FACE('',(#5055),#104,.T.);
#5387=ADVANCED_FACE('',(#5056),#185,.F.);
#5388=ADVANCED_FACE('',(#5057),#186,.T.);
#5389=ADVANCED_FACE('',(#5058),#105,.F.);
#5390=ADVANCED_FACE('',(#5059,#5060),#106,.F.);
#5391=ADVANCED_FACE('',(#5061,#5062),#107,.F.);
#5392=ADVANCED_FACE('',(#5063),#187,.T.);
#5393=ADVANCED_FACE('',(#5064),#188,.F.);
#5394=ADVANCED_FACE('',(#5065),#189,.F.);
#5395=ADVANCED_FACE('',(#5066),#190,.T.);
#5396=ADVANCED_FACE('',(#5067),#191,.T.);
#5397=ADVANCED_FACE('',(#5068,#5069),#192,.F.);
#5398=ADVANCED_FACE('',(#5070,#5071),#1446,.T.);
#5399=ADVANCED_FACE('',(#5072),#193,.F.);
#5400=ADVANCED_FACE('',(#5073),#1447,.F.);
#5401=ADVANCED_FACE('',(#5074),#194,.T.);
#5402=ADVANCED_FACE('',(#5075,#5076),#195,.T.);
#5403=ADVANCED_FACE('',(#5077),#196,.T.);
#5404=ADVANCED_FACE('',(#5078),#197,.F.);
#5405=ADVANCED_FACE('',(#5079),#198,.F.);
#5406=ADVANCED_FACE('',(#5080),#199,.T.);
#5407=ADVANCED_FACE('',(#5081),#200,.F.);
#5408=ADVANCED_FACE('',(#5082),#201,.T.);
#5409=ADVANCED_FACE('',(#5083),#202,.T.);
#5410=ADVANCED_FACE('',(#5084),#203,.T.);
#5411=ADVANCED_FACE('',(#5085,#5086),#1448,.F.);
#5412=ADVANCED_FACE('',(#5087),#204,.T.);
#5413=ADVANCED_FACE('',(#5088),#205,.T.);
#5414=ADVANCED_FACE('',(#5089),#206,.T.);
#5415=ADVANCED_FACE('',(#5090),#207,.F.);
#5416=ADVANCED_FACE('',(#5091),#208,.F.);
#5417=ADVANCED_FACE('',(#5092),#209,.F.);
#5418=ADVANCED_FACE('',(#5093),#210,.F.);
#5419=ADVANCED_FACE('',(#5094),#211,.T.);
#5420=ADVANCED_FACE('',(#5095),#212,.F.);
#5421=ADVANCED_FACE('',(#5096),#213,.T.);
#5422=ADVANCED_FACE('',(#5097),#5274,.T.);
#5423=ADVANCED_FACE('',(#5098),#1449,.T.);
#5424=ADVANCED_FACE('',(#5099),#1450,.T.);
#5425=ADVANCED_FACE('',(#5100),#5275,.T.);
#5426=ADVANCED_FACE('',(#5101,#5102),#1451,.T.);
#5427=ADVANCED_FACE('',(#5103),#214,.T.);
#5428=ADVANCED_FACE('',(#5104),#215,.F.);
#5429=ADVANCED_FACE('',(#5105),#216,.T.);
#5430=ADVANCED_FACE('',(#5106),#217,.F.);
#5431=ADVANCED_FACE('',(#5107),#218,.T.);
#5432=ADVANCED_FACE('',(#5108),#219,.F.);
#5433=ADVANCED_FACE('',(#5109),#220,.T.);
#5434=ADVANCED_FACE('',(#5110),#221,.F.);
#5435=ADVANCED_FACE('',(#5111),#222,.T.);
#5436=ADVANCED_FACE('',(#5112),#223,.F.);
#5437=ADVANCED_FACE('',(#5113),#224,.T.);
#5438=ADVANCED_FACE('',(#5114),#225,.F.);
#5439=ADVANCED_FACE('',(#5115,#5116),#1452,.F.);
#5440=ADVANCED_FACE('',(#5117),#1453,.F.);
#5441=ADVANCED_FACE('',(#5118),#1454,.F.);
#5442=ADVANCED_FACE('',(#5119),#1455,.F.);
#5443=ADVANCED_FACE('',(#5120),#1456,.F.);
#5444=ADVANCED_FACE('',(#5121),#1457,.F.);
#5445=ADVANCED_FACE('',(#5122),#1458,.F.);
#5446=ADVANCED_FACE('',(#5123,#5124,#5125,#5126,#5127,#5128,#5129,#5130),
#226,.T.);
#5447=ADVANCED_FACE('',(#5131,#5132,#5133,#5134,#5135,#5136,#5137,#5138),
#227,.F.);
#5448=ADVANCED_FACE('',(#5139),#1459,.F.);
#5449=ADVANCED_FACE('',(#5140),#228,.T.);
#5450=ADVANCED_FACE('',(#5141,#5142),#1460,.F.);
#5451=ADVANCED_FACE('',(#5143,#5144),#229,.T.);
#5452=ADVANCED_FACE('',(#5145,#5146),#5276,.T.);
#5453=ADVANCED_FACE('',(#5147,#5148),#108,.F.);
#5454=ADVANCED_FACE('',(#5149),#230,.T.);
#5455=ADVANCED_FACE('',(#5150),#109,.F.);
#5456=ADVANCED_FACE('',(#5151),#231,.F.);
#5457=ADVANCED_FACE('',(#5152),#232,.T.);
#5458=ADVANCED_FACE('',(#5153),#110,.F.);
#5459=ADVANCED_FACE('',(#5154),#233,.F.);
#5460=ADVANCED_FACE('',(#5155),#234,.T.);
#5461=ADVANCED_FACE('',(#5156),#111,.F.);
#5462=ADVANCED_FACE('',(#5157),#235,.F.);
#5463=ADVANCED_FACE('',(#5158),#236,.F.);
#5464=ADVANCED_FACE('',(#5159),#112,.F.);
#5465=ADVANCED_FACE('',(#5160),#237,.T.);
#5466=ADVANCED_FACE('',(#5161),#238,.T.);
#5467=ADVANCED_FACE('',(#5162),#113,.F.);
#5468=ADVANCED_FACE('',(#5163),#239,.F.);
#5469=ADVANCED_FACE('',(#5164),#240,.T.);
#5470=ADVANCED_FACE('',(#5165),#114,.F.);
#5471=ADVANCED_FACE('',(#5166),#241,.F.);
#5472=ADVANCED_FACE('',(#5167),#242,.T.);
#5473=ADVANCED_FACE('',(#5168),#243,.F.);
#5474=ADVANCED_FACE('',(#5169),#244,.T.);
#5475=ADVANCED_FACE('',(#5170),#1461,.F.);
#5476=ADVANCED_FACE('',(#5171),#245,.F.);
#5477=ADVANCED_FACE('',(#5172),#246,.F.);
#5478=ADVANCED_FACE('',(#5173),#247,.F.);
#5479=ADVANCED_FACE('',(#5174),#248,.T.);
#5480=ADVANCED_FACE('',(#5175),#249,.T.);
#5481=ADVANCED_FACE('',(#5176),#250,.T.);
#5482=ADVANCED_FACE('',(#5177),#251,.T.);
#5483=ADVANCED_FACE('',(#5178),#1462,.F.);
#5484=ADVANCED_FACE('',(#5179),#252,.F.);
#5485=ADVANCED_FACE('',(#5180),#253,.F.);
#5486=ADVANCED_FACE('',(#5181),#254,.F.);
#5487=ADVANCED_FACE('',(#5182),#255,.T.);
#5488=ADVANCED_FACE('',(#5183),#256,.T.);
#5489=ADVANCED_FACE('',(#5184),#257,.T.);
#5490=ADVANCED_FACE('',(#5185),#258,.T.);
#5491=ADVANCED_FACE('',(#5186),#1463,.F.);
#5492=ADVANCED_FACE('',(#5187),#259,.F.);
#5493=ADVANCED_FACE('',(#5188),#260,.F.);
#5494=ADVANCED_FACE('',(#5189),#261,.F.);
#5495=ADVANCED_FACE('',(#5190),#262,.T.);
#5496=ADVANCED_FACE('',(#5191),#263,.T.);
#5497=ADVANCED_FACE('',(#5192),#264,.T.);
#5498=ADVANCED_FACE('',(#5193),#265,.T.);
#5499=ADVANCED_FACE('',(#5194),#1464,.F.);
#5500=ADVANCED_FACE('',(#5195),#266,.F.);
#5501=ADVANCED_FACE('',(#5196),#267,.F.);
#5502=ADVANCED_FACE('',(#5197),#268,.F.);
#5503=ADVANCED_FACE('',(#5198),#269,.T.);
#5504=ADVANCED_FACE('',(#5199),#270,.T.);
#5505=ADVANCED_FACE('',(#5200),#271,.T.);
#5506=ADVANCED_FACE('',(#5201),#272,.T.);
#5507=ADVANCED_FACE('',(#5202),#1465,.F.);
#5508=ADVANCED_FACE('',(#5203),#273,.F.);
#5509=ADVANCED_FACE('',(#5204),#274,.F.);
#5510=ADVANCED_FACE('',(#5205),#275,.F.);
#5511=ADVANCED_FACE('',(#5206),#276,.T.);
#5512=ADVANCED_FACE('',(#5207),#277,.T.);
#5513=ADVANCED_FACE('',(#5208),#278,.T.);
#5514=ADVANCED_FACE('',(#5209),#279,.T.);
#5515=ADVANCED_FACE('',(#5210),#1466,.F.);
#5516=ADVANCED_FACE('',(#5211),#280,.F.);
#5517=ADVANCED_FACE('',(#5212),#281,.F.);
#5518=ADVANCED_FACE('',(#5213),#282,.F.);
#5519=ADVANCED_FACE('',(#5214),#283,.T.);
#5520=ADVANCED_FACE('',(#5215),#284,.T.);
#5521=ADVANCED_FACE('',(#5216),#285,.T.);
#5522=ADVANCED_FACE('',(#5217),#286,.T.);
#5523=ADVANCED_FACE('',(#5218),#1467,.F.);
#5524=ADVANCED_FACE('',(#5219),#287,.F.);
#5525=ADVANCED_FACE('',(#5220),#288,.F.);
#5526=ADVANCED_FACE('',(#5221),#289,.F.);
#5527=ADVANCED_FACE('',(#5222),#290,.T.);
#5528=ADVANCED_FACE('',(#5223),#291,.T.);
#5529=ADVANCED_FACE('',(#5224),#292,.T.);
#5530=ADVANCED_FACE('',(#5225),#293,.T.);
#5531=ADVANCED_FACE('',(#5226),#1468,.F.);
#5532=ADVANCED_FACE('',(#5227),#294,.F.);
#5533=ADVANCED_FACE('',(#5228),#295,.F.);
#5534=ADVANCED_FACE('',(#5229),#296,.F.);
#5535=ADVANCED_FACE('',(#5230),#297,.T.);
#5536=ADVANCED_FACE('',(#5231),#298,.T.);
#5537=ADVANCED_FACE('',(#5232),#299,.T.);
#5538=ADVANCED_FACE('',(#5233),#300,.T.);
#5539=ADVANCED_FACE('',(#5234),#1469,.F.);
#5540=ADVANCED_FACE('',(#5235),#301,.F.);
#5541=ADVANCED_FACE('',(#5236),#302,.F.);
#5542=ADVANCED_FACE('',(#5237),#303,.F.);
#5543=ADVANCED_FACE('',(#5238),#304,.T.);
#5544=ADVANCED_FACE('',(#5239),#305,.T.);
#5545=ADVANCED_FACE('',(#5240),#306,.T.);
#5546=ADVANCED_FACE('',(#5241),#307,.T.);
#5547=ADVANCED_FACE('',(#5242),#1470,.F.);
#5548=ADVANCED_FACE('',(#5243),#308,.F.);
#5549=ADVANCED_FACE('',(#5244),#309,.F.);
#5550=ADVANCED_FACE('',(#5245),#310,.F.);
#5551=ADVANCED_FACE('',(#5246),#311,.T.);
#5552=ADVANCED_FACE('',(#5247),#312,.T.);
#5553=ADVANCED_FACE('',(#5248),#313,.T.);
#5554=ADVANCED_FACE('',(#5249),#314,.T.);
#5555=ADVANCED_FACE('',(#5250),#1471,.F.);
#5556=ADVANCED_FACE('',(#5251),#315,.F.);
#5557=ADVANCED_FACE('',(#5252),#316,.F.);
#5558=ADVANCED_FACE('',(#5253),#317,.F.);
#5559=ADVANCED_FACE('',(#5254),#318,.T.);
#5560=ADVANCED_FACE('',(#5255),#319,.T.);
#5561=ADVANCED_FACE('',(#5256),#320,.T.);
#5562=ADVANCED_FACE('',(#5257),#321,.T.);
#5563=ADVANCED_FACE('',(#5258),#1472,.F.);
#5564=ADVANCED_FACE('',(#5259),#322,.F.);
#5565=ADVANCED_FACE('',(#5260),#323,.F.);
#5566=ADVANCED_FACE('',(#5261),#324,.F.);
#5567=ADVANCED_FACE('',(#5262),#325,.T.);
#5568=ADVANCED_FACE('',(#5263),#326,.T.);
#5569=ADVANCED_FACE('',(#5264),#327,.T.);
#5570=ADVANCED_FACE('',(#5265,#5266),#1473,.T.);
#5571=ADVANCED_FACE('',(#5267),#328,.T.);
#5572=ADVANCED_FACE('',(#5268,#5269),#329,.T.);
#5573=ADVANCED_FACE('',(#5270,#5271),#330,.F.);
#5574=CLOSED_SHELL('',(#5277,#5278,#5279,#5280,#5281,#5282,#5283,#5284,
#5285,#5286,#5287,#5288,#5289,#5290,#5291,#5292,#5293,#5294,#5295,#5296,
#5297,#5298,#5299,#5300,#5301,#5302,#5303,#5304,#5305,#5306,#5307,#5308,
#5309,#5310,#5311,#5312,#5313,#5314,#5315,#5316,#5317,#5318,#5319,#5320,
#5321,#5322,#5323,#5324,#5325,#5326,#5327,#5328,#5329,#5330,#5331,#5332,
#5333,#5334,#5335,#5336,#5337,#5338,#5339,#5340,#5341,#5342,#5343,#5344,
#5345,#5346,#5347,#5348,#5349,#5350,#5351,#5352,#5353,#5354,#5355,#5356,
#5357,#5358,#5359,#5360,#5361,#5362,#5363,#5364,#5365,#5366,#5367,#5368,
#5369,#5370,#5371,#5372,#5373,#5374,#5375,#5376,#5377,#5378,#5379,#5380,
#5381,#5382,#5383,#5384,#5385,#5386,#5387,#5388,#5389,#5390,#5391));
#5575=CLOSED_SHELL('',(#5392,#5393,#5394,#5395,#5396,#5397,#5398,#5399,
#5400,#5401,#5402,#5403,#5404,#5405,#5406,#5407,#5408,#5409,#5410,#5411,
#5412,#5413,#5414,#5415,#5416,#5417,#5418,#5419,#5420,#5421,#5422,#5423,
#5424,#5425));
#5576=CLOSED_SHELL('',(#5426,#5427,#5428,#5429,#5430,#5431,#5432,#5433,
#5434,#5435,#5436,#5437,#5438,#5439,#5440,#5441,#5442,#5443,#5444,#5445,
#5446,#5447,#5448,#5449,#5450,#5451,#5452,#5453,#5454,#5455,#5456,#5457,
#5458,#5459,#5460,#5461,#5462,#5463,#5464,#5465,#5466,#5467,#5468,#5469,
#5470,#5471,#5472,#5473,#5474));
#5577=CLOSED_SHELL('',(#5475,#5476,#5477,#5478,#5479,#5480,#5481,#5482,
#5483,#5484,#5485,#5486,#5487,#5488,#5489,#5490,#5491,#5492,#5493,#5494,
#5495,#5496,#5497,#5498,#5499,#5500,#5501,#5502,#5503,#5504,#5505,#5506,
#5507,#5508,#5509,#5510,#5511,#5512,#5513,#5514,#5515,#5516,#5517,#5518,
#5519,#5520,#5521,#5522,#5523,#5524,#5525,#5526,#5527,#5528,#5529,#5530,
#5531,#5532,#5533,#5534,#5535,#5536,#5537,#5538,#5539,#5540,#5541,#5542,
#5543,#5544,#5545,#5546,#5547,#5548,#5549,#5550,#5551,#5552,#5553,#5554,
#5555,#5556,#5557,#5558,#5559,#5560,#5561,#5562,#5563,#5564,#5565,#5566,
#5567,#5568,#5569,#5570,#5571,#5572,#5573));
#5578=STYLED_ITEM('',(#5582),#5607);
#5579=STYLED_ITEM('',(#5583),#5608);
#5580=STYLED_ITEM('',(#5584),#5609);
#5581=STYLED_ITEM('',(#5585),#5610);
#5582=PRESENTATION_STYLE_ASSIGNMENT((#5586));
#5583=PRESENTATION_STYLE_ASSIGNMENT((#5587));
#5584=PRESENTATION_STYLE_ASSIGNMENT((#5588));
#5585=PRESENTATION_STYLE_ASSIGNMENT((#5589));
#5586=SURFACE_STYLE_USAGE(.BOTH.,#5590);
#5587=SURFACE_STYLE_USAGE(.BOTH.,#5591);
#5588=SURFACE_STYLE_USAGE(.BOTH.,#5592);
#5589=SURFACE_STYLE_USAGE(.BOTH.,#5593);
#5590=SURFACE_SIDE_STYLE('',(#5594));
#5591=SURFACE_SIDE_STYLE('',(#5595));
#5592=SURFACE_SIDE_STYLE('',(#5596));
#5593=SURFACE_SIDE_STYLE('',(#5597));
#5594=SURFACE_STYLE_FILL_AREA(#5598);
#5595=SURFACE_STYLE_FILL_AREA(#5599);
#5596=SURFACE_STYLE_FILL_AREA(#5600);
#5597=SURFACE_STYLE_FILL_AREA(#5601);
#5598=FILL_AREA_STYLE('',(#5602));
#5599=FILL_AREA_STYLE('',(#5603));
#5600=FILL_AREA_STYLE('',(#5604));
#5601=FILL_AREA_STYLE('',(#5605));
#5602=FILL_AREA_STYLE_COLOUR('',#5606);
#5603=FILL_AREA_STYLE_COLOUR('',#5606);
#5604=FILL_AREA_STYLE_COLOUR('',#5606);
#5605=FILL_AREA_STYLE_COLOUR('',#5606);
#5606=COLOUR_RGB('',0.615686274509804,0.811764705882353,0.929411764705882);
#5607=MANIFOLD_SOLID_BREP('Part 1',#5574);
#5608=MANIFOLD_SOLID_BREP('Part 1',#5575);
#5609=MANIFOLD_SOLID_BREP('Part 1',#5576);
#5610=MANIFOLD_SOLID_BREP('Part 1',#5577);
#5611=SHAPE_DEFINITION_REPRESENTATION(#9467,#5616);
#5612=SHAPE_DEFINITION_REPRESENTATION(#9468,#5617);
#5613=SHAPE_DEFINITION_REPRESENTATION(#9470,#5618);
#5614=SHAPE_DEFINITION_REPRESENTATION(#9474,#5619);
#5615=SHAPE_DEFINITION_REPRESENTATION(#9483,#5620);
#5616=SHAPE_REPRESENTATION('Assembly',(#5621,#5815,#5864,#5865,#5866,#5947,
#5948,#5949,#5950,#5951,#5952,#5953,#5954,#6080,#6081,#6082,#6083),#9454);
#5617=SHAPE_REPRESENTATION('Part 1',(#5621),#9455);
#5618=SHAPE_REPRESENTATION('Part 1',(#5621),#9456);
#5619=SHAPE_REPRESENTATION('Part 1',(#5621),#9457);
#5620=SHAPE_REPRESENTATION('Part 1',(#5621),#9458);
#5621=AXIS2_PLACEMENT_3D('',#7558,#6084,#6085);
#5622=AXIS2_PLACEMENT_3D('',#7559,#6086,#6087);
#5623=AXIS2_PLACEMENT_3D('',#7560,#6088,#6089);
#5624=AXIS2_PLACEMENT_3D('',#7562,#6090,#6091);
#5625=AXIS2_PLACEMENT_3D('',#7570,#6092,#6093);
#5626=AXIS2_PLACEMENT_3D('',#7577,#6094,#6095);
#5627=AXIS2_PLACEMENT_3D('',#7584,#6096,#6097);
#5628=AXIS2_PLACEMENT_3D('',#7591,#6098,#6099);
#5629=AXIS2_PLACEMENT_3D('',#7598,#6100,#6101);
#5630=AXIS2_PLACEMENT_3D('',#7605,#6102,#6103);
#5631=AXIS2_PLACEMENT_3D('',#7612,#6104,#6105);
#5632=AXIS2_PLACEMENT_3D('',#7619,#6106,#6107);
#5633=AXIS2_PLACEMENT_3D('',#7626,#6108,#6109);
#5634=AXIS2_PLACEMENT_3D('',#7633,#6110,#6111);
#5635=AXIS2_PLACEMENT_3D('',#7640,#6112,#6113);
#5636=AXIS2_PLACEMENT_3D('',#7647,#6114,#6115);
#5637=AXIS2_PLACEMENT_3D('',#7654,#6116,#6117);
#5638=AXIS2_PLACEMENT_3D('',#7661,#6118,#6119);
#5639=AXIS2_PLACEMENT_3D('',#7668,#6120,#6121);
#5640=AXIS2_PLACEMENT_3D('',#7674,#6122,#6123);
#5641=AXIS2_PLACEMENT_3D('',#7679,#6126,#6127);
#5642=AXIS2_PLACEMENT_3D('',#7680,#6128,#6129);
#5643=AXIS2_PLACEMENT_3D('',#7685,#6132,#6133);
#5644=AXIS2_PLACEMENT_3D('',#7686,#6134,#6135);
#5645=AXIS2_PLACEMENT_3D('',#7691,#6138,#6139);
#5646=AXIS2_PLACEMENT_3D('',#7692,#6140,#6141);
#5647=AXIS2_PLACEMENT_3D('',#7697,#6144,#6145);
#5648=AXIS2_PLACEMENT_3D('',#7698,#6146,#6147);
#5649=AXIS2_PLACEMENT_3D('',#7703,#6150,#6151);
#5650=AXIS2_PLACEMENT_3D('',#7704,#6152,#6153);
#5651=AXIS2_PLACEMENT_3D('',#7709,#6156,#6157);
#5652=AXIS2_PLACEMENT_3D('',#7710,#6158,#6159);
#5653=AXIS2_PLACEMENT_3D('',#7715,#6162,#6163);
#5654=AXIS2_PLACEMENT_3D('',#7716,#6164,#6165);
#5655=AXIS2_PLACEMENT_3D('',#7717,#6166,#6167);
#5656=AXIS2_PLACEMENT_3D('',#7719,#6168,#6169);
#5657=AXIS2_PLACEMENT_3D('',#7727,#6170,#6171);
#5658=AXIS2_PLACEMENT_3D('',#7738,#6172,#6173);
#5659=AXIS2_PLACEMENT_3D('',#7749,#6174,#6175);
#5660=AXIS2_PLACEMENT_3D('',#7760,#6176,#6177);
#5661=AXIS2_PLACEMENT_3D('',#7771,#6178,#6179);
#5662=AXIS2_PLACEMENT_3D('',#7782,#6180,#6181);
#5663=AXIS2_PLACEMENT_3D('',#7793,#6182,#6183);
#5664=AXIS2_PLACEMENT_3D('',#7804,#6184,#6185);
#5665=AXIS2_PLACEMENT_3D('',#7810,#6186,#6187);
#5666=AXIS2_PLACEMENT_3D('',#7813,#6190,#6191);
#5667=AXIS2_PLACEMENT_3D('',#7817,#6193,#6194);
#5668=AXIS2_PLACEMENT_3D('',#7821,#6196,#6197);
#5669=AXIS2_PLACEMENT_3D('',#7822,#6198,#6199);
#5670=AXIS2_PLACEMENT_3D('',#7828,#6203,#6204);
#5671=AXIS2_PLACEMENT_3D('',#7829,#6205,#6206);
#5672=AXIS2_PLACEMENT_3D('',#7833,#6208,#6209);
#5673=AXIS2_PLACEMENT_3D('',#7834,#6210,#6211);
#5674=AXIS2_PLACEMENT_3D('',#7838,#6213,#6214);
#5675=AXIS2_PLACEMENT_3D('',#7842,#6216,#6217);
#5676=AXIS2_PLACEMENT_3D('',#7843,#6218,#6219);
#5677=AXIS2_PLACEMENT_3D('',#7849,#6223,#6224);
#5678=AXIS2_PLACEMENT_3D('',#7850,#6225,#6226);
#5679=AXIS2_PLACEMENT_3D('',#7854,#6228,#6229);
#5680=AXIS2_PLACEMENT_3D('',#7855,#6230,#6231);
#5681=AXIS2_PLACEMENT_3D('',#7859,#6233,#6234);
#5682=AXIS2_PLACEMENT_3D('',#7863,#6236,#6237);
#5683=AXIS2_PLACEMENT_3D('',#7864,#6238,#6239);
#5684=AXIS2_PLACEMENT_3D('',#7870,#6243,#6244);
#5685=AXIS2_PLACEMENT_3D('',#7871,#6245,#6246);
#5686=AXIS2_PLACEMENT_3D('',#7875,#6248,#6249);
#5687=AXIS2_PLACEMENT_3D('',#7876,#6250,#6251);
#5688=AXIS2_PLACEMENT_3D('',#7880,#6253,#6254);
#5689=AXIS2_PLACEMENT_3D('',#7884,#6256,#6257);
#5690=AXIS2_PLACEMENT_3D('',#7885,#6258,#6259);
#5691=AXIS2_PLACEMENT_3D('',#7891,#6263,#6264);
#5692=AXIS2_PLACEMENT_3D('',#7892,#6265,#6266);
#5693=AXIS2_PLACEMENT_3D('',#7896,#6268,#6269);
#5694=AXIS2_PLACEMENT_3D('',#7897,#6270,#6271);
#5695=AXIS2_PLACEMENT_3D('',#7901,#6273,#6274);
#5696=AXIS2_PLACEMENT_3D('',#7905,#6276,#6277);
#5697=AXIS2_PLACEMENT_3D('',#7906,#6278,#6279);
#5698=AXIS2_PLACEMENT_3D('',#7912,#6283,#6284);
#5699=AXIS2_PLACEMENT_3D('',#7913,#6285,#6286);
#5700=AXIS2_PLACEMENT_3D('',#7917,#6288,#6289);
#5701=AXIS2_PLACEMENT_3D('',#7918,#6290,#6291);
#5702=AXIS2_PLACEMENT_3D('',#7921,#6294,#6295);
#5703=AXIS2_PLACEMENT_3D('',#7924,#6298,#6299);
#5704=AXIS2_PLACEMENT_3D('',#7927,#6302,#6303);
#5705=AXIS2_PLACEMENT_3D('',#7930,#6306,#6307);
#5706=AXIS2_PLACEMENT_3D('',#7933,#6310,#6311);
#5707=AXIS2_PLACEMENT_3D('',#7934,#6312,#6313);
#5708=AXIS2_PLACEMENT_3D('',#7936,#6314,#6315);
#5709=AXIS2_PLACEMENT_3D('',#7938,#6316,#6317);
#5710=AXIS2_PLACEMENT_3D('',#7942,#6319,#6320);
#5711=AXIS2_PLACEMENT_3D('',#7946,#6322,#6323);
#5712=AXIS2_PLACEMENT_3D('',#7950,#6325,#6326);
#5713=AXIS2_PLACEMENT_3D('',#7954,#6328,#6329);
#5714=AXIS2_PLACEMENT_3D('',#7958,#6331,#6332);
#5715=AXIS2_PLACEMENT_3D('',#7962,#6334,#6335);
#5716=AXIS2_PLACEMENT_3D('',#7966,#6337,#6338);
#5717=AXIS2_PLACEMENT_3D('',#7970,#6340,#6341);
#5718=AXIS2_PLACEMENT_3D('',#7974,#6343,#6344);
#5719=AXIS2_PLACEMENT_3D('',#7978,#6346,#6347);
#5720=AXIS2_PLACEMENT_3D('',#7979,#6348,#6349);
#5721=AXIS2_PLACEMENT_3D('',#7981,#6350,#6351);
#5722=AXIS2_PLACEMENT_3D('',#7985,#6353,#6354);
#5723=AXIS2_PLACEMENT_3D('',#7989,#6356,#6357);
#5724=AXIS2_PLACEMENT_3D('',#7993,#6359,#6360);
#5725=AXIS2_PLACEMENT_3D('',#7997,#6362,#6363);
#5726=AXIS2_PLACEMENT_3D('',#8001,#6365,#6366);
#5727=AXIS2_PLACEMENT_3D('',#8005,#6368,#6369);
#5728=AXIS2_PLACEMENT_3D('',#8009,#6371,#6372);
#5729=AXIS2_PLACEMENT_3D('',#8013,#6374,#6375);
#5730=AXIS2_PLACEMENT_3D('',#8017,#6377,#6378);
#5731=AXIS2_PLACEMENT_3D('',#8021,#6380,#6381);
#5732=AXIS2_PLACEMENT_3D('',#8022,#6382,#6383);
#5733=AXIS2_PLACEMENT_3D('',#8024,#6384,#6385);
#5734=AXIS2_PLACEMENT_3D('',#8030,#6389,#6390);
#5735=AXIS2_PLACEMENT_3D('',#8034,#6393,#6394);
#5736=AXIS2_PLACEMENT_3D('',#8038,#6397,#6398);
#5737=AXIS2_PLACEMENT_3D('',#8040,#6400,#6401);
#5738=AXIS2_PLACEMENT_3D('',#8041,#6402,#6403);
#5739=AXIS2_PLACEMENT_3D('',#8047,#6407,#6408);
#5740=AXIS2_PLACEMENT_3D('',#8051,#6411,#6412);
#5741=AXIS2_PLACEMENT_3D('',#8055,#6415,#6416);
#5742=AXIS2_PLACEMENT_3D('',#8057,#6418,#6419);
#5743=AXIS2_PLACEMENT_3D('',#8058,#6420,#6421);
#5744=AXIS2_PLACEMENT_3D('',#8064,#6425,#6426);
#5745=AXIS2_PLACEMENT_3D('',#8068,#6429,#6430);
#5746=AXIS2_PLACEMENT_3D('',#8072,#6433,#6434);
#5747=AXIS2_PLACEMENT_3D('',#8074,#6436,#6437);
#5748=AXIS2_PLACEMENT_3D('',#8075,#6438,#6439);
#5749=AXIS2_PLACEMENT_3D('',#8081,#6443,#6444);
#5750=AXIS2_PLACEMENT_3D('',#8085,#6447,#6448);
#5751=AXIS2_PLACEMENT_3D('',#8089,#6451,#6452);
#5752=AXIS2_PLACEMENT_3D('',#8091,#6454,#6455);
#5753=AXIS2_PLACEMENT_3D('',#8092,#6456,#6457);
#5754=AXIS2_PLACEMENT_3D('',#8098,#6461,#6462);
#5755=AXIS2_PLACEMENT_3D('',#8102,#6465,#6466);
#5756=AXIS2_PLACEMENT_3D('',#8106,#6469,#6470);
#5757=AXIS2_PLACEMENT_3D('',#8108,#6472,#6473);
#5758=AXIS2_PLACEMENT_3D('',#8109,#6474,#6475);
#5759=AXIS2_PLACEMENT_3D('',#8115,#6479,#6480);
#5760=AXIS2_PLACEMENT_3D('',#8119,#6483,#6484);
#5761=AXIS2_PLACEMENT_3D('',#8123,#6487,#6488);
#5762=AXIS2_PLACEMENT_3D('',#8125,#6490,#6491);
#5763=AXIS2_PLACEMENT_3D('',#8126,#6492,#6493);
#5764=AXIS2_PLACEMENT_3D('',#8132,#6497,#6498);
#5765=AXIS2_PLACEMENT_3D('',#8136,#6501,#6502);
#5766=AXIS2_PLACEMENT_3D('',#8140,#6505,#6506);
#5767=AXIS2_PLACEMENT_3D('',#8142,#6508,#6509);
#5768=AXIS2_PLACEMENT_3D('',#8143,#6510,#6511);
#5769=AXIS2_PLACEMENT_3D('',#8149,#6515,#6516);
#5770=AXIS2_PLACEMENT_3D('',#8153,#6519,#6520);
#5771=AXIS2_PLACEMENT_3D('',#8157,#6523,#6524);
#5772=AXIS2_PLACEMENT_3D('',#8159,#6526,#6527);
#5773=AXIS2_PLACEMENT_3D('',#8160,#6528,#6529);
#5774=AXIS2_PLACEMENT_3D('',#8169,#6530,#6531);
#5775=AXIS2_PLACEMENT_3D('',#8174,#6532,#6533);
#5776=AXIS2_PLACEMENT_3D('',#8179,#6534,#6535);
#5777=AXIS2_PLACEMENT_3D('',#8180,#6536,#6537);
#5778=AXIS2_PLACEMENT_3D('',#8189,#6538,#6539);
#5779=AXIS2_PLACEMENT_3D('',#8194,#6540,#6541);
#5780=AXIS2_PLACEMENT_3D('',#8199,#6542,#6543);
#5781=AXIS2_PLACEMENT_3D('',#8200,#6544,#6545);
#5782=AXIS2_PLACEMENT_3D('',#8209,#6546,#6547);
#5783=AXIS2_PLACEMENT_3D('',#8214,#6548,#6549);
#5784=AXIS2_PLACEMENT_3D('',#8219,#6550,#6551);
#5785=AXIS2_PLACEMENT_3D('',#8220,#6552,#6553);
#5786=AXIS2_PLACEMENT_3D('',#8229,#6554,#6555);
#5787=AXIS2_PLACEMENT_3D('',#8234,#6556,#6557);
#5788=AXIS2_PLACEMENT_3D('',#8239,#6558,#6559);
#5789=AXIS2_PLACEMENT_3D('',#8240,#6560,#6561);
#5790=AXIS2_PLACEMENT_3D('',#8249,#6562,#6563);
#5791=AXIS2_PLACEMENT_3D('',#8254,#6564,#6565);
#5792=AXIS2_PLACEMENT_3D('',#8259,#6566,#6567);
#5793=AXIS2_PLACEMENT_3D('',#8260,#6568,#6569);
#5794=AXIS2_PLACEMENT_3D('',#8269,#6570,#6571);
#5795=AXIS2_PLACEMENT_3D('',#8274,#6572,#6573);
#5796=AXIS2_PLACEMENT_3D('',#8279,#6574,#6575);
#5797=AXIS2_PLACEMENT_3D('',#8280,#6576,#6577);
#5798=AXIS2_PLACEMENT_3D('',#8289,#6578,#6579);
#5799=AXIS2_PLACEMENT_3D('',#8294,#6580,#6581);
#5800=AXIS2_PLACEMENT_3D('',#8299,#6582,#6583);
#5801=AXIS2_PLACEMENT_3D('',#8300,#6584,#6585);
#5802=AXIS2_PLACEMENT_3D('',#8309,#6586,#6587);
#5803=AXIS2_PLACEMENT_3D('',#8314,#6588,#6589);
#5804=AXIS2_PLACEMENT_3D('',#8319,#6590,#6591);
#5805=AXIS2_PLACEMENT_3D('',#8320,#6592,#6593);
#5806=AXIS2_PLACEMENT_3D('',#8329,#6594,#6595);
#5807=AXIS2_PLACEMENT_3D('',#8334,#6596,#6597);
#5808=AXIS2_PLACEMENT_3D('',#8339,#6598,#6599);
#5809=AXIS2_PLACEMENT_3D('',#8340,#6600,#6601);
#5810=AXIS2_PLACEMENT_3D('',#8349,#6602,#6603);
#5811=AXIS2_PLACEMENT_3D('',#8354,#6604,#6605);
#5812=AXIS2_PLACEMENT_3D('',#8359,#6606,#6607);
#5813=AXIS2_PLACEMENT_3D('',#8360,#6608,#6609);
#5814=AXIS2_PLACEMENT_3D('',#8361,#6610,#6611);
#5815=AXIS2_PLACEMENT_3D('',#8362,#6612,#6613);
#5816=AXIS2_PLACEMENT_3D('',#8363,#6614,#6615);
#5817=AXIS2_PLACEMENT_3D('',#8369,#6618,#6619);
#5818=AXIS2_PLACEMENT_3D('',#8374,#6622,#6623);
#5819=AXIS2_PLACEMENT_3D('',#8375,#6624,#6625);
#5820=AXIS2_PLACEMENT_3D('',#8385,#6630,#6631);
#5821=AXIS2_PLACEMENT_3D('',#8394,#6636,#6637);
#5822=AXIS2_PLACEMENT_3D('',#8400,#6641,#6642);
#5823=AXIS2_PLACEMENT_3D('',#8409,#6647,#6648);
#5824=AXIS2_PLACEMENT_3D('',#8410,#6649,#6650);
#5825=AXIS2_PLACEMENT_3D('',#8425,#6658,#6659);
#5826=AXIS2_PLACEMENT_3D('',#8429,#6661,#6662);
#5827=AXIS2_PLACEMENT_3D('',#8433,#6664,#6665);
#5828=AXIS2_PLACEMENT_3D('',#8434,#6666,#6667);
#5829=AXIS2_PLACEMENT_3D('',#8435,#6668,#6669);
#5830=AXIS2_PLACEMENT_3D('',#8436,#6670,#6671);
#5831=AXIS2_PLACEMENT_3D('',#8440,#6673,#6674);
#5832=AXIS2_PLACEMENT_3D('',#8441,#6675,#6676);
#5833=AXIS2_PLACEMENT_3D('',#8451,#6682,#6683);
#5834=AXIS2_PLACEMENT_3D('',#8455,#6685,#6686);
#5835=AXIS2_PLACEMENT_3D('',#8459,#6688,#6689);
#5836=AXIS2_PLACEMENT_3D('',#8460,#6690,#6691);
#5837=AXIS2_PLACEMENT_3D('',#8476,#6695,#6696);
#5838=AXIS2_PLACEMENT_3D('',#8477,#6697,#6698);
#5839=AXIS2_PLACEMENT_3D('',#8492,#6706,#6707);
#5840=AXIS2_PLACEMENT_3D('',#8498,#6711,#6712);
#5841=AXIS2_PLACEMENT_3D('',#8504,#6716,#6717);
#5842=AXIS2_PLACEMENT_3D('',#8512,#6723,#6724);
#5843=AXIS2_PLACEMENT_3D('',#8517,#6728,#6729);
#5844=AXIS2_PLACEMENT_3D('',#8518,#6730,#6731);
#5845=AXIS2_PLACEMENT_3D('',#8519,#6732,#6733);
#5846=AXIS2_PLACEMENT_3D('',#8527,#6738,#6739);
#5847=AXIS2_PLACEMENT_3D('',#8532,#6744,#6745);
#5848=AXIS2_PLACEMENT_3D('',#8533,#6746,#6747);
#5849=AXIS2_PLACEMENT_3D('',#8534,#6748,#6749);
#5850=AXIS2_PLACEMENT_3D('',#8535,#6750,#6751);
#5851=AXIS2_PLACEMENT_3D('',#8537,#6753,#6754);
#5852=AXIS2_PLACEMENT_3D('',#8538,#6755,#6756);
#5853=AXIS2_PLACEMENT_3D('',#8540,#6758,#6759);
#5854=AXIS2_PLACEMENT_3D('',#8541,#6760,#6761);
#5855=AXIS2_PLACEMENT_3D('',#8543,#6763,#6764);
#5856=AXIS2_PLACEMENT_3D('',#8544,#6765,#6766);
#5857=AXIS2_PLACEMENT_3D('',#8546,#6768,#6769);
#5858=AXIS2_PLACEMENT_3D('',#8547,#6770,#6771);
#5859=AXIS2_PLACEMENT_3D('',#8548,#6772,#6773);
#5860=AXIS2_PLACEMENT_3D('',#8549,#6774,#6775);
#5861=AXIS2_PLACEMENT_3D('',#8560,#6776,#6777);
#5862=AXIS2_PLACEMENT_3D('',#8566,#6778,#6779);
#5863=AXIS2_PLACEMENT_3D('',#8572,#6780,#6781);
#5864=AXIS2_PLACEMENT_3D('',#8573,#6782,#6783);
#5865=AXIS2_PLACEMENT_3D('',#8574,#6784,#6785);
#5866=AXIS2_PLACEMENT_3D('',#8575,#6786,#6787);
#5867=AXIS2_PLACEMENT_3D('',#8576,#6788,#6789);
#5868=AXIS2_PLACEMENT_3D('',#8577,#6790,#6791);
#5869=AXIS2_PLACEMENT_3D('',#8579,#6792,#6793);
#5870=AXIS2_PLACEMENT_3D('',#8584,#6795,#6796);
#5871=AXIS2_PLACEMENT_3D('',#8587,#6798,#6799);
#5872=AXIS2_PLACEMENT_3D('',#8596,#6804,#6805);
#5873=AXIS2_PLACEMENT_3D('',#8602,#6809,#6810);
#5874=AXIS2_PLACEMENT_3D('',#8611,#6815,#6816);
#5875=AXIS2_PLACEMENT_3D('',#8617,#6820,#6821);
#5876=AXIS2_PLACEMENT_3D('',#8626,#6826,#6827);
#5877=AXIS2_PLACEMENT_3D('',#8632,#6831,#6832);
#5878=AXIS2_PLACEMENT_3D('',#8641,#6837,#6838);
#5879=AXIS2_PLACEMENT_3D('',#8647,#6842,#6843);
#5880=AXIS2_PLACEMENT_3D('',#8656,#6848,#6849);
#5881=AXIS2_PLACEMENT_3D('',#8662,#6853,#6854);
#5882=AXIS2_PLACEMENT_3D('',#8671,#6859,#6860);
#5883=AXIS2_PLACEMENT_3D('',#8677,#6864,#6865);
#5884=AXIS2_PLACEMENT_3D('',#8678,#6866,#6867);
#5885=AXIS2_PLACEMENT_3D('',#8680,#6868,#6869);
#5886=AXIS2_PLACEMENT_3D('',#8682,#6870,#6871);
#5887=AXIS2_PLACEMENT_3D('',#8683,#6872,#6873);
#5888=AXIS2_PLACEMENT_3D('',#8684,#6874,#6875);
#5889=AXIS2_PLACEMENT_3D('',#8685,#6876,#6877);
#5890=AXIS2_PLACEMENT_3D('',#8686,#6878,#6879);
#5891=AXIS2_PLACEMENT_3D('',#8687,#6880,#6881);
#5892=AXIS2_PLACEMENT_3D('',#8688,#6882,#6883);
#5893=AXIS2_PLACEMENT_3D('',#8689,#6884,#6885);
#5894=AXIS2_PLACEMENT_3D('',#8690,#6886,#6887);
#5895=AXIS2_PLACEMENT_3D('',#8691,#6888,#6889);
#5896=AXIS2_PLACEMENT_3D('',#8692,#6890,#6891);
#5897=AXIS2_PLACEMENT_3D('',#8693,#6892,#6893);
#5898=AXIS2_PLACEMENT_3D('',#8694,#6894,#6895);
#5899=AXIS2_PLACEMENT_3D('',#8695,#6896,#6897);
#5900=AXIS2_PLACEMENT_3D('',#8696,#6898,#6899);
#5901=AXIS2_PLACEMENT_3D('',#8697,#6900,#6901);
#5902=AXIS2_PLACEMENT_3D('',#8698,#6902,#6903);
#5903=AXIS2_PLACEMENT_3D('',#8699,#6904,#6905);
#5904=AXIS2_PLACEMENT_3D('',#8700,#6906,#6907);
#5905=AXIS2_PLACEMENT_3D('',#8701,#6908,#6909);
#5906=AXIS2_PLACEMENT_3D('',#8706,#6911,#6912);
#5907=AXIS2_PLACEMENT_3D('',#8709,#6914,#6915);
#5908=AXIS2_PLACEMENT_3D('',#8710,#6916,#6917);
#5909=AXIS2_PLACEMENT_3D('',#8712,#6918,#6919);
#5910=AXIS2_PLACEMENT_3D('',#8718,#6922,#6923);
#5911=AXIS2_PLACEMENT_3D('',#8724,#6926,#6927);
#5912=AXIS2_PLACEMENT_3D('',#8735,#6932,#6933);
#5913=AXIS2_PLACEMENT_3D('',#8736,#6934,#6935);
#5914=AXIS2_PLACEMENT_3D('',#8742,#6938,#6939);
#5915=AXIS2_PLACEMENT_3D('',#8748,#6942,#6943);
#5916=AXIS2_PLACEMENT_3D('',#8750,#6944,#6945);
#5917=AXIS2_PLACEMENT_3D('',#8755,#6948,#6949);
#5918=AXIS2_PLACEMENT_3D('',#8756,#6950,#6951);
#5919=AXIS2_PLACEMENT_3D('',#8761,#6954,#6955);
#5920=AXIS2_PLACEMENT_3D('',#8762,#6956,#6957);
#5921=AXIS2_PLACEMENT_3D('',#8767,#6960,#6961);
#5922=AXIS2_PLACEMENT_3D('',#8768,#6962,#6963);
#5923=AXIS2_PLACEMENT_3D('',#8770,#6964,#6965);
#5924=AXIS2_PLACEMENT_3D('',#8771,#6966,#6967);
#5925=AXIS2_PLACEMENT_3D('',#8780,#6968,#6969);
#5926=AXIS2_PLACEMENT_3D('',#8781,#6970,#6971);
#5927=AXIS2_PLACEMENT_3D('',#8787,#6973,#6974);
#5928=AXIS2_PLACEMENT_3D('',#8792,#6975,#6976);
#5929=AXIS2_PLACEMENT_3D('',#8793,#6977,#6978);
#5930=AXIS2_PLACEMENT_3D('',#8799,#6980,#6981);
#5931=AXIS2_PLACEMENT_3D('',#8804,#6982,#6983);
#5932=AXIS2_PLACEMENT_3D('',#8805,#6984,#6985);
#5933=AXIS2_PLACEMENT_3D('',#8811,#6987,#6988);
#5934=AXIS2_PLACEMENT_3D('',#8816,#6989,#6990);
#5935=AXIS2_PLACEMENT_3D('',#8817,#6991,#6992);
#5936=AXIS2_PLACEMENT_3D('',#8823,#6994,#6995);
#5937=AXIS2_PLACEMENT_3D('',#8828,#6996,#6997);
#5938=AXIS2_PLACEMENT_3D('',#8829,#6998,#6999);
#5939=AXIS2_PLACEMENT_3D('',#8835,#7001,#7002);
#5940=AXIS2_PLACEMENT_3D('',#8840,#7003,#7004);
#5941=AXIS2_PLACEMENT_3D('',#8841,#7005,#7006);
#5942=AXIS2_PLACEMENT_3D('',#8847,#7008,#7009);
#5943=AXIS2_PLACEMENT_3D('',#8852,#7010,#7011);
#5944=AXIS2_PLACEMENT_3D('',#8853,#7012,#7013);
#5945=AXIS2_PLACEMENT_3D('',#8856,#7016,#7017);
#5946=AXIS2_PLACEMENT_3D('',#8857,#7018,#7019);
#5947=AXIS2_PLACEMENT_3D('',#8858,#7020,#7021);
#5948=AXIS2_PLACEMENT_3D('',#8859,#7022,#7023);
#5949=AXIS2_PLACEMENT_3D('',#8860,#7024,#7025);
#5950=AXIS2_PLACEMENT_3D('',#8861,#7026,#7027);
#5951=AXIS2_PLACEMENT_3D('',#8862,#7028,#7029);
#5952=AXIS2_PLACEMENT_3D('',#8863,#7030,#7031);
#5953=AXIS2_PLACEMENT_3D('',#8864,#7032,#7033);
#5954=AXIS2_PLACEMENT_3D('',#8865,#7034,#7035);
#5955=AXIS2_PLACEMENT_3D('',#8866,#7036,#7037);
#5956=AXIS2_PLACEMENT_3D('',#8867,#7038,#7039);
#5957=AXIS2_PLACEMENT_3D('',#8872,#7041,#7042);
#5958=AXIS2_PLACEMENT_3D('',#8875,#7044,#7045);
#5959=AXIS2_PLACEMENT_3D('',#8881,#7049,#7050);
#5960=AXIS2_PLACEMENT_3D('',#8887,#7054,#7055);
#5961=AXIS2_PLACEMENT_3D('',#8893,#7059,#7060);
#5962=AXIS2_PLACEMENT_3D('',#8899,#7064,#7065);
#5963=AXIS2_PLACEMENT_3D('',#8905,#7069,#7070);
#5964=AXIS2_PLACEMENT_3D('',#8911,#7074,#7075);
#5965=AXIS2_PLACEMENT_3D('',#8917,#7079,#7080);
#5966=AXIS2_PLACEMENT_3D('',#8918,#7081,#7082);
#5967=AXIS2_PLACEMENT_3D('',#8922,#7084,#7085);
#5968=AXIS2_PLACEMENT_3D('',#8923,#7086,#7087);
#5969=AXIS2_PLACEMENT_3D('',#8929,#7091,#7092);
#5970=AXIS2_PLACEMENT_3D('',#8935,#7096,#7097);
#5971=AXIS2_PLACEMENT_3D('',#8941,#7101,#7102);
#5972=AXIS2_PLACEMENT_3D('',#8947,#7106,#7107);
#5973=AXIS2_PLACEMENT_3D('',#8953,#7111,#7112);
#5974=AXIS2_PLACEMENT_3D('',#8959,#7116,#7117);
#5975=AXIS2_PLACEMENT_3D('',#8965,#7121,#7122);
#5976=AXIS2_PLACEMENT_3D('',#8966,#7123,#7124);
#5977=AXIS2_PLACEMENT_3D('',#8970,#7126,#7127);
#5978=AXIS2_PLACEMENT_3D('',#8971,#7128,#7129);
#5979=AXIS2_PLACEMENT_3D('',#8977,#7133,#7134);
#5980=AXIS2_PLACEMENT_3D('',#8983,#7138,#7139);
#5981=AXIS2_PLACEMENT_3D('',#8989,#7143,#7144);
#5982=AXIS2_PLACEMENT_3D('',#8995,#7148,#7149);
#5983=AXIS2_PLACEMENT_3D('',#9001,#7153,#7154);
#5984=AXIS2_PLACEMENT_3D('',#9007,#7158,#7159);
#5985=AXIS2_PLACEMENT_3D('',#9013,#7163,#7164);
#5986=AXIS2_PLACEMENT_3D('',#9014,#7165,#7166);
#5987=AXIS2_PLACEMENT_3D('',#9018,#7168,#7169);
#5988=AXIS2_PLACEMENT_3D('',#9019,#7170,#7171);
#5989=AXIS2_PLACEMENT_3D('',#9025,#7175,#7176);
#5990=AXIS2_PLACEMENT_3D('',#9031,#7180,#7181);
#5991=AXIS2_PLACEMENT_3D('',#9037,#7185,#7186);
#5992=AXIS2_PLACEMENT_3D('',#9043,#7190,#7191);
#5993=AXIS2_PLACEMENT_3D('',#9049,#7195,#7196);
#5994=AXIS2_PLACEMENT_3D('',#9055,#7200,#7201);
#5995=AXIS2_PLACEMENT_3D('',#9061,#7205,#7206);
#5996=AXIS2_PLACEMENT_3D('',#9062,#7207,#7208);
#5997=AXIS2_PLACEMENT_3D('',#9066,#7210,#7211);
#5998=AXIS2_PLACEMENT_3D('',#9067,#7212,#7213);
#5999=AXIS2_PLACEMENT_3D('',#9073,#7217,#7218);
#6000=AXIS2_PLACEMENT_3D('',#9079,#7222,#7223);
#6001=AXIS2_PLACEMENT_3D('',#9085,#7227,#7228);
#6002=AXIS2_PLACEMENT_3D('',#9091,#7232,#7233);
#6003=AXIS2_PLACEMENT_3D('',#9097,#7237,#7238);
#6004=AXIS2_PLACEMENT_3D('',#9103,#7242,#7243);
#6005=AXIS2_PLACEMENT_3D('',#9109,#7247,#7248);
#6006=AXIS2_PLACEMENT_3D('',#9110,#7249,#7250);
#6007=AXIS2_PLACEMENT_3D('',#9114,#7252,#7253);
#6008=AXIS2_PLACEMENT_3D('',#9115,#7254,#7255);
#6009=AXIS2_PLACEMENT_3D('',#9121,#7259,#7260);
#6010=AXIS2_PLACEMENT_3D('',#9127,#7264,#7265);
#6011=AXIS2_PLACEMENT_3D('',#9133,#7269,#7270);
#6012=AXIS2_PLACEMENT_3D('',#9139,#7274,#7275);
#6013=AXIS2_PLACEMENT_3D('',#9145,#7279,#7280);
#6014=AXIS2_PLACEMENT_3D('',#9151,#7284,#7285);
#6015=AXIS2_PLACEMENT_3D('',#9157,#7289,#7290);
#6016=AXIS2_PLACEMENT_3D('',#9158,#7291,#7292);
#6017=AXIS2_PLACEMENT_3D('',#9162,#7294,#7295);
#6018=AXIS2_PLACEMENT_3D('',#9163,#7296,#7297);
#6019=AXIS2_PLACEMENT_3D('',#9169,#7301,#7302);
#6020=AXIS2_PLACEMENT_3D('',#9175,#7306,#7307);
#6021=AXIS2_PLACEMENT_3D('',#9181,#7311,#7312);
#6022=AXIS2_PLACEMENT_3D('',#9187,#7316,#7317);
#6023=AXIS2_PLACEMENT_3D('',#9193,#7321,#7322);
#6024=AXIS2_PLACEMENT_3D('',#9199,#7326,#7327);
#6025=AXIS2_PLACEMENT_3D('',#9205,#7331,#7332);
#6026=AXIS2_PLACEMENT_3D('',#9206,#7333,#7334);
#6027=AXIS2_PLACEMENT_3D('',#9210,#7336,#7337);
#6028=AXIS2_PLACEMENT_3D('',#9211,#7338,#7339);
#6029=AXIS2_PLACEMENT_3D('',#9217,#7343,#7344);
#6030=AXIS2_PLACEMENT_3D('',#9223,#7348,#7349);
#6031=AXIS2_PLACEMENT_3D('',#9229,#7353,#7354);
#6032=AXIS2_PLACEMENT_3D('',#9235,#7358,#7359);
#6033=AXIS2_PLACEMENT_3D('',#9241,#7363,#7364);
#6034=AXIS2_PLACEMENT_3D('',#9247,#7368,#7369);
#6035=AXIS2_PLACEMENT_3D('',#9253,#7373,#7374);
#6036=AXIS2_PLACEMENT_3D('',#9254,#7375,#7376);
#6037=AXIS2_PLACEMENT_3D('',#9258,#7378,#7379);
#6038=AXIS2_PLACEMENT_3D('',#9259,#7380,#7381);
#6039=AXIS2_PLACEMENT_3D('',#9265,#7385,#7386);
#6040=AXIS2_PLACEMENT_3D('',#9271,#7390,#7391);
#6041=AXIS2_PLACEMENT_3D('',#9277,#7395,#7396);
#6042=AXIS2_PLACEMENT_3D('',#9283,#7400,#7401);
#6043=AXIS2_PLACEMENT_3D('',#9289,#7405,#7406);
#6044=AXIS2_PLACEMENT_3D('',#9295,#7410,#7411);
#6045=AXIS2_PLACEMENT_3D('',#9301,#7415,#7416);
#6046=AXIS2_PLACEMENT_3D('',#9302,#7417,#7418);
#6047=AXIS2_PLACEMENT_3D('',#9306,#7420,#7421);
#6048=AXIS2_PLACEMENT_3D('',#9307,#7422,#7423);
#6049=AXIS2_PLACEMENT_3D('',#9313,#7427,#7428);
#6050=AXIS2_PLACEMENT_3D('',#9319,#7432,#7433);
#6051=AXIS2_PLACEMENT_3D('',#9325,#7437,#7438);
#6052=AXIS2_PLACEMENT_3D('',#9331,#7442,#7443);
#6053=AXIS2_PLACEMENT_3D('',#9337,#7447,#7448);
#6054=AXIS2_PLACEMENT_3D('',#9343,#7452,#7453);
#6055=AXIS2_PLACEMENT_3D('',#9349,#7457,#7458);
#6056=AXIS2_PLACEMENT_3D('',#9350,#7459,#7460);
#6057=AXIS2_PLACEMENT_3D('',#9354,#7462,#7463);
#6058=AXIS2_PLACEMENT_3D('',#9355,#7464,#7465);
#6059=AXIS2_PLACEMENT_3D('',#9361,#7469,#7470);
#6060=AXIS2_PLACEMENT_3D('',#9367,#7474,#7475);
#6061=AXIS2_PLACEMENT_3D('',#9373,#7479,#7480);
#6062=AXIS2_PLACEMENT_3D('',#9379,#7484,#7485);
#6063=AXIS2_PLACEMENT_3D('',#9385,#7489,#7490);
#6064=AXIS2_PLACEMENT_3D('',#9391,#7494,#7495);
#6065=AXIS2_PLACEMENT_3D('',#9397,#7499,#7500);
#6066=AXIS2_PLACEMENT_3D('',#9398,#7501,#7502);
#6067=AXIS2_PLACEMENT_3D('',#9402,#7504,#7505);
#6068=AXIS2_PLACEMENT_3D('',#9403,#7506,#7507);
#6069=AXIS2_PLACEMENT_3D('',#9409,#7511,#7512);
#6070=AXIS2_PLACEMENT_3D('',#9415,#7516,#7517);
#6071=AXIS2_PLACEMENT_3D('',#9421,#7521,#7522);
#6072=AXIS2_PLACEMENT_3D('',#9427,#7526,#7527);
#6073=AXIS2_PLACEMENT_3D('',#9433,#7531,#7532);
#6074=AXIS2_PLACEMENT_3D('',#9439,#7536,#7537);
#6075=AXIS2_PLACEMENT_3D('',#9440,#7538,#7539);
#6076=AXIS2_PLACEMENT_3D('',#9442,#7540,#7541);
#6077=AXIS2_PLACEMENT_3D('',#9444,#7542,#7543);
#6078=AXIS2_PLACEMENT_3D('',#9447,#7546,#7547);
#6079=AXIS2_PLACEMENT_3D('',#9448,#7548,#7549);
#6080=AXIS2_PLACEMENT_3D('',#9449,#7550,#7551);
#6081=AXIS2_PLACEMENT_3D('',#9450,#7552,#7553);
#6082=AXIS2_PLACEMENT_3D('',#9451,#7554,#7555);
#6083=AXIS2_PLACEMENT_3D('',#9452,#7556,#7557);
#6084=DIRECTION('',(0.,0.,1.));
#6085=DIRECTION('',(1.,0.,0.));
#6086=DIRECTION('',(0.,0.,1.));
#6087=DIRECTION('',(1.,0.,0.));
#6088=DIRECTION('',(0.,0.,1.));
#6089=DIRECTION('',(1.,0.,0.));
#6090=DIRECTION('',(0.,0.,1.));
#6091=DIRECTION('',(1.,0.,0.));
#6092=DIRECTION('',(0.,0.,-1.));
#6093=DIRECTION('',(-1.,0.,0.));
#6094=DIRECTION('',(0.,0.,1.));
#6095=DIRECTION('',(1.,0.,0.));
#6096=DIRECTION('',(0.,0.,-1.));
#6097=DIRECTION('',(-1.,0.,0.));
#6098=DIRECTION('',(0.,0.,1.));
#6099=DIRECTION('',(1.,0.,0.));
#6100=DIRECTION('',(0.,0.,-1.));
#6101=DIRECTION('',(-1.,0.,0.));
#6102=DIRECTION('',(0.,0.,1.));
#6103=DIRECTION('',(1.,0.,0.));
#6104=DIRECTION('',(0.,0.,-1.));
#6105=DIRECTION('',(-1.,0.,0.));
#6106=DIRECTION('',(0.,0.,1.));
#6107=DIRECTION('',(1.,0.,0.));
#6108=DIRECTION('',(0.,0.,-1.));
#6109=DIRECTION('',(-1.,0.,0.));
#6110=DIRECTION('',(0.,0.,1.));
#6111=DIRECTION('',(1.,0.,0.));
#6112=DIRECTION('',(0.,0.,-1.));
#6113=DIRECTION('',(-1.,0.,0.));
#6114=DIRECTION('',(0.,0.,1.));
#6115=DIRECTION('',(1.,0.,0.));
#6116=DIRECTION('',(0.,0.,-1.));
#6117=DIRECTION('',(-1.,0.,0.));
#6118=DIRECTION('',(0.,0.,1.));
#6119=DIRECTION('',(1.,0.,0.));
#6120=DIRECTION('',(0.,0.,-1.));
#6121=DIRECTION('',(-1.,0.,0.));
#6122=DIRECTION('',(0.,0.,1.));
#6123=DIRECTION('',(1.,0.,0.));
#6124=DIRECTION('',(0.,0.,1.));
#6125=DIRECTION('',(0.,0.,1.));
#6126=DIRECTION('',(0.,0.,1.));
#6127=DIRECTION('',(1.,0.,0.));
#6128=DIRECTION('',(0.,0.,1.));
#6129=DIRECTION('',(1.,0.,0.));
#6130=DIRECTION('',(0.,0.,1.));
#6131=DIRECTION('',(0.,0.,1.));
#6132=DIRECTION('',(0.,0.,1.));
#6133=DIRECTION('',(1.,0.,0.));
#6134=DIRECTION('',(0.,0.,1.));
#6135=DIRECTION('',(1.,0.,0.));
#6136=DIRECTION('',(0.,0.,1.));
#6137=DIRECTION('',(0.,0.,1.));
#6138=DIRECTION('',(0.,0.,1.));
#6139=DIRECTION('',(1.,0.,0.));
#6140=DIRECTION('',(0.,0.,1.));
#6141=DIRECTION('',(1.,0.,0.));
#6142=DIRECTION('',(0.,0.,1.));
#6143=DIRECTION('',(0.,0.,1.));
#6144=DIRECTION('',(0.,0.,1.));
#6145=DIRECTION('',(1.,0.,0.));
#6146=DIRECTION('',(0.,0.,1.));
#6147=DIRECTION('',(1.,0.,0.));
#6148=DIRECTION('',(0.,0.,1.));
#6149=DIRECTION('',(0.,0.,1.));
#6150=DIRECTION('',(0.,0.,1.));
#6151=DIRECTION('',(1.,0.,0.));
#6152=DIRECTION('',(0.,0.,1.));
#6153=DIRECTION('',(1.,0.,0.));
#6154=DIRECTION('',(0.,0.,1.));
#6155=DIRECTION('',(0.,0.,1.));
#6156=DIRECTION('',(0.,0.,1.));
#6157=DIRECTION('',(1.,0.,0.));
#6158=DIRECTION('',(0.,0.,1.));
#6159=DIRECTION('',(1.,0.,0.));
#6160=DIRECTION('',(0.,0.,1.));
#6161=DIRECTION('',(0.,0.,1.));
#6162=DIRECTION('',(0.,0.,1.));
#6163=DIRECTION('',(1.,0.,0.));
#6164=DIRECTION('',(0.,0.,1.));
#6165=DIRECTION('',(1.,0.,0.));
#6166=DIRECTION('',(0.,0.,1.));
#6167=DIRECTION('',(1.,0.,0.));
#6168=DIRECTION('',(0.,0.,1.));
#6169=DIRECTION('',(1.,0.,0.));
#6170=DIRECTION('',(0.,0.,-1.));
#6171=DIRECTION('',(-1.,0.,0.));
#6172=DIRECTION('',(0.,0.,-1.));
#6173=DIRECTION('',(-1.,0.,0.));
#6174=DIRECTION('',(0.,0.,-1.));
#6175=DIRECTION('',(-1.,0.,0.));
#6176=DIRECTION('',(0.,0.,-1.));
#6177=DIRECTION('',(-1.,0.,0.));
#6178=DIRECTION('',(0.,0.,-1.));
#6179=DIRECTION('',(-1.,0.,0.));
#6180=DIRECTION('',(0.,0.,-1.));
#6181=DIRECTION('',(-1.,0.,0.));
#6182=DIRECTION('',(0.,0.,-1.));
#6183=DIRECTION('',(-1.,0.,0.));
#6184=DIRECTION('',(0.,0.,-1.));
#6185=DIRECTION('',(-1.,0.,0.));
#6186=DIRECTION('',(0.,0.,1.));
#6187=DIRECTION('',(1.,0.,0.));
#6188=DIRECTION('',(0.,0.,1.));
#6189=DIRECTION('',(0.,0.,1.));
#6190=DIRECTION('',(0.,0.,1.));
#6191=DIRECTION('',(1.,0.,0.));
#6192=DIRECTION('',(0.,0.,1.));
#6193=DIRECTION('',(0.,0.,1.));
#6194=DIRECTION('',(1.,0.,0.));
#6195=DIRECTION('',(0.,0.,1.));
#6196=DIRECTION('',(0.,0.,1.));
#6197=DIRECTION('',(1.,0.,0.));
#6198=DIRECTION('',(0.587785252292473,-0.809016994374948,0.));
#6199=DIRECTION('',(0.809016994374948,0.587785252292473,0.));
#6200=DIRECTION('',(0.809016994374948,0.587785252292473,0.));
#6201=DIRECTION('',(0.,0.,1.));
#6202=DIRECTION('',(-0.809016994374948,-0.587785252292473,0.));
#6203=DIRECTION('',(0.,0.,1.));
#6204=DIRECTION('',(1.,0.,0.));
#6205=DIRECTION('',(0.,0.,1.));
#6206=DIRECTION('',(1.,0.,0.));
#6207=DIRECTION('',(0.,0.,1.));
#6208=DIRECTION('',(0.,0.,1.));
#6209=DIRECTION('',(1.,0.,0.));
#6210=DIRECTION('',(0.,0.,1.));
#6211=DIRECTION('',(1.,0.,0.));
#6212=DIRECTION('',(0.,0.,1.));
#6213=DIRECTION('',(0.,0.,1.));
#6214=DIRECTION('',(1.,0.,0.));
#6215=DIRECTION('',(0.,0.,1.));
#6216=DIRECTION('',(0.,0.,1.));
#6217=DIRECTION('',(1.,0.,0.));
#6218=DIRECTION('',(-0.587785252292473,-0.809016994374947,0.));
#6219=DIRECTION('',(0.809016994374947,-0.587785252292473,0.));
#6220=DIRECTION('',(0.809016994374947,-0.587785252292473,0.));
#6221=DIRECTION('',(0.,0.,1.));
#6222=DIRECTION('',(-0.809016994374947,0.587785252292473,0.));
#6223=DIRECTION('',(0.,0.,1.));
#6224=DIRECTION('',(1.,0.,0.));
#6225=DIRECTION('',(0.,0.,1.));
#6226=DIRECTION('',(1.,0.,0.));
#6227=DIRECTION('',(0.,0.,1.));
#6228=DIRECTION('',(0.,0.,1.));
#6229=DIRECTION('',(1.,0.,0.));
#6230=DIRECTION('',(0.,0.,1.));
#6231=DIRECTION('',(1.,0.,0.));
#6232=DIRECTION('',(0.,0.,1.));
#6233=DIRECTION('',(0.,0.,1.));
#6234=DIRECTION('',(1.,0.,0.));
#6235=DIRECTION('',(0.,0.,1.));
#6236=DIRECTION('',(0.,0.,1.));
#6237=DIRECTION('',(1.,0.,0.));
#6238=DIRECTION('',(-0.951056516295154,0.309016994374948,0.));
#6239=DIRECTION('',(-0.309016994374948,-0.951056516295154,0.));
#6240=DIRECTION('',(-0.309016994374948,-0.951056516295154,0.));
#6241=DIRECTION('',(0.,0.,1.));
#6242=DIRECTION('',(0.309016994374948,0.951056516295154,0.));
#6243=DIRECTION('',(0.,0.,1.));
#6244=DIRECTION('',(1.,0.,0.));
#6245=DIRECTION('',(0.,0.,1.));
#6246=DIRECTION('',(1.,0.,0.));
#6247=DIRECTION('',(0.,0.,1.));
#6248=DIRECTION('',(0.,0.,1.));
#6249=DIRECTION('',(1.,0.,0.));
#6250=DIRECTION('',(0.,0.,1.));
#6251=DIRECTION('',(1.,0.,0.));
#6252=DIRECTION('',(0.,0.,1.));
#6253=DIRECTION('',(0.,0.,1.));
#6254=DIRECTION('',(1.,0.,0.));
#6255=DIRECTION('',(0.,0.,1.));
#6256=DIRECTION('',(0.,0.,1.));
#6257=DIRECTION('',(1.,0.,0.));
#6258=DIRECTION('',(1.40431243605208E-16,1.,0.));
#6259=DIRECTION('',(-1.,1.40431243605208E-16,0.));
#6260=DIRECTION('',(-1.,1.40431243605208E-16,0.));
#6261=DIRECTION('',(0.,0.,1.));
#6262=DIRECTION('',(1.,-1.40431243605208E-16,0.));
#6263=DIRECTION('',(0.,0.,1.));
#6264=DIRECTION('',(1.,0.,0.));
#6265=DIRECTION('',(0.,0.,1.));
#6266=DIRECTION('',(1.,0.,0.));
#6267=DIRECTION('',(0.,0.,1.));
#6268=DIRECTION('',(0.,0.,1.));
#6269=DIRECTION('',(1.,0.,0.));
#6270=DIRECTION('',(0.,0.,1.));
#6271=DIRECTION('',(1.,0.,0.));
#6272=DIRECTION('',(0.,0.,1.));
#6273=DIRECTION('',(0.,0.,1.));
#6274=DIRECTION('',(1.,0.,0.));
#6275=DIRECTION('',(0.,0.,1.));
#6276=DIRECTION('',(0.,0.,1.));
#6277=DIRECTION('',(1.,0.,0.));
#6278=DIRECTION('',(0.951056516295154,0.309016994374947,0.));
#6279=DIRECTION('',(-0.309016994374947,0.951056516295154,0.));
#6280=DIRECTION('',(-0.309016994374947,0.951056516295154,0.));
#6281=DIRECTION('',(0.,0.,1.));
#6282=DIRECTION('',(0.309016994374947,-0.951056516295154,0.));
#6283=DIRECTION('',(0.,0.,1.));
#6284=DIRECTION('',(1.,0.,0.));
#6285=DIRECTION('',(0.,0.,1.));
#6286=DIRECTION('',(1.,0.,0.));
#6287=DIRECTION('',(0.,0.,1.));
#6288=DIRECTION('',(0.,0.,1.));
#6289=DIRECTION('',(1.,0.,0.));
#6290=DIRECTION('',(0.951056516295154,0.309016994374948,0.));
#6291=DIRECTION('',(-0.309016994374948,0.951056516295154,0.));
#6292=DIRECTION('',(0.309016994374948,-0.951056516295154,0.));
#6293=DIRECTION('',(-0.309016994374948,0.951056516295154,0.));
#6294=DIRECTION('',(0.587785252292473,-0.809016994374948,0.));
#6295=DIRECTION('',(0.809016994374948,0.587785252292473,0.));
#6296=DIRECTION('',(-0.809016994374948,-0.587785252292473,0.));
#6297=DIRECTION('',(0.809016994374948,0.587785252292473,0.));
#6298=DIRECTION('',(-0.587785252292473,-0.809016994374947,0.));
#6299=DIRECTION('',(0.809016994374947,-0.587785252292473,0.));
#6300=DIRECTION('',(-0.809016994374947,0.587785252292473,0.));
#6301=DIRECTION('',(0.809016994374947,-0.587785252292473,0.));
#6302=DIRECTION('',(-0.951056516295154,0.309016994374948,0.));
#6303=DIRECTION('',(-0.309016994374948,-0.951056516295154,0.));
#6304=DIRECTION('',(0.309016994374948,0.951056516295154,0.));
#6305=DIRECTION('',(-0.309016994374948,-0.951056516295154,0.));
#6306=DIRECTION('',(1.40431243605208E-16,1.,0.));
#6307=DIRECTION('',(-1.,1.40431243605208E-16,0.));
#6308=DIRECTION('',(1.,-1.40431243605208E-16,0.));
#6309=DIRECTION('',(-1.,1.40431243605208E-16,0.));
#6310=DIRECTION('',(0.,0.,1.));
#6311=DIRECTION('',(1.,0.,0.));
#6312=DIRECTION('',(0.,0.,1.));
#6313=DIRECTION('',(1.,0.,0.));
#6314=DIRECTION('',(0.,0.,1.));
#6315=DIRECTION('',(1.,0.,0.));
#6316=DIRECTION('',(0.,0.,1.));
#6317=DIRECTION('',(1.,0.,0.));
#6318=DIRECTION('',(0.309016994374947,-0.951056516295154,0.));
#6319=DIRECTION('',(0.,0.,1.));
#6320=DIRECTION('',(1.,0.,0.));
#6321=DIRECTION('',(-1.,1.40431243605208E-16,0.));
#6322=DIRECTION('',(0.,0.,1.));
#6323=DIRECTION('',(1.,0.,0.));
#6324=DIRECTION('',(-0.809016994374948,-0.587785252292473,0.));
#6325=DIRECTION('',(0.,0.,1.));
#6326=DIRECTION('',(1.,0.,0.));
#6327=DIRECTION('',(-0.309016994374948,0.951056516295154,0.));
#6328=DIRECTION('',(0.,0.,1.));
#6329=DIRECTION('',(1.,0.,0.));
#6330=DIRECTION('',(-0.809016994374947,0.587785252292473,0.));
#6331=DIRECTION('',(0.,0.,1.));
#6332=DIRECTION('',(1.,0.,0.));
#6333=DIRECTION('',(0.809016994374948,0.587785252292473,0.));
#6334=DIRECTION('',(0.,0.,1.));
#6335=DIRECTION('',(1.,0.,0.));
#6336=DIRECTION('',(0.309016994374948,0.951056516295154,0.));
#6337=DIRECTION('',(0.,0.,1.));
#6338=DIRECTION('',(1.,0.,0.));
#6339=DIRECTION('',(0.809016994374947,-0.587785252292473,0.));
#6340=DIRECTION('',(0.,0.,1.));
#6341=DIRECTION('',(1.,0.,0.));
#6342=DIRECTION('',(1.,-1.40431243605208E-16,0.));
#6343=DIRECTION('',(0.,0.,1.));
#6344=DIRECTION('',(1.,0.,0.));
#6345=DIRECTION('',(-0.309016994374948,-0.951056516295154,0.));
#6346=DIRECTION('',(0.,0.,1.));
#6347=DIRECTION('',(1.,0.,0.));
#6348=DIRECTION('',(0.,0.,1.));
#6349=DIRECTION('',(1.,0.,0.));
#6350=DIRECTION('',(0.,0.,1.));
#6351=DIRECTION('',(1.,0.,0.));
#6352=DIRECTION('',(1.,-1.40431243605208E-16,0.));
#6353=DIRECTION('',(0.,0.,1.));
#6354=DIRECTION('',(1.,0.,0.));
#6355=DIRECTION('',(-0.309016994374947,0.951056516295154,0.));
#6356=DIRECTION('',(0.,0.,1.));
#6357=DIRECTION('',(1.,0.,0.));
#6358=DIRECTION('',(0.309016994374948,-0.951056516295154,0.));
#6359=DIRECTION('',(0.,0.,1.));
#6360=DIRECTION('',(1.,0.,0.));
#6361=DIRECTION('',(0.809016994374948,0.587785252292473,0.));
#6362=DIRECTION('',(0.,0.,1.));
#6363=DIRECTION('',(1.,0.,0.));
#6364=DIRECTION('',(-0.809016994374948,-0.587785252292473,0.));
#6365=DIRECTION('',(0.,0.,1.));
#6366=DIRECTION('',(1.,0.,0.));
#6367=DIRECTION('',(0.809016994374947,-0.587785252292473,0.));
#6368=DIRECTION('',(0.,0.,1.));
#6369=DIRECTION('',(1.,0.,0.));
#6370=DIRECTION('',(-0.809016994374947,0.587785252292473,0.));
#6371=DIRECTION('',(0.,0.,1.));
#6372=DIRECTION('',(1.,0.,0.));
#6373=DIRECTION('',(-0.309016994374948,-0.951056516295154,0.));
#6374=DIRECTION('',(0.,0.,1.));
#6375=DIRECTION('',(1.,0.,0.));
#6376=DIRECTION('',(0.309016994374948,0.951056516295154,0.));
#6377=DIRECTION('',(0.,0.,1.));
#6378=DIRECTION('',(1.,0.,0.));
#6379=DIRECTION('',(-1.,1.40431243605208E-16,0.));
#6380=DIRECTION('',(0.,0.,1.));
#6381=DIRECTION('',(1.,0.,0.));
#6382=DIRECTION('',(0.,0.,1.));
#6383=DIRECTION('',(1.,0.,0.));
#6384=DIRECTION('',(0.,0.,-1.));
#6385=DIRECTION('',(-0.707106781186548,0.707106781186548,0.));
#6386=DIRECTION('',(-0.707106781186548,-0.707106781186548,0.));
#6387=DIRECTION('',(-0.707106781186548,-0.707106781186548,0.));
#6388=DIRECTION('',(0.707106781186548,-0.707106781186548,0.));
#6389=DIRECTION('',(-0.707106781186548,0.707106781186548,2.12588661271667E-16));
#6390=DIRECTION('',(1.50322883988566E-16,-1.50322883988566E-16,1.));
#6391=DIRECTION('',(-0.707106781186548,-0.707106781186548,0.));
#6392=DIRECTION('',(-1.50322883988566E-16,1.50322883988566E-16,-1.));
#6393=DIRECTION('',(0.,0.,-1.));
#6394=DIRECTION('',(-0.707106781186548,0.707106781186548,0.));
#6395=DIRECTION('',(-0.707106781186548,-0.707106781186548,0.));
#6396=DIRECTION('',(0.707106781186548,-0.707106781186548,0.));
#6397=DIRECTION('',(-0.707106781186548,0.707106781186548,2.12588661271667E-16));
#6398=DIRECTION('',(1.50322883988566E-16,-1.50322883988566E-16,1.));
#6399=DIRECTION('',(-1.50322883988566E-16,1.50322883988566E-16,-1.));
#6400=DIRECTION('',(-0.707106781186548,-0.707106781186548,0.));
#6401=DIRECTION('',(0.707106781186548,-0.707106781186548,0.));
#6402=DIRECTION('',(0.,0.,-1.));
#6403=DIRECTION('',(0.,1.,0.));
#6404=DIRECTION('',(-1.,0.,0.));
#6405=DIRECTION('',(-1.,0.,0.));
#6406=DIRECTION('',(0.,-1.,0.));
#6407=DIRECTION('',(0.,1.,2.12588661271667E-16));
#6408=DIRECTION('',(0.,-2.12588661271667E-16,1.));
#6409=DIRECTION('',(-1.,0.,0.));
#6410=DIRECTION('',(0.,2.12588661271667E-16,-1.));
#6411=DIRECTION('',(0.,0.,-1.));
#6412=DIRECTION('',(0.,1.,0.));
#6413=DIRECTION('',(-1.,0.,0.));
#6414=DIRECTION('',(0.,-1.,0.));
#6415=DIRECTION('',(0.,1.,2.12588661271667E-16));
#6416=DIRECTION('',(0.,-2.12588661271667E-16,1.));
#6417=DIRECTION('',(0.,2.12588661271667E-16,-1.));
#6418=DIRECTION('',(-1.,0.,0.));
#6419=DIRECTION('',(0.,-1.,0.));
#6420=DIRECTION('',(0.,0.,-1.));
#6421=DIRECTION('',(0.707106781186548,0.707106781186548,0.));
#6422=DIRECTION('',(-0.707106781186548,0.707106781186548,0.));
#6423=DIRECTION('',(-0.707106781186548,0.707106781186548,0.));
#6424=DIRECTION('',(-0.707106781186548,-0.707106781186548,0.));
#6425=DIRECTION('',(0.707106781186548,0.707106781186548,2.12588661271667E-16));
#6426=DIRECTION('',(-1.50322883988566E-16,-1.50322883988566E-16,1.));
#6427=DIRECTION('',(-0.707106781186548,0.707106781186548,0.));
#6428=DIRECTION('',(1.50322883988566E-16,1.50322883988566E-16,-1.));
#6429=DIRECTION('',(0.,0.,-1.));
#6430=DIRECTION('',(0.707106781186548,0.707106781186548,0.));
#6431=DIRECTION('',(-0.707106781186548,0.707106781186548,0.));
#6432=DIRECTION('',(-0.707106781186548,-0.707106781186548,0.));
#6433=DIRECTION('',(0.707106781186548,0.707106781186548,2.12588661271667E-16));
#6434=DIRECTION('',(-1.50322883988566E-16,-1.50322883988566E-16,1.));
#6435=DIRECTION('',(1.50322883988566E-16,1.50322883988566E-16,-1.));
#6436=DIRECTION('',(-0.707106781186548,0.707106781186548,0.));
#6437=DIRECTION('',(-0.707106781186548,-0.707106781186548,0.));
#6438=DIRECTION('',(0.,0.,-1.));
#6439=DIRECTION('',(1.,2.22044604925032E-16,0.));
#6440=DIRECTION('',(-2.22044604925032E-16,1.,0.));
#6441=DIRECTION('',(-2.22044604925032E-16,1.,0.));
#6442=DIRECTION('',(-1.,-2.22044604925032E-16,0.));
#6443=DIRECTION('',(1.,2.22044604925032E-16,2.12588661271667E-16));
#6444=DIRECTION('',(-2.12588661271667E-16,-4.72041653036087E-32,1.));
#6445=DIRECTION('',(-2.22044604925032E-16,1.,0.));
#6446=DIRECTION('',(2.12588661271667E-16,4.72041653036087E-32,-1.));
#6447=DIRECTION('',(0.,0.,-1.));
#6448=DIRECTION('',(1.,2.22044604925032E-16,0.));
#6449=DIRECTION('',(-2.22044604925032E-16,1.,0.));
#6450=DIRECTION('',(-1.,-2.22044604925032E-16,0.));
#6451=DIRECTION('',(1.,2.22044604925032E-16,2.12588661271667E-16));
#6452=DIRECTION('',(-2.12588661271667E-16,-4.72041653036087E-32,1.));
#6453=DIRECTION('',(2.12588661271667E-16,4.72041653036087E-32,-1.));
#6454=DIRECTION('',(-2.22044604925032E-16,1.,0.));
#6455=DIRECTION('',(-1.,-2.22044604925032E-16,0.));
#6456=DIRECTION('',(0.,0.,-1.));
#6457=DIRECTION('',(0.707106781186548,-0.707106781186548,0.));
#6458=DIRECTION('',(0.707106781186548,0.707106781186548,0.));
#6459=DIRECTION('',(0.707106781186548,0.707106781186548,0.));
#6460=DIRECTION('',(-0.707106781186548,0.707106781186548,0.));
#6461=DIRECTION('',(0.707106781186548,-0.707106781186548,2.12588661271667E-16));
#6462=DIRECTION('',(-1.50322883988566E-16,1.50322883988566E-16,1.));
#6463=DIRECTION('',(0.707106781186548,0.707106781186548,0.));
#6464=DIRECTION('',(1.50322883988566E-16,-1.50322883988566E-16,-1.));
#6465=DIRECTION('',(0.,0.,-1.));
#6466=DIRECTION('',(0.707106781186548,-0.707106781186548,0.));
#6467=DIRECTION('',(0.707106781186548,0.707106781186548,0.));
#6468=DIRECTION('',(-0.707106781186548,0.707106781186548,0.));
#6469=DIRECTION('',(0.707106781186548,-0.707106781186548,2.12588661271667E-16));
#6470=DIRECTION('',(-1.50322883988566E-16,1.50322883988566E-16,1.));
#6471=DIRECTION('',(1.50322883988566E-16,-1.50322883988566E-16,-1.));
#6472=DIRECTION('',(0.707106781186548,0.707106781186548,0.));
#6473=DIRECTION('',(-0.707106781186548,0.707106781186548,0.));
#6474=DIRECTION('',(0.,0.,-1.));
#6475=DIRECTION('',(2.22044604925032E-16,-1.,0.));
#6476=DIRECTION('',(1.,2.22044604925032E-16,0.));
#6477=DIRECTION('',(1.,2.22044604925032E-16,0.));
#6478=DIRECTION('',(-2.22044604925032E-16,1.,0.));
#6479=DIRECTION('',(2.22044604925032E-16,-1.,2.12588661271667E-16));
#6480=DIRECTION('',(-4.72041653036087E-32,2.12588661271667E-16,1.));
#6481=DIRECTION('',(1.,2.22044604925032E-16,0.));
#6482=DIRECTION('',(4.72041653036087E-32,-2.12588661271667E-16,-1.));
#6483=DIRECTION('',(0.,0.,-1.));
#6484=DIRECTION('',(2.22044604925032E-16,-1.,0.));
#6485=DIRECTION('',(1.,2.22044604925032E-16,0.));
#6486=DIRECTION('',(-2.22044604925032E-16,1.,0.));
#6487=DIRECTION('',(2.22044604925032E-16,-1.,2.12588661271667E-16));
#6488=DIRECTION('',(-4.72041653036087E-32,2.12588661271667E-16,1.));
#6489=DIRECTION('',(4.72041653036087E-32,-2.12588661271667E-16,-1.));
#6490=DIRECTION('',(1.,2.22044604925032E-16,0.));
#6491=DIRECTION('',(-2.22044604925032E-16,1.,0.));
#6492=DIRECTION('',(0.,0.,-1.));
#6493=DIRECTION('',(-0.707106781186548,-0.707106781186548,0.));
#6494=DIRECTION('',(0.707106781186548,-0.707106781186548,0.));
#6495=DIRECTION('',(0.707106781186548,-0.707106781186548,0.));
#6496=DIRECTION('',(0.707106781186548,0.707106781186548,0.));
#6497=DIRECTION('',(-0.707106781186548,-0.707106781186548,2.12588661271667E-16));
#6498=DIRECTION('',(1.50322883988566E-16,1.50322883988566E-16,1.));
#6499=DIRECTION('',(0.707106781186548,-0.707106781186548,0.));
#6500=DIRECTION('',(-1.50322883988566E-16,-1.50322883988566E-16,-1.));
#6501=DIRECTION('',(0.,0.,-1.));
#6502=DIRECTION('',(-0.707106781186548,-0.707106781186548,0.));
#6503=DIRECTION('',(0.707106781186548,-0.707106781186548,0.));
#6504=DIRECTION('',(0.707106781186548,0.707106781186548,0.));
#6505=DIRECTION('',(-0.707106781186548,-0.707106781186548,2.12588661271667E-16));
#6506=DIRECTION('',(1.50322883988566E-16,1.50322883988566E-16,1.));
#6507=DIRECTION('',(-1.50322883988566E-16,-1.50322883988566E-16,-1.));
#6508=DIRECTION('',(0.707106781186548,-0.707106781186548,0.));
#6509=DIRECTION('',(0.707106781186548,0.707106781186548,0.));
#6510=DIRECTION('',(0.,0.,-1.));
#6511=DIRECTION('',(-1.,0.,0.));
#6512=DIRECTION('',(0.,-1.,0.));
#6513=DIRECTION('',(0.,-1.,0.));
#6514=DIRECTION('',(1.,0.,0.));
#6515=DIRECTION('',(-1.,0.,2.12588661271667E-16));
#6516=DIRECTION('',(2.12588661271667E-16,0.,1.));
#6517=DIRECTION('',(0.,-1.,0.));
#6518=DIRECTION('',(-2.12588661271667E-16,0.,-1.));
#6519=DIRECTION('',(0.,0.,-1.));
#6520=DIRECTION('',(-1.,0.,0.));
#6521=DIRECTION('',(0.,-1.,0.));
#6522=DIRECTION('',(1.,0.,0.));
#6523=DIRECTION('',(-1.,0.,2.12588661271667E-16));
#6524=DIRECTION('',(2.12588661271667E-16,0.,1.));
#6525=DIRECTION('',(-2.12588661271667E-16,0.,-1.));
#6526=DIRECTION('',(0.,-1.,0.));
#6527=DIRECTION('',(1.,0.,0.));
#6528=DIRECTION('',(0.,0.,1.));
#6529=DIRECTION('',(1.,0.,0.));
#6530=DIRECTION('',(0.672498511963957,0.21850801222441,-0.707106781186548));
#6531=DIRECTION('',(0.309016994374947,-0.951056516295154,0.));
#6532=DIRECTION('',(9.92998846437028E-17,0.707106781186547,0.707106781186548));
#6533=DIRECTION('',(-1.,1.40431243605208E-16,0.));
#6534=DIRECTION('',(0.,0.,-1.));
#6535=DIRECTION('',(-1.,0.,0.));
#6536=DIRECTION('',(0.,0.,-1.));
#6537=DIRECTION('',(-1.,0.,0.));
#6538=DIRECTION('',(-0.672498511963957,-0.21850801222441,-0.707106781186549));
#6539=DIRECTION('',(-0.309016994374947,0.951056516295154,0.));
#6540=DIRECTION('',(-9.92998846437027E-17,-0.707106781186547,0.707106781186548));
#6541=DIRECTION('',(1.,-1.40431243605208E-16,0.));
#6542=DIRECTION('',(0.,0.,1.));
#6543=DIRECTION('',(1.,0.,0.));
#6544=DIRECTION('',(0.,0.,1.));
#6545=DIRECTION('',(1.,0.,0.));
#6546=DIRECTION('',(0.415626937777453,-0.572061402817684,-0.707106781186548));
#6547=DIRECTION('',(-0.809016994374948,-0.587785252292473,0.));
#6548=DIRECTION('',(0.672498511963957,0.21850801222441,0.707106781186548));
#6549=DIRECTION('',(-0.309016994374948,0.951056516295154,0.));
#6550=DIRECTION('',(0.,0.,-1.));
#6551=DIRECTION('',(-1.,0.,0.));
#6552=DIRECTION('',(0.,0.,-1.));
#6553=DIRECTION('',(-1.,0.,0.));
#6554=DIRECTION('',(-0.415626937777452,0.572061402817684,-0.707106781186549));
#6555=DIRECTION('',(0.809016994374948,0.587785252292473,0.));
#6556=DIRECTION('',(-0.672498511963956,-0.21850801222441,0.707106781186549));
#6557=DIRECTION('',(0.309016994374948,-0.951056516295154,0.));
#6558=DIRECTION('',(0.,0.,1.));
#6559=DIRECTION('',(1.,0.,0.));
#6560=DIRECTION('',(0.,0.,1.));
#6561=DIRECTION('',(1.,0.,0.));
#6562=DIRECTION('',(-0.415626937777453,-0.572061402817684,-0.707106781186548));
#6563=DIRECTION('',(-0.809016994374947,0.587785252292473,0.));
#6564=DIRECTION('',(0.415626937777453,-0.572061402817684,0.707106781186548));
#6565=DIRECTION('',(0.809016994374948,0.587785252292473,0.));
#6566=DIRECTION('',(0.,0.,-1.));
#6567=DIRECTION('',(-1.,0.,0.));
#6568=DIRECTION('',(0.,0.,-1.));
#6569=DIRECTION('',(-1.,0.,0.));
#6570=DIRECTION('',(0.415626937777453,0.572061402817683,-0.707106781186549));
#6571=DIRECTION('',(0.809016994374947,-0.587785252292473,0.));
#6572=DIRECTION('',(-0.415626937777453,0.572061402817684,0.707106781186548));
#6573=DIRECTION('',(-0.809016994374948,-0.587785252292473,0.));
#6574=DIRECTION('',(0.,0.,1.));
#6575=DIRECTION('',(1.,0.,0.));
#6576=DIRECTION('',(0.,0.,1.));
#6577=DIRECTION('',(1.,0.,0.));
#6578=DIRECTION('',(-0.672498511963957,0.21850801222441,-0.707106781186548));
#6579=DIRECTION('',(0.309016994374948,0.951056516295154,0.));
#6580=DIRECTION('',(-0.415626937777453,-0.572061402817684,0.707106781186548));
#6581=DIRECTION('',(0.809016994374947,-0.587785252292473,0.));
#6582=DIRECTION('',(0.,0.,-1.));
#6583=DIRECTION('',(-1.,0.,0.));
#6584=DIRECTION('',(0.,0.,-1.));
#6585=DIRECTION('',(-1.,0.,0.));
#6586=DIRECTION('',(0.672498511963957,-0.21850801222441,-0.707106781186548));
#6587=DIRECTION('',(-0.309016994374948,-0.951056516295154,0.));
#6588=DIRECTION('',(0.415626937777453,0.572061402817684,0.707106781186548));
#6589=DIRECTION('',(-0.809016994374947,0.587785252292473,0.));
#6590=DIRECTION('',(0.,0.,1.));
#6591=DIRECTION('',(1.,0.,0.));
#6592=DIRECTION('',(0.,0.,1.));
#6593=DIRECTION('',(1.,0.,0.));
#6594=DIRECTION('',(9.92998846437028E-17,0.707106781186547,-0.707106781186548));
#6595=DIRECTION('',(1.,-1.40431243605208E-16,0.));
#6596=DIRECTION('',(-0.672498511963957,0.21850801222441,0.707106781186548));
#6597=DIRECTION('',(-0.309016994374948,-0.951056516295154,0.));
#6598=DIRECTION('',(0.,0.,-1.));
#6599=DIRECTION('',(-1.,0.,0.));
#6600=DIRECTION('',(0.,0.,-1.));
#6601=DIRECTION('',(-1.,0.,0.));
#6602=DIRECTION('',(-9.92998846437027E-17,-0.707106781186547,-0.707106781186548));
#6603=DIRECTION('',(-1.,1.40431243605208E-16,0.));
#6604=DIRECTION('',(0.672498511963956,-0.21850801222441,0.707106781186549));
#6605=DIRECTION('',(0.309016994374948,0.951056516295154,0.));
#6606=DIRECTION('',(0.,0.,1.));
#6607=DIRECTION('',(1.,0.,0.));
#6608=DIRECTION('',(0.,0.,-1.));
#6609=DIRECTION('',(-1.,0.,0.));
#6610=DIRECTION('',(0.,0.,1.));
#6611=DIRECTION('',(1.,0.,0.));
#6612=DIRECTION('',(3.54501924895268E-16,-1.,1.66533453693754E-16));
#6613=DIRECTION('',(0.5,3.30287609688836E-17,-0.866025403784438));
#6614=DIRECTION('',(0.,0.,1.));
#6615=DIRECTION('',(1.,0.,0.));
#6616=DIRECTION('',(0.00718506824420011,0.999974187064009,0.));
#6617=DIRECTION('',(1.,0.,0.));
#6618=DIRECTION('',(0.,0.,1.));
#6619=DIRECTION('',(1.,0.,0.));
#6620=DIRECTION('',(-1.,0.,0.));
#6621=DIRECTION('',(-0.704561896413582,0.709642539679025,0.));
#6622=DIRECTION('',(0.,0.,1.));
#6623=DIRECTION('',(1.,0.,0.));
#6624=DIRECTION('',(0.,0.,1.));
#6625=DIRECTION('',(1.,0.,0.));
#6626=DIRECTION('',(-1.,0.,0.));
#6627=DIRECTION('',(0.00718506824420011,0.999974187064009,0.));
#6628=DIRECTION('',(0.704561896413582,-0.709642539679025,0.));
#6629=DIRECTION('',(1.,0.,0.));
#6630=DIRECTION('',(1.,0.,0.));
#6631=DIRECTION('',(0.,0.,-1.));
#6632=DIRECTION('',(0.,0.,-1.));
#6633=DIRECTION('',(0.,-1.,0.));
#6634=DIRECTION('',(0.,0.,-1.));
#6635=DIRECTION('',(0.,-1.,0.));
#6636=DIRECTION('',(0.,-1.,0.));
#6637=DIRECTION('',(0.,0.,-1.));
#6638=DIRECTION('',(-1.,0.,0.));
#6639=DIRECTION('',(0.,0.,1.));
#6640=DIRECTION('',(-1.,0.,0.));
#6641=DIRECTION('',(1.,0.,0.));
#6642=DIRECTION('',(0.,0.,-1.));
#6643=DIRECTION('',(0.,-1.,0.));
#6644=DIRECTION('',(0.,0.,-1.));
#6645=DIRECTION('',(0.,-1.,0.));
#6646=DIRECTION('',(0.,0.,-1.));
#6647=DIRECTION('',(0.,1.,0.));
#6648=DIRECTION('',(0.,0.,1.));
#6649=DIRECTION('',(0.,-1.,0.));
#6650=DIRECTION('',(0.,0.,-1.));
#6651=DIRECTION('',(0.,0.,-1.));
#6652=DIRECTION('',(-1.,0.,0.));
#6653=DIRECTION('',(0.,0.,1.));
#6654=DIRECTION('',(1.,0.,0.));
#6655=DIRECTION('',(1.,0.,0.));
#6656=DIRECTION('',(0.,0.,1.));
#6657=DIRECTION('',(1.,0.,0.));
#6658=DIRECTION('',(0.,0.,-1.));
#6659=DIRECTION('',(-1.,0.,0.));
#6660=DIRECTION('',(0.,0.,-1.));
#6661=DIRECTION('',(0.,0.,1.));
#6662=DIRECTION('',(1.,0.,0.));
#6663=DIRECTION('',(0.,0.,-1.));
#6664=DIRECTION('',(0.,0.,1.));
#6665=DIRECTION('',(1.,0.,0.));
#6666=DIRECTION('',(0.,-0.707106781186546,0.707106781186549));
#6667=DIRECTION('',(0.,-0.707106781186549,-0.707106781186546));
#6668=DIRECTION('',(0.,0.707106781186546,0.707106781186549));
#6669=DIRECTION('',(0.,0.707106781186549,-0.707106781186546));
#6670=DIRECTION('',(0.,0.707106781186551,-0.707106781186545));
#6671=DIRECTION('',(0.,-0.707106781186545,-0.707106781186551));
#6672=DIRECTION('',(0.,0.,-1.));
#6673=DIRECTION('',(0.,-0.70710678118655,-0.707106781186545));
#6674=DIRECTION('',(0.,0.707106781186545,-0.70710678118655));
#6675=DIRECTION('',(-0.173029286345547,0.984916679758623,0.));
#6676=DIRECTION('',(-0.984916679758623,-0.173029286345547,0.));
#6677=DIRECTION('',(0.984916679758623,0.173029286345547,0.));
#6678=DIRECTION('',(0.,0.,1.));
#6679=DIRECTION('',(0.984916679758623,0.173029286345547,0.));
#6680=DIRECTION('',(0.984916679758623,0.173029286345547,0.));
#6681=DIRECTION('',(0.984916679758623,0.173029286345547,0.));
#6682=DIRECTION('',(0.,0.,-1.));
#6683=DIRECTION('',(-1.,0.,0.));
#6684=DIRECTION('',(0.,0.,-1.));
#6685=DIRECTION('',(0.,0.,1.));
#6686=DIRECTION('',(1.,0.,0.));
#6687=DIRECTION('',(0.,0.,-1.));
#6688=DIRECTION('',(0.,0.,1.));
#6689=DIRECTION('',(1.,0.,0.));
#6690=DIRECTION('',(0.173029286345544,0.984916679758624,0.));
#6691=DIRECTION('',(-0.984916679758624,0.173029286345544,0.));
#6692=DIRECTION('',(0.,0.,-1.));
#6693=DIRECTION('',(0.984916679758624,-0.173029286345544,0.));
#6694=DIRECTION('',(0.984916679758624,-0.173029286345544,0.));
#6695=DIRECTION('',(0.,1.,0.));
#6696=DIRECTION('',(0.,0.,1.));
#6697=DIRECTION('',(0.,1.,0.));
#6698=DIRECTION('',(0.,0.,1.));
#6699=DIRECTION('',(0.,0.,-1.));
#6700=DIRECTION('',(1.,0.,0.));
#6701=DIRECTION('',(-1.,0.,0.));
#6702=DIRECTION('',(0.,0.,-1.));
#6703=DIRECTION('',(1.,0.,0.));
#6704=DIRECTION('',(0.,0.,-1.));
#6705=DIRECTION('',(1.,0.,0.));
#6706=DIRECTION('',(1.,0.,0.));
#6707=DIRECTION('',(0.,0.,-1.));
#6708=DIRECTION('',(0.,-1.,0.));
#6709=DIRECTION('',(0.,0.,1.));
#6710=DIRECTION('',(0.,-1.,0.));
#6711=DIRECTION('',(0.,-1.,0.));
#6712=DIRECTION('',(0.,0.,-1.));
#6713=DIRECTION('',(-1.,0.,0.));
#6714=DIRECTION('',(0.,0.,-1.));
#6715=DIRECTION('',(-1.,0.,0.));
#6716=DIRECTION('',(0.,0.,1.));
#6717=DIRECTION('',(1.,0.,0.));
#6718=DIRECTION('',(-0.00718506824420011,-0.999974187064009,0.));
#6719=DIRECTION('',(-0.709642539679026,-0.704561896413581,0.));
#6720=DIRECTION('',(0.707106781186549,0.707106781186546,0.));
#6721=DIRECTION('',(0.707106781186548,-0.707106781186548,0.));
#6722=DIRECTION('',(-0.704561896413582,0.709642539679025,0.));
#6723=DIRECTION('',(0.999974187064009,-0.00718506824420011,0.));
#6724=DIRECTION('',(0.00718506824420011,0.999974187064009,0.));
#6725=DIRECTION('',(0.00508067605192172,0.707097654758825,-0.707097654758822));
#6726=DIRECTION('',(0.,0.,-1.));
#6727=DIRECTION('',(0.,0.,1.));
#6728=DIRECTION('',(0.,0.,1.));
#6729=DIRECTION('',(1.,0.,0.));
#6730=DIRECTION('',(0.,0.,1.));
#6731=DIRECTION('',(1.,0.,0.));
#6732=DIRECTION('',(0.999974187064009,-0.00718506824420011,0.));
#6733=DIRECTION('',(0.00718506824420011,0.999974187064009,0.));
#6734=DIRECTION('',(-0.00718506824420011,-0.999974187064009,0.));
#6735=DIRECTION('',(0.,0.,-1.));
#6736=DIRECTION('',(0.00508067605192172,0.707097654758825,0.707097654758822));
#6737=DIRECTION('',(0.,0.,1.));
#6738=DIRECTION('',(0.,0.,1.));
#6739=DIRECTION('',(1.,0.,0.));
#6740=DIRECTION('',(0.709642539679026,0.704561896413581,0.));
#6741=DIRECTION('',(0.704561896413582,-0.709642539679025,0.));
#6742=DIRECTION('',(-0.707106781186548,0.707106781186548,0.));
#6743=DIRECTION('',(-0.707106781186549,-0.707106781186546,0.));
#6744=DIRECTION('',(0.,0.,1.));
#6745=DIRECTION('',(1.,0.,0.));
#6746=DIRECTION('',(0.,0.,1.));
#6747=DIRECTION('',(1.,0.,0.));
#6748=DIRECTION('',(0.,-1.,0.));
#6749=DIRECTION('',(0.,0.,-1.));
#6750=DIRECTION('',(0.704561896413581,-0.709642539679026,0.));
#6751=DIRECTION('',(0.,0.,1.));
#6752=DIRECTION('',(0.580115819072,0.575962514605953,0.575962514605951));
#6753=DIRECTION('',(0.,-0.707106781186546,0.707106781186549));
#6754=DIRECTION('',(-1.,0.,0.));
#6755=DIRECTION('',(0.704561896413581,-0.709642539679026,0.));
#6756=DIRECTION('',(0.,0.,1.));
#6757=DIRECTION('',(0.580115819072,0.575962514605953,-0.575962514605951));
#6758=DIRECTION('',(0.,0.707106781186546,0.707106781186549));
#6759=DIRECTION('',(1.,0.,0.));
#6760=DIRECTION('',(-0.709642539679025,-0.704561896413582,0.));
#6761=DIRECTION('',(0.,0.,-1.));
#6762=DIRECTION('',(-0.574584719231262,0.57872808832211,-0.578728088322113));
#6763=DIRECTION('',(0.,-0.70710678118655,-0.707106781186545));
#6764=DIRECTION('',(1.,0.,0.));
#6765=DIRECTION('',(-0.709642539679025,-0.704561896413582,0.));
#6766=DIRECTION('',(0.,0.,-1.));
#6767=DIRECTION('',(-0.574584719231262,0.578728088322109,0.578728088322114));
#6768=DIRECTION('',(0.,0.707106781186551,-0.707106781186545));
#6769=DIRECTION('',(-1.,0.,0.));
#6770=DIRECTION('',(-0.707106781186546,0.707106781186549,0.));
#6771=DIRECTION('',(0.,0.,-1.));
#6772=DIRECTION('',(0.707106781186548,0.707106781186548,0.));
#6773=DIRECTION('',(0.,0.,1.));
#6774=DIRECTION('',(0.,0.,1.));
#6775=DIRECTION('',(1.,0.,0.));
#6776=DIRECTION('',(0.,0.,-1.));
#6777=DIRECTION('',(-1.,0.,0.));
#6778=DIRECTION('',(0.,0.,-1.));
#6779=DIRECTION('',(-1.,0.,0.));
#6780=DIRECTION('',(0.,0.,1.));
#6781=DIRECTION('',(1.,0.,0.));
#6782=DIRECTION('',(1.66533453693774E-16,-1.,-2.88444402957535E-16));
#6783=DIRECTION('',(0.866025403784438,0.,0.5));
#6784=DIRECTION('',(1.66533453693773E-16,-1.,2.88444402957535E-16));
#6785=DIRECTION('',(-0.866025403784439,2.05262720685012E-31,0.5));
#6786=DIRECTION('',(2.88444402957535E-16,-1.,1.66533453693774E-16));
#6787=DIRECTION('',(-0.5,0.,0.866025403784438));
#6788=DIRECTION('',(0.,0.,-1.));
#6789=DIRECTION('',(-1.,0.,0.));
#6790=DIRECTION('',(0.,0.,1.));
#6791=DIRECTION('',(1.,0.,0.));
#6792=DIRECTION('',(0.,0.,-1.));
#6793=DIRECTION('',(-1.,0.,0.));
#6794=DIRECTION('',(0.,0.,-1.));
#6795=DIRECTION('',(0.,0.,1.));
#6796=DIRECTION('',(1.,0.,0.));
#6797=DIRECTION('',(0.,0.,-1.));
#6798=DIRECTION('',(0.5,0.866025403784438,0.));
#6799=DIRECTION('',(-0.866025403784439,0.5,0.));
#6800=DIRECTION('',(0.,0.,-1.));
#6801=DIRECTION('',(-0.866025403784439,0.5,0.));
#6802=DIRECTION('',(0.,0.,-1.));
#6803=DIRECTION('',(0.866025403784438,-0.5,0.));
#6804=DIRECTION('',(-0.5,0.866025403784439,0.));
#6805=DIRECTION('',(-0.866025403784439,-0.5,0.));
#6806=DIRECTION('',(0.866025403784439,0.5,0.));
#6807=DIRECTION('',(0.,0.,-1.));
#6808=DIRECTION('',(0.866025403784439,0.5,0.));
#6809=DIRECTION('',(1.,-5.68083975089156E-16,0.));
#6810=DIRECTION('',(5.68083975089156E-16,1.,0.));
#6811=DIRECTION('',(0.,0.,-1.));
#6812=DIRECTION('',(5.68083975089156E-16,1.,0.));
#6813=DIRECTION('',(0.,0.,-1.));
#6814=DIRECTION('',(-5.68083975089156E-16,-1.,0.));
#6815=DIRECTION('',(0.5,0.866025403784439,0.));
#6816=DIRECTION('',(-0.866025403784439,0.5,0.));
#6817=DIRECTION('',(0.866025403784439,-0.5,0.));
#6818=DIRECTION('',(0.,0.,-1.));
#6819=DIRECTION('',(0.866025403784439,-0.5,0.));
#6820=DIRECTION('',(-0.5,0.866025403784439,0.));
#6821=DIRECTION('',(-0.866025403784439,-0.5,0.));
#6822=DIRECTION('',(0.,0.,-1.));
#6823=DIRECTION('',(-0.866025403784439,-0.5,0.));
#6824=DIRECTION('',(0.,0.,-1.));
#6825=DIRECTION('',(0.866025403784439,0.5,0.));
#6826=DIRECTION('',(-1.,-4.97073478203011E-16,0.));
#6827=DIRECTION('',(4.97073478203011E-16,-1.,0.));
#6828=DIRECTION('',(-4.97073478203011E-16,1.,0.));
#6829=DIRECTION('',(0.,0.,-1.));
#6830=DIRECTION('',(-4.97073478203011E-16,1.,0.));
#6831=DIRECTION('',(-1.,2.13031490658433E-16,0.));
#6832=DIRECTION('',(-2.13031490658433E-16,-1.,0.));
#6833=DIRECTION('',(0.,0.,-1.));
#6834=DIRECTION('',(-2.13031490658433E-16,-1.,0.));
#6835=DIRECTION('',(0.,0.,-1.));
#6836=DIRECTION('',(2.13031490658433E-16,1.,0.));
#6837=DIRECTION('',(-0.5,-0.866025403784439,0.));
#6838=DIRECTION('',(0.866025403784439,-0.5,0.));
#6839=DIRECTION('',(-0.866025403784439,0.5,0.));
#6840=DIRECTION('',(0.,0.,-1.));
#6841=DIRECTION('',(-0.866025403784439,0.5,0.));
#6842=DIRECTION('',(-0.5,-0.866025403784438,0.));
#6843=DIRECTION('',(0.866025403784439,-0.5,0.));
#6844=DIRECTION('',(0.,0.,-1.));
#6845=DIRECTION('',(0.866025403784439,-0.5,0.));
#6846=DIRECTION('',(0.,0.,-1.));
#6847=DIRECTION('',(-0.866025403784439,0.5,0.));
#6848=DIRECTION('',(0.5,-0.866025403784438,0.));
#6849=DIRECTION('',(0.866025403784439,0.5,0.));
#6850=DIRECTION('',(-0.866025403784439,-0.5,0.));
#6851=DIRECTION('',(0.,0.,-1.));
#6852=DIRECTION('',(-0.866025403784439,-0.5,0.));
#6853=DIRECTION('',(0.5,-0.866025403784439,0.));
#6854=DIRECTION('',(0.866025403784439,0.5,0.));
#6855=DIRECTION('',(0.,0.,-1.));
#6856=DIRECTION('',(0.866025403784439,0.5,0.));
#6857=DIRECTION('',(0.,0.,-1.));
#6858=DIRECTION('',(-0.866025403784439,-0.5,0.));
#6859=DIRECTION('',(1.,1.42020993772289E-16,0.));
#6860=DIRECTION('',(-1.42020993772289E-16,1.,0.));
#6861=DIRECTION('',(1.42020993772289E-16,-1.,0.));
#6862=DIRECTION('',(0.,0.,-1.));
#6863=DIRECTION('',(1.42020993772289E-16,-1.,0.));
#6864=DIRECTION('',(0.,0.,-1.));
#6865=DIRECTION('',(-1.,0.,0.));
#6866=DIRECTION('',(0.,0.,1.));
#6867=DIRECTION('',(1.,0.,0.));
#6868=DIRECTION('',(0.,0.,1.));
#6869=DIRECTION('',(1.,0.,0.));
#6870=DIRECTION('',(0.,0.,-1.));
#6871=DIRECTION('',(-1.,0.,0.));
#6872=DIRECTION('',(0.,0.,1.));
#6873=DIRECTION('',(1.,0.,0.));
#6874=DIRECTION('',(0.,0.,1.));
#6875=DIRECTION('',(1.,0.,0.));
#6876=DIRECTION('',(0.,0.,-1.));
#6877=DIRECTION('',(-1.,0.,0.));
#6878=DIRECTION('',(0.,0.,1.));
#6879=DIRECTION('',(1.,0.,0.));
#6880=DIRECTION('',(0.,0.,1.));
#6881=DIRECTION('',(1.,0.,0.));
#6882=DIRECTION('',(0.,0.,-1.));
#6883=DIRECTION('',(-1.,0.,0.));
#6884=DIRECTION('',(0.,0.,1.));
#6885=DIRECTION('',(1.,0.,0.));
#6886=DIRECTION('',(0.,0.,1.));
#6887=DIRECTION('',(1.,0.,0.));
#6888=DIRECTION('',(0.,0.,-1.));
#6889=DIRECTION('',(-1.,0.,0.));
#6890=DIRECTION('',(0.,0.,1.));
#6891=DIRECTION('',(1.,0.,0.));
#6892=DIRECTION('',(0.,0.,1.));
#6893=DIRECTION('',(1.,0.,0.));
#6894=DIRECTION('',(0.,0.,-1.));
#6895=DIRECTION('',(-1.,0.,0.));
#6896=DIRECTION('',(0.,0.,1.));
#6897=DIRECTION('',(1.,0.,0.));
#6898=DIRECTION('',(0.,0.,1.));
#6899=DIRECTION('',(1.,0.,0.));
#6900=DIRECTION('',(0.,0.,-1.));
#6901=DIRECTION('',(-1.,0.,0.));
#6902=DIRECTION('',(0.,0.,1.));
#6903=DIRECTION('',(1.,0.,0.));
#6904=DIRECTION('',(0.,0.,1.));
#6905=DIRECTION('',(1.,0.,0.));
#6906=DIRECTION('',(0.,0.,1.));
#6907=DIRECTION('',(1.,0.,0.));
#6908=DIRECTION('',(0.,0.,1.));
#6909=DIRECTION('',(1.,0.,0.));
#6910=DIRECTION('',(0.,-1.,0.));
#6911=DIRECTION('',(0.,0.,-1.));
#6912=DIRECTION('',(-1.,0.,0.));
#6913=DIRECTION('',(0.,-1.,0.));
#6914=DIRECTION('',(0.,0.,1.));
#6915=DIRECTION('',(1.,0.,0.));
#6916=DIRECTION('',(0.,0.,1.));
#6917=DIRECTION('',(1.,0.,0.));
#6918=DIRECTION('',(0.,0.,1.));
#6919=DIRECTION('',(1.,0.,0.));
#6920=DIRECTION('',(-0.866025403784439,0.5,0.));
#6921=DIRECTION('',(-5.68083975089156E-16,-1.,0.));
#6922=DIRECTION('',(0.,0.,1.));
#6923=DIRECTION('',(1.,0.,0.));
#6924=DIRECTION('',(-1.42020993772289E-16,1.,0.));
#6925=DIRECTION('',(-0.866025403784439,-0.5,0.));
#6926=DIRECTION('',(0.,0.,1.));
#6927=DIRECTION('',(1.,0.,0.));
#6928=DIRECTION('',(0.866025403784439,0.5,0.));
#6929=DIRECTION('',(-0.866025403784439,0.5,0.));
#6930=DIRECTION('',(0.866025403784439,-0.5,0.));
#6931=DIRECTION('',(2.13031490658433E-16,1.,0.));
#6932=DIRECTION('',(0.,0.,1.));
#6933=DIRECTION('',(1.,0.,0.));
#6934=DIRECTION('',(0.,0.,1.));
#6935=DIRECTION('',(1.,0.,0.));
#6936=DIRECTION('',(4.97073478203011E-16,-1.,0.));
#6937=DIRECTION('',(0.866025403784439,0.5,0.));
#6938=DIRECTION('',(0.,0.,1.));
#6939=DIRECTION('',(1.,0.,0.));
#6940=DIRECTION('',(-0.866025403784439,-0.5,0.));
#6941=DIRECTION('',(0.866025403784438,-0.5,0.));
#6942=DIRECTION('',(0.,0.,1.));
#6943=DIRECTION('',(1.,0.,0.));
#6944=DIRECTION('',(0.,0.,-1.));
#6945=DIRECTION('',(-1.,0.,0.));
#6946=DIRECTION('',(0.,0.,-1.));
#6947=DIRECTION('',(0.,0.,-1.));
#6948=DIRECTION('',(0.,0.,1.));
#6949=DIRECTION('',(1.,0.,0.));
#6950=DIRECTION('',(0.,0.,1.));
#6951=DIRECTION('',(1.,0.,0.));
#6952=DIRECTION('',(0.,-1.,0.));
#6953=DIRECTION('',(0.,-1.,0.));
#6954=DIRECTION('',(0.,0.,1.));
#6955=DIRECTION('',(1.,0.,0.));
#6956=DIRECTION('',(0.,0.,-1.));
#6957=DIRECTION('',(-1.,0.,0.));
#6958=DIRECTION('',(0.,0.,-1.));
#6959=DIRECTION('',(0.,0.,-1.));
#6960=DIRECTION('',(0.,0.,-1.));
#6961=DIRECTION('',(-1.,0.,0.));
#6962=DIRECTION('',(0.,0.,1.));
#6963=DIRECTION('',(1.,0.,0.));
#6964=DIRECTION('',(0.,0.,1.));
#6965=DIRECTION('',(1.,0.,0.));
#6966=DIRECTION('',(0.,0.,1.));
#6967=DIRECTION('',(1.,0.,0.));
#6968=DIRECTION('',(0.,0.,-1.));
#6969=DIRECTION('',(-1.,0.,0.));
#6970=DIRECTION('',(0.707106781186547,-4.01696031068952E-16,-0.707106781186548));
#6971=DIRECTION('',(5.68083975089156E-16,1.,0.));
#6972=DIRECTION('',(-0.447213595499958,0.774596669241484,-0.447213595499958));
#6973=DIRECTION('',(0.,0.,-1.));
#6974=DIRECTION('',(-1.,0.,0.));
#6975=DIRECTION('',(0.353553390593273,0.612372435695794,0.707106781186548));
#6976=DIRECTION('',(0.866025403784439,-0.5,0.));
#6977=DIRECTION('',(0.353553390593274,-0.612372435695795,-0.707106781186548));
#6978=DIRECTION('',(0.866025403784439,0.5,0.));
#6979=DIRECTION('',(0.447213595499958,0.774596669241483,-0.447213595499958));
#6980=DIRECTION('',(0.,0.,-1.));
#6981=DIRECTION('',(-1.,0.,0.));
#6982=DIRECTION('',(0.707106781186548,1.00424007767238E-16,0.707106781186548));
#6983=DIRECTION('',(1.42020993772289E-16,-1.,0.));
#6984=DIRECTION('',(-0.353553390593274,-0.612372435695794,-0.707106781186548));
#6985=DIRECTION('',(0.866025403784439,-0.5,0.));
#6986=DIRECTION('',(0.894427190999916,0.,-0.447213595499958));
#6987=DIRECTION('',(0.,0.,-1.));
#6988=DIRECTION('',(-1.,0.,0.));
#6989=DIRECTION('',(0.353553390593274,-0.612372435695794,0.707106781186548));
#6990=DIRECTION('',(-0.866025403784439,-0.5,0.));
#6991=DIRECTION('',(-0.353553390593273,-0.612372435695794,0.707106781186548));
#6992=DIRECTION('',(-0.866025403784439,0.5,0.));
#6993=DIRECTION('',(-0.447213595499958,0.774596669241484,0.447213595499958));
#6994=DIRECTION('',(0.,0.,-1.));
#6995=DIRECTION('',(-1.,0.,0.));
#6996=DIRECTION('',(-0.707106781186547,1.50636011650857E-16,-0.707106781186548));
#6997=DIRECTION('',(-2.13031490658433E-16,-1.,0.));
#6998=DIRECTION('',(-0.353553390593273,0.612372435695795,-0.707106781186548));
#6999=DIRECTION('',(-0.866025403784439,-0.5,0.));
#7000=DIRECTION('',(-0.447213595499958,-0.774596669241483,-0.447213595499958));
#7001=DIRECTION('',(0.,0.,-1.));
#7002=DIRECTION('',(-1.,0.,0.));
#7003=DIRECTION('',(-0.707106781186547,-3.51484027185333E-16,0.707106781186548));
#7004=DIRECTION('',(-4.97073478203011E-16,1.,0.));
#7005=DIRECTION('',(0.353553390593274,0.612372435695794,-0.707106781186548));
#7006=DIRECTION('',(-0.866025403784439,0.5,0.));
#7007=DIRECTION('',(-0.894427190999916,3.94879193809159E-16,-0.447213595499958));
#7008=DIRECTION('',(0.,0.,-1.));
#7009=DIRECTION('',(-1.,0.,0.));
#7010=DIRECTION('',(-0.353553390593274,0.612372435695794,0.707106781186548));
#7011=DIRECTION('',(0.866025403784439,0.5,0.));
#7012=DIRECTION('',(0.,0.,-1.));
#7013=DIRECTION('',(-1.,0.,0.));
#7014=DIRECTION('',(0.,-1.,0.));
#7015=DIRECTION('',(0.,-1.,0.));
#7016=DIRECTION('',(-1.,0.,0.));
#7017=DIRECTION('',(0.,0.,1.));
#7018=DIRECTION('',(-1.,0.,0.));
#7019=DIRECTION('',(0.,0.,1.));
#7020=DIRECTION('',(0.,1.,1.2490009027033E-16));
#7021=DIRECTION('',(1.,0.,0.));
#7022=DIRECTION('',(3.33066907387547E-16,-1.,6.11833983051101E-32));
#7023=DIRECTION('',(-1.83697019872103E-16,0.,1.));
#7024=DIRECTION('',(0.,-1.,-3.33066907387547E-16));
#7025=DIRECTION('',(1.,0.,0.));
#7026=DIRECTION('',(-2.88444402957535E-16,-1.,1.66533453693773E-16));
#7027=DIRECTION('',(-0.499999999999999,6.71962349133268E-32,-0.866025403784439));
#7028=DIRECTION('',(-3.02322190765349E-16,-1.,-1.42496420113979E-16));
#7029=DIRECTION('',(0.5,-2.77555756156287E-17,-0.866025403784439));
#7030=DIRECTION('',(0.,-1.,-8.32667268468867E-17));
#7031=DIRECTION('',(1.,0.,0.));
#7032=DIRECTION('',(-1.66533453693774E-16,-1.,2.88444402957534E-16));
#7033=DIRECTION('',(-0.866025403784439,2.23273426539387E-31,-0.5));
#7034=DIRECTION('',(2.88444402957535E-16,-1.,-1.66533453693773E-16));
#7035=DIRECTION('',(0.5,9.36302636222068E-34,0.866025403784439));
#7036=DIRECTION('',(0.,0.,-1.));
#7037=DIRECTION('',(-1.,0.,0.));
#7038=DIRECTION('',(0.,0.,1.));
#7039=DIRECTION('',(1.,0.,0.));
#7040=DIRECTION('',(0.,0.,-1.));
#7041=DIRECTION('',(0.,0.,1.));
#7042=DIRECTION('',(1.,0.,0.));
#7043=DIRECTION('',(0.,0.,-1.));
#7044=DIRECTION('',(0.506209545159406,-0.862410515004025,0.));
#7045=DIRECTION('',(0.862410515004025,0.506209545159406,0.));
#7046=DIRECTION('',(-0.862410515004025,-0.506209545159406,0.));
#7047=DIRECTION('',(0.,0.,-1.));
#7048=DIRECTION('',(-0.862410515004025,-0.506209545159406,0.));
#7049=DIRECTION('',(0.866025403784439,0.5,0.));
#7050=DIRECTION('',(-0.5,0.866025403784439,0.));
#7051=DIRECTION('',(0.5,-0.866025403784439,0.));
#7052=DIRECTION('',(0.,0.,-1.));
#7053=DIRECTION('',(0.5,-0.866025403784439,0.));
#7054=DIRECTION('',(0.5,-0.866025403784438,0.));
#7055=DIRECTION('',(0.866025403784439,0.5,0.));
#7056=DIRECTION('',(-0.866025403784439,-0.5,0.));
#7057=DIRECTION('',(0.,0.,-1.));
#7058=DIRECTION('',(-0.866025403784439,-0.5,0.));
#7059=DIRECTION('',(0.866025403784439,0.5,0.));
#7060=DIRECTION('',(-0.5,0.866025403784439,0.));
#7061=DIRECTION('',(0.5,-0.866025403784439,0.));
#7062=DIRECTION('',(0.,0.,-1.));
#7063=DIRECTION('',(0.5,-0.866025403784439,0.));
#7064=DIRECTION('',(0.5,-0.866025403784439,0.));
#7065=DIRECTION('',(0.866025403784439,0.5,0.));
#7066=DIRECTION('',(-0.866025403784439,-0.5,0.));
#7067=DIRECTION('',(0.,0.,-1.));
#7068=DIRECTION('',(-0.866025403784439,-0.5,0.));
#7069=DIRECTION('',(-0.866025403784439,-0.5,0.));
#7070=DIRECTION('',(0.5,-0.866025403784439,0.));
#7071=DIRECTION('',(-0.5,0.866025403784439,0.));
#7072=DIRECTION('',(0.,0.,-1.));
#7073=DIRECTION('',(-0.5,0.866025403784439,0.));
#7074=DIRECTION('',(0.493764641904602,-0.869595583248225,0.));
#7075=DIRECTION('',(0.869595583248225,0.493764641904602,0.));
#7076=DIRECTION('',(-0.869595583248225,-0.493764641904602,0.));
#7077=DIRECTION('',(0.,0.,-1.));
#7078=DIRECTION('',(-0.869595583248225,-0.493764641904602,0.));
#7079=DIRECTION('',(0.,0.,-1.));
#7080=DIRECTION('',(-1.,0.,0.));
#7081=DIRECTION('',(0.,0.,1.));
#7082=DIRECTION('',(1.,0.,0.));
#7083=DIRECTION('',(0.,0.,-1.));
#7084=DIRECTION('',(0.,0.,1.));
#7085=DIRECTION('',(1.,0.,0.));
#7086=DIRECTION('',(0.00718506824419996,-0.999974187064009,0.));
#7087=DIRECTION('',(0.999974187064009,0.00718506824419996,0.));
#7088=DIRECTION('',(-0.999974187064009,-0.00718506824419996,0.));
#7089=DIRECTION('',(0.,0.,-1.));
#7090=DIRECTION('',(-0.999974187064009,-0.00718506824419996,0.));
#7091=DIRECTION('',(1.,0.,0.));
#7092=DIRECTION('',(0.,0.,-1.));
#7093=DIRECTION('',(0.,-1.,0.));
#7094=DIRECTION('',(0.,0.,-1.));
#7095=DIRECTION('',(0.,-1.,0.));
#7096=DIRECTION('',(0.,-1.,0.));
#7097=DIRECTION('',(0.,0.,-1.));
#7098=DIRECTION('',(-1.,0.,0.));
#7099=DIRECTION('',(0.,0.,-1.));
#7100=DIRECTION('',(-1.,0.,0.));
#7101=DIRECTION('',(1.,0.,0.));
#7102=DIRECTION('',(0.,0.,-1.));
#7103=DIRECTION('',(0.,-1.,0.));
#7104=DIRECTION('',(0.,0.,-1.));
#7105=DIRECTION('',(0.,-1.,0.));
#7106=DIRECTION('',(0.,-1.,0.));
#7107=DIRECTION('',(0.,0.,-1.));
#7108=DIRECTION('',(-1.,0.,0.));
#7109=DIRECTION('',(0.,0.,-1.));
#7110=DIRECTION('',(-1.,0.,0.));
#7111=DIRECTION('',(-1.,0.,0.));
#7112=DIRECTION('',(0.,0.,1.));
#7113=DIRECTION('',(0.,1.,0.));
#7114=DIRECTION('',(0.,0.,-1.));
#7115=DIRECTION('',(0.,1.,0.));
#7116=DIRECTION('',(-0.00718506824419987,-0.999974187064009,0.));
#7117=DIRECTION('',(0.999974187064009,-0.00718506824419987,0.));
#7118=DIRECTION('',(-0.999974187064009,0.00718506824419987,0.));
#7119=DIRECTION('',(0.,0.,-1.));
#7120=DIRECTION('',(-0.999974187064009,0.00718506824419987,0.));
#7121=DIRECTION('',(0.,0.,-1.));
#7122=DIRECTION('',(-1.,0.,0.));
#7123=DIRECTION('',(0.,0.,1.));
#7124=DIRECTION('',(1.,0.,0.));
#7125=DIRECTION('',(0.,0.,-1.));
#7126=DIRECTION('',(0.,0.,1.));
#7127=DIRECTION('',(1.,0.,0.));
#7128=DIRECTION('',(-0.493764641904603,-0.869595583248224,0.));
#7129=DIRECTION('',(0.869595583248224,-0.493764641904603,0.));
#7130=DIRECTION('',(-0.869595583248224,0.493764641904603,0.));
#7131=DIRECTION('',(0.,0.,-1.));
#7132=DIRECTION('',(-0.869595583248224,0.493764641904603,0.));
#7133=DIRECTION('',(0.866025403784439,-0.5,0.));
#7134=DIRECTION('',(0.5,0.866025403784439,0.));
#7135=DIRECTION('',(-0.5,-0.866025403784439,0.));
#7136=DIRECTION('',(0.,0.,-1.));
#7137=DIRECTION('',(-0.5,-0.866025403784439,0.));
#7138=DIRECTION('',(-0.5,-0.866025403784438,0.));
#7139=DIRECTION('',(0.866025403784439,-0.5,0.));
#7140=DIRECTION('',(-0.866025403784439,0.5,0.));
#7141=DIRECTION('',(0.,0.,-1.));
#7142=DIRECTION('',(-0.866025403784439,0.5,0.));
#7143=DIRECTION('',(0.866025403784439,-0.5,0.));
#7144=DIRECTION('',(0.5,0.866025403784439,0.));
#7145=DIRECTION('',(-0.5,-0.866025403784439,0.));
#7146=DIRECTION('',(0.,0.,-1.));
#7147=DIRECTION('',(-0.5,-0.866025403784439,0.));
#7148=DIRECTION('',(-0.5,-0.866025403784438,0.));
#7149=DIRECTION('',(0.866025403784439,-0.5,0.));
#7150=DIRECTION('',(-0.866025403784439,0.5,0.));
#7151=DIRECTION('',(0.,0.,-1.));
#7152=DIRECTION('',(-0.866025403784439,0.5,0.));
#7153=DIRECTION('',(-0.866025403784439,0.5,0.));
#7154=DIRECTION('',(-0.5,-0.866025403784439,0.));
#7155=DIRECTION('',(0.5,0.866025403784439,0.));
#7156=DIRECTION('',(0.,0.,-1.));
#7157=DIRECTION('',(0.5,0.866025403784439,0.));
#7158=DIRECTION('',(-0.506209545159406,-0.862410515004024,0.));
#7159=DIRECTION('',(0.862410515004025,-0.506209545159407,0.));
#7160=DIRECTION('',(-0.862410515004025,0.506209545159407,0.));
#7161=DIRECTION('',(0.,0.,-1.));
#7162=DIRECTION('',(-0.862410515004025,0.506209545159407,0.));
#7163=DIRECTION('',(0.,0.,-1.));
#7164=DIRECTION('',(-1.,0.,0.));
#7165=DIRECTION('',(0.,0.,1.));
#7166=DIRECTION('',(1.,0.,0.));
#7167=DIRECTION('',(0.,0.,-1.));
#7168=DIRECTION('',(0.,0.,1.));
#7169=DIRECTION('',(1.,0.,0.));
#7170=DIRECTION('',(-0.862410515004025,-0.506209545159406,0.));
#7171=DIRECTION('',(0.506209545159406,-0.862410515004025,0.));
#7172=DIRECTION('',(-0.506209545159406,0.862410515004025,0.));
#7173=DIRECTION('',(0.,0.,-1.));
#7174=DIRECTION('',(-0.506209545159406,0.862410515004025,0.));
#7175=DIRECTION('',(0.5,-0.866025403784439,0.));
#7176=DIRECTION('',(0.866025403784439,0.5,0.));
#7177=DIRECTION('',(-0.866025403784439,-0.5,0.));
#7178=DIRECTION('',(0.,0.,-1.));
#7179=DIRECTION('',(-0.866025403784439,-0.5,0.));
#7180=DIRECTION('',(-0.866025403784439,-0.5,0.));
#7181=DIRECTION('',(0.5,-0.866025403784439,0.));
#7182=DIRECTION('',(-0.5,0.866025403784439,0.));
#7183=DIRECTION('',(0.,0.,-1.));
#7184=DIRECTION('',(-0.5,0.866025403784439,0.));
#7185=DIRECTION('',(0.5,-0.866025403784438,0.));
#7186=DIRECTION('',(0.866025403784439,0.5,0.));
#7187=DIRECTION('',(-0.866025403784439,-0.5,0.));
#7188=DIRECTION('',(0.,0.,-1.));
#7189=DIRECTION('',(-0.866025403784439,-0.5,0.));
#7190=DIRECTION('',(-0.866025403784439,-0.5,0.));
#7191=DIRECTION('',(0.5,-0.866025403784439,0.));
#7192=DIRECTION('',(-0.5,0.866025403784439,0.));
#7193=DIRECTION('',(0.,0.,-1.));
#7194=DIRECTION('',(-0.5,0.866025403784439,0.));
#7195=DIRECTION('',(-0.5,0.866025403784439,0.));
#7196=DIRECTION('',(-0.866025403784439,-0.5,0.));
#7197=DIRECTION('',(0.866025403784439,0.5,0.));
#7198=DIRECTION('',(0.,0.,-1.));
#7199=DIRECTION('',(0.866025403784439,0.5,0.));
#7200=DIRECTION('',(-0.869595583248225,-0.493764641904602,0.));
#7201=DIRECTION('',(0.493764641904602,-0.869595583248225,0.));
#7202=DIRECTION('',(-0.493764641904602,0.869595583248225,0.));
#7203=DIRECTION('',(0.,0.,-1.));
#7204=DIRECTION('',(-0.493764641904602,0.869595583248225,0.));
#7205=DIRECTION('',(0.,0.,-1.));
#7206=DIRECTION('',(-1.,0.,0.));
#7207=DIRECTION('',(0.,0.,1.));
#7208=DIRECTION('',(1.,0.,0.));
#7209=DIRECTION('',(0.,0.,-1.));
#7210=DIRECTION('',(0.,0.,1.));
#7211=DIRECTION('',(1.,0.,0.));
#7212=DIRECTION('',(-0.999974187064009,-0.00718506824420023,0.));
#7213=DIRECTION('',(0.00718506824420023,-0.999974187064009,0.));
#7214=DIRECTION('',(-0.00718506824420023,0.999974187064009,0.));
#7215=DIRECTION('',(0.,0.,-1.));
#7216=DIRECTION('',(-0.00718506824420023,0.999974187064009,0.));
#7217=DIRECTION('',(0.,-1.,0.));
#7218=DIRECTION('',(0.,0.,-1.));
#7219=DIRECTION('',(-1.,0.,0.));
#7220=DIRECTION('',(0.,0.,-1.));
#7221=DIRECTION('',(-1.,0.,0.));
#7222=DIRECTION('',(-1.,0.,0.));
#7223=DIRECTION('',(0.,0.,1.));
#7224=DIRECTION('',(0.,1.,0.));
#7225=DIRECTION('',(0.,0.,-1.));
#7226=DIRECTION('',(0.,1.,0.));
#7227=DIRECTION('',(0.,-1.,0.));
#7228=DIRECTION('',(0.,0.,-1.));
#7229=DIRECTION('',(-1.,0.,0.));
#7230=DIRECTION('',(0.,0.,-1.));
#7231=DIRECTION('',(-1.,0.,0.));
#7232=DIRECTION('',(-1.,0.,0.));
#7233=DIRECTION('',(0.,0.,1.));
#7234=DIRECTION('',(0.,1.,0.));
#7235=DIRECTION('',(0.,0.,-1.));
#7236=DIRECTION('',(0.,1.,0.));
#7237=DIRECTION('',(0.,1.,0.));
#7238=DIRECTION('',(0.,0.,1.));
#7239=DIRECTION('',(1.,0.,0.));
#7240=DIRECTION('',(0.,0.,-1.));
#7241=DIRECTION('',(1.,0.,0.));
#7242=DIRECTION('',(-0.999974187064009,0.00718506824419941,0.));
#7243=DIRECTION('',(-0.00718506824419942,-0.999974187064009,0.));
#7244=DIRECTION('',(0.00718506824419941,0.999974187064009,0.));
#7245=DIRECTION('',(0.,0.,-1.));
#7246=DIRECTION('',(0.00718506824419941,0.999974187064009,0.));
#7247=DIRECTION('',(0.,0.,-1.));
#7248=DIRECTION('',(-1.,0.,0.));
#7249=DIRECTION('',(0.,0.,1.));
#7250=DIRECTION('',(1.,0.,0.));
#7251=DIRECTION('',(0.,0.,-1.));
#7252=DIRECTION('',(0.,0.,1.));
#7253=DIRECTION('',(1.,0.,0.));
#7254=DIRECTION('',(-0.869595583248224,0.493764641904603,0.));
#7255=DIRECTION('',(-0.493764641904603,-0.869595583248224,0.));
#7256=DIRECTION('',(0.493764641904603,0.869595583248224,0.));
#7257=DIRECTION('',(0.,0.,-1.));
#7258=DIRECTION('',(0.493764641904603,0.869595583248224,0.));
#7259=DIRECTION('',(-0.5,-0.866025403784439,0.));
#7260=DIRECTION('',(0.866025403784439,-0.5,0.));
#7261=DIRECTION('',(-0.866025403784439,0.5,0.));
#7262=DIRECTION('',(0.,0.,-1.));
#7263=DIRECTION('',(-0.866025403784439,0.5,0.));
#7264=DIRECTION('',(-0.866025403784438,0.5,0.));
#7265=DIRECTION('',(-0.5,-0.866025403784439,0.));
#7266=DIRECTION('',(0.5,0.866025403784439,0.));
#7267=DIRECTION('',(0.,0.,-1.));
#7268=DIRECTION('',(0.5,0.866025403784439,0.));
#7269=DIRECTION('',(-0.5,-0.866025403784439,0.));
#7270=DIRECTION('',(0.866025403784439,-0.5,0.));
#7271=DIRECTION('',(-0.866025403784439,0.5,0.));
#7272=DIRECTION('',(0.,0.,-1.));
#7273=DIRECTION('',(-0.866025403784439,0.5,0.));
#7274=DIRECTION('',(-0.866025403784438,0.5,0.));
#7275=DIRECTION('',(-0.5,-0.866025403784439,0.));
#7276=DIRECTION('',(0.5,0.866025403784439,0.));
#7277=DIRECTION('',(0.,0.,-1.));
#7278=DIRECTION('',(0.5,0.866025403784439,0.));
#7279=DIRECTION('',(0.5,0.866025403784439,0.));
#7280=DIRECTION('',(-0.866025403784439,0.5,0.));
#7281=DIRECTION('',(0.866025403784439,-0.5,0.));
#7282=DIRECTION('',(0.,0.,-1.));
#7283=DIRECTION('',(0.866025403784439,-0.5,0.));
#7284=DIRECTION('',(-0.862410515004025,0.506209545159406,0.));
#7285=DIRECTION('',(-0.506209545159406,-0.862410515004025,0.));
#7286=DIRECTION('',(0.506209545159406,0.862410515004025,0.));
#7287=DIRECTION('',(0.,0.,-1.));
#7288=DIRECTION('',(0.506209545159406,0.862410515004025,0.));
#7289=DIRECTION('',(0.,0.,-1.));
#7290=DIRECTION('',(-1.,0.,0.));
#7291=DIRECTION('',(0.,0.,1.));
#7292=DIRECTION('',(1.,0.,0.));
#7293=DIRECTION('',(0.,0.,-1.));
#7294=DIRECTION('',(0.,0.,1.));
#7295=DIRECTION('',(1.,0.,0.));
#7296=DIRECTION('',(-0.506209545159406,0.862410515004025,0.));
#7297=DIRECTION('',(-0.862410515004025,-0.506209545159406,0.));
#7298=DIRECTION('',(0.862410515004025,0.506209545159406,0.));
#7299=DIRECTION('',(0.,0.,-1.));
#7300=DIRECTION('',(0.862410515004025,0.506209545159406,0.));
#7301=DIRECTION('',(-0.866025403784439,-0.5,0.));
#7302=DIRECTION('',(0.5,-0.866025403784439,0.));
#7303=DIRECTION('',(-0.5,0.866025403784439,0.));
#7304=DIRECTION('',(0.,0.,-1.));
#7305=DIRECTION('',(-0.5,0.866025403784439,0.));
#7306=DIRECTION('',(-0.5,0.866025403784439,0.));
#7307=DIRECTION('',(-0.866025403784439,-0.5,0.));
#7308=DIRECTION('',(0.866025403784439,0.5,0.));
#7309=DIRECTION('',(0.,0.,-1.));
#7310=DIRECTION('',(0.866025403784439,0.5,0.));
#7311=DIRECTION('',(-0.866025403784439,-0.5,0.));
#7312=DIRECTION('',(0.5,-0.866025403784439,0.));
#7313=DIRECTION('',(-0.5,0.866025403784439,0.));
#7314=DIRECTION('',(0.,0.,-1.));
#7315=DIRECTION('',(-0.5,0.866025403784439,0.));
#7316=DIRECTION('',(-0.5,0.866025403784439,0.));
#7317=DIRECTION('',(-0.866025403784439,-0.5,0.));
#7318=DIRECTION('',(0.866025403784439,0.5,0.));
#7319=DIRECTION('',(0.,0.,-1.));
#7320=DIRECTION('',(0.866025403784439,0.5,0.));
#7321=DIRECTION('',(0.866025403784439,0.5,0.));
#7322=DIRECTION('',(-0.5,0.866025403784439,0.));
#7323=DIRECTION('',(0.5,-0.866025403784439,0.));
#7324=DIRECTION('',(0.,0.,-1.));
#7325=DIRECTION('',(0.5,-0.866025403784439,0.));
#7326=DIRECTION('',(-0.493764641904602,0.869595583248225,0.));
#7327=DIRECTION('',(-0.869595583248225,-0.493764641904602,0.));
#7328=DIRECTION('',(0.869595583248225,0.493764641904602,0.));
#7329=DIRECTION('',(0.,0.,-1.));
#7330=DIRECTION('',(0.869595583248225,0.493764641904602,0.));
#7331=DIRECTION('',(0.,0.,-1.));
#7332=DIRECTION('',(-1.,0.,0.));
#7333=DIRECTION('',(0.,0.,1.));
#7334=DIRECTION('',(1.,0.,0.));
#7335=DIRECTION('',(0.,0.,-1.));
#7336=DIRECTION('',(0.,0.,1.));
#7337=DIRECTION('',(1.,0.,0.));
#7338=DIRECTION('',(-0.00718506824420014,0.999974187064009,0.));
#7339=DIRECTION('',(-0.999974187064009,-0.00718506824420014,0.));
#7340=DIRECTION('',(0.999974187064009,0.00718506824420014,0.));
#7341=DIRECTION('',(0.,0.,-1.));
#7342=DIRECTION('',(0.999974187064009,0.00718506824420014,0.));
#7343=DIRECTION('',(-1.,0.,0.));
#7344=DIRECTION('',(0.,0.,1.));
#7345=DIRECTION('',(0.,1.,0.));
#7346=DIRECTION('',(0.,0.,-1.));
#7347=DIRECTION('',(0.,1.,0.));
#7348=DIRECTION('',(0.,1.,0.));
#7349=DIRECTION('',(0.,0.,1.));
#7350=DIRECTION('',(1.,0.,0.));
#7351=DIRECTION('',(0.,0.,-1.));
#7352=DIRECTION('',(1.,0.,0.));
#7353=DIRECTION('',(-1.,0.,0.));
#7354=DIRECTION('',(0.,0.,1.));
#7355=DIRECTION('',(0.,1.,0.));
#7356=DIRECTION('',(0.,0.,-1.));
#7357=DIRECTION('',(0.,1.,0.));
#7358=DIRECTION('',(0.,1.,0.));
#7359=DIRECTION('',(0.,0.,1.));
#7360=DIRECTION('',(1.,0.,0.));
#7361=DIRECTION('',(0.,0.,-1.));
#7362=DIRECTION('',(1.,0.,0.));
#7363=DIRECTION('',(1.,0.,0.));
#7364=DIRECTION('',(0.,0.,-1.));
#7365=DIRECTION('',(0.,-1.,0.));
#7366=DIRECTION('',(0.,0.,-1.));
#7367=DIRECTION('',(0.,-1.,0.));
#7368=DIRECTION('',(0.00718506824419959,0.999974187064009,0.));
#7369=DIRECTION('',(-0.999974187064009,0.0071850682441996,0.));
#7370=DIRECTION('',(0.999974187064009,-0.00718506824419959,0.));
#7371=DIRECTION('',(0.,0.,-1.));
#7372=DIRECTION('',(0.999974187064009,-0.00718506824419959,0.));
#7373=DIRECTION('',(0.,0.,-1.));
#7374=DIRECTION('',(-1.,0.,0.));
#7375=DIRECTION('',(0.,0.,1.));
#7376=DIRECTION('',(1.,0.,0.));
#7377=DIRECTION('',(0.,0.,-1.));
#7378=DIRECTION('',(0.,0.,1.));
#7379=DIRECTION('',(1.,0.,0.));
#7380=DIRECTION('',(0.493764641904604,0.869595583248224,0.));
#7381=DIRECTION('',(-0.869595583248224,0.493764641904604,0.));
#7382=DIRECTION('',(0.869595583248224,-0.493764641904604,0.));
#7383=DIRECTION('',(0.,0.,-1.));
#7384=DIRECTION('',(0.869595583248224,-0.493764641904604,0.));
#7385=DIRECTION('',(-0.866025403784439,0.5,0.));
#7386=DIRECTION('',(-0.5,-0.866025403784439,0.));
#7387=DIRECTION('',(0.5,0.866025403784439,0.));
#7388=DIRECTION('',(0.,0.,-1.));
#7389=DIRECTION('',(0.5,0.866025403784439,0.));
#7390=DIRECTION('',(0.5,0.866025403784439,0.));
#7391=DIRECTION('',(-0.866025403784439,0.5,0.));
#7392=DIRECTION('',(0.866025403784439,-0.5,0.));
#7393=DIRECTION('',(0.,0.,-1.));
#7394=DIRECTION('',(0.866025403784439,-0.5,0.));
#7395=DIRECTION('',(-0.866025403784439,0.5,0.));
#7396=DIRECTION('',(-0.5,-0.866025403784439,0.));
#7397=DIRECTION('',(0.5,0.866025403784439,0.));
#7398=DIRECTION('',(0.,0.,-1.));
#7399=DIRECTION('',(0.5,0.866025403784439,0.));
#7400=DIRECTION('',(0.5,0.866025403784439,0.));
#7401=DIRECTION('',(-0.866025403784439,0.5,0.));
#7402=DIRECTION('',(0.866025403784439,-0.5,0.));
#7403=DIRECTION('',(0.,0.,-1.));
#7404=DIRECTION('',(0.866025403784439,-0.5,0.));
#7405=DIRECTION('',(0.866025403784439,-0.5,0.));
#7406=DIRECTION('',(0.5,0.866025403784439,0.));
#7407=DIRECTION('',(-0.5,-0.866025403784439,0.));
#7408=DIRECTION('',(0.,0.,-1.));
#7409=DIRECTION('',(-0.5,-0.866025403784439,0.));
#7410=DIRECTION('',(0.506209545159408,0.862410515004024,0.));
#7411=DIRECTION('',(-0.862410515004024,0.506209545159408,0.));
#7412=DIRECTION('',(0.862410515004024,-0.506209545159408,0.));
#7413=DIRECTION('',(0.,0.,-1.));
#7414=DIRECTION('',(0.862410515004024,-0.506209545159408,0.));
#7415=DIRECTION('',(0.,0.,-1.));
#7416=DIRECTION('',(-1.,0.,0.));
#7417=DIRECTION('',(0.,0.,1.));
#7418=DIRECTION('',(1.,0.,0.));
#7419=DIRECTION('',(0.,0.,-1.));
#7420=DIRECTION('',(0.,0.,1.));
#7421=DIRECTION('',(1.,0.,0.));
#7422=DIRECTION('',(0.862410515004025,0.506209545159406,0.));
#7423=DIRECTION('',(-0.506209545159406,0.862410515004025,0.));
#7424=DIRECTION('',(0.506209545159406,-0.862410515004025,0.));
#7425=DIRECTION('',(0.,0.,-1.));
#7426=DIRECTION('',(0.506209545159406,-0.862410515004025,0.));
#7427=DIRECTION('',(-0.5,0.866025403784439,0.));
#7428=DIRECTION('',(-0.866025403784439,-0.5,0.));
#7429=DIRECTION('',(0.866025403784439,0.5,0.));
#7430=DIRECTION('',(0.,0.,-1.));
#7431=DIRECTION('',(0.866025403784439,0.5,0.));
#7432=DIRECTION('',(0.866025403784439,0.5,0.));
#7433=DIRECTION('',(-0.5,0.866025403784439,0.));
#7434=DIRECTION('',(0.5,-0.866025403784439,0.));
#7435=DIRECTION('',(0.,0.,-1.));
#7436=DIRECTION('',(0.5,-0.866025403784439,0.));
#7437=DIRECTION('',(-0.5,0.866025403784439,0.));
#7438=DIRECTION('',(-0.866025403784439,-0.5,0.));
#7439=DIRECTION('',(0.866025403784439,0.5,0.));
#7440=DIRECTION('',(0.,0.,-1.));
#7441=DIRECTION('',(0.866025403784439,0.5,0.));
#7442=DIRECTION('',(0.866025403784439,0.5,0.));
#7443=DIRECTION('',(-0.5,0.866025403784439,0.));
#7444=DIRECTION('',(0.5,-0.866025403784439,0.));
#7445=DIRECTION('',(0.,0.,-1.));
#7446=DIRECTION('',(0.5,-0.866025403784439,0.));
#7447=DIRECTION('',(0.5,-0.866025403784439,0.));
#7448=DIRECTION('',(0.866025403784439,0.5,0.));
#7449=DIRECTION('',(-0.866025403784439,-0.5,0.));
#7450=DIRECTION('',(0.,0.,-1.));
#7451=DIRECTION('',(-0.866025403784439,-0.5,0.));
#7452=DIRECTION('',(0.869595583248225,0.493764641904602,0.));
#7453=DIRECTION('',(-0.493764641904602,0.869595583248225,0.));
#7454=DIRECTION('',(0.493764641904602,-0.869595583248225,0.));
#7455=DIRECTION('',(0.,0.,-1.));
#7456=DIRECTION('',(0.493764641904602,-0.869595583248225,0.));
#7457=DIRECTION('',(0.,0.,-1.));
#7458=DIRECTION('',(-1.,0.,0.));
#7459=DIRECTION('',(0.,0.,1.));
#7460=DIRECTION('',(1.,0.,0.));
#7461=DIRECTION('',(0.,0.,-1.));
#7462=DIRECTION('',(0.,0.,1.));
#7463=DIRECTION('',(1.,0.,0.));
#7464=DIRECTION('',(0.999974187064009,0.00718506824419996,0.));
#7465=DIRECTION('',(-0.00718506824419996,0.999974187064009,0.));
#7466=DIRECTION('',(0.00718506824419996,-0.999974187064009,0.));
#7467=DIRECTION('',(0.,0.,-1.));
#7468=DIRECTION('',(0.00718506824419996,-0.999974187064009,0.));
#7469=DIRECTION('',(0.,1.,0.));
#7470=DIRECTION('',(0.,0.,1.));
#7471=DIRECTION('',(1.,0.,0.));
#7472=DIRECTION('',(0.,0.,-1.));
#7473=DIRECTION('',(1.,0.,0.));
#7474=DIRECTION('',(1.,0.,0.));
#7475=DIRECTION('',(0.,0.,-1.));
#7476=DIRECTION('',(0.,-1.,0.));
#7477=DIRECTION('',(0.,0.,-1.));
#7478=DIRECTION('',(0.,-1.,0.));
#7479=DIRECTION('',(0.,1.,0.));
#7480=DIRECTION('',(0.,0.,1.));
#7481=DIRECTION('',(1.,0.,0.));
#7482=DIRECTION('',(0.,0.,-1.));
#7483=DIRECTION('',(1.,0.,0.));
#7484=DIRECTION('',(1.,0.,0.));
#7485=DIRECTION('',(0.,0.,-1.));
#7486=DIRECTION('',(0.,-1.,0.));
#7487=DIRECTION('',(0.,0.,-1.));
#7488=DIRECTION('',(0.,-1.,0.));
#7489=DIRECTION('',(0.,-1.,0.));
#7490=DIRECTION('',(0.,0.,-1.));
#7491=DIRECTION('',(-1.,0.,0.));
#7492=DIRECTION('',(0.,0.,-1.));
#7493=DIRECTION('',(-1.,0.,0.));
#7494=DIRECTION('',(0.999974187064009,-0.0071850682441995,0.));
#7495=DIRECTION('',(0.00718506824419951,0.999974187064009,0.));
#7496=DIRECTION('',(-0.0071850682441995,-0.999974187064009,0.));
#7497=DIRECTION('',(0.,0.,-1.));
#7498=DIRECTION('',(-0.0071850682441995,-0.999974187064009,0.));
#7499=DIRECTION('',(0.,0.,-1.));
#7500=DIRECTION('',(-1.,0.,0.));
#7501=DIRECTION('',(0.,0.,1.));
#7502=DIRECTION('',(1.,0.,0.));
#7503=DIRECTION('',(0.,0.,-1.));
#7504=DIRECTION('',(0.,0.,1.));
#7505=DIRECTION('',(1.,0.,0.));
#7506=DIRECTION('',(0.869595583248224,-0.493764641904604,0.));
#7507=DIRECTION('',(0.493764641904604,0.869595583248224,0.));
#7508=DIRECTION('',(-0.493764641904604,-0.869595583248224,0.));
#7509=DIRECTION('',(0.,0.,-1.));
#7510=DIRECTION('',(-0.493764641904604,-0.869595583248224,0.));
#7511=DIRECTION('',(0.5,0.866025403784439,0.));
#7512=DIRECTION('',(-0.866025403784439,0.5,0.));
#7513=DIRECTION('',(0.866025403784439,-0.5,0.));
#7514=DIRECTION('',(0.,0.,-1.));
#7515=DIRECTION('',(0.866025403784439,-0.5,0.));
#7516=DIRECTION('',(0.866025403784439,-0.5,0.));
#7517=DIRECTION('',(0.5,0.866025403784439,0.));
#7518=DIRECTION('',(-0.5,-0.866025403784439,0.));
#7519=DIRECTION('',(0.,0.,-1.));
#7520=DIRECTION('',(-0.5,-0.866025403784439,0.));
#7521=DIRECTION('',(0.5,0.866025403784439,0.));
#7522=DIRECTION('',(-0.866025403784439,0.5,0.));
#7523=DIRECTION('',(0.866025403784439,-0.5,0.));
#7524=DIRECTION('',(0.,0.,-1.));
#7525=DIRECTION('',(0.866025403784439,-0.5,0.));
#7526=DIRECTION('',(0.866025403784439,-0.5,0.));
#7527=DIRECTION('',(0.5,0.866025403784439,0.));
#7528=DIRECTION('',(-0.5,-0.866025403784439,0.));
#7529=DIRECTION('',(0.,0.,-1.));
#7530=DIRECTION('',(-0.5,-0.866025403784439,0.));
#7531=DIRECTION('',(-0.5,-0.866025403784439,0.));
#7532=DIRECTION('',(0.866025403784439,-0.5,0.));
#7533=DIRECTION('',(-0.866025403784439,0.5,0.));
#7534=DIRECTION('',(0.,0.,-1.));
#7535=DIRECTION('',(-0.866025403784439,0.5,0.));
#7536=DIRECTION('',(0.,0.,-1.));
#7537=DIRECTION('',(-1.,0.,0.));
#7538=DIRECTION('',(0.,0.,1.));
#7539=DIRECTION('',(1.,0.,0.));
#7540=DIRECTION('',(0.,0.,1.));
#7541=DIRECTION('',(1.,0.,0.));
#7542=DIRECTION('',(0.862410515004024,-0.506209545159406,0.));
#7543=DIRECTION('',(0.506209545159407,0.862410515004025,0.));
#7544=DIRECTION('',(-0.506209545159407,-0.862410515004025,0.));
#7545=DIRECTION('',(-0.506209545159407,-0.862410515004025,0.));
#7546=DIRECTION('',(0.,0.,1.));
#7547=DIRECTION('',(1.,0.,0.));
#7548=DIRECTION('',(0.,0.,1.));
#7549=DIRECTION('',(1.,0.,0.));
#7550=DIRECTION('',(0.,1.,0.));
#7551=DIRECTION('',(-1.,0.,0.));
#7552=DIRECTION('',(-3.33066907387547E-16,-1.,-2.03944661017034E-32));
#7553=DIRECTION('',(6.12323399573677E-17,-7.60213193783446E-48,-1.));
#7554=DIRECTION('',(5.78082009933582E-17,-1.,5.56880786796945E-16));
#7555=DIRECTION('',(-1.,-5.78082009933589E-17,-1.17400572300288E-15));
#7556=DIRECTION('',(-1.66533453693773E-16,-1.,-2.88444402957535E-16));
#7557=DIRECTION('',(0.866025403784439,3.71556988759783E-33,-0.5));
#7558=CARTESIAN_POINT('',(0.,0.,0.));
#7559=CARTESIAN_POINT('',(0.,1.16341445918999E-18,0.005));
#7560=CARTESIAN_POINT('',(0.,1.16341445918999E-18,0.01));
#7561=CARTESIAN_POINT('',(0.014,1.16341445918999E-18,0.01));
#7562=CARTESIAN_POINT('',(0.,1.16341445918999E-18,0.005));
#7563=CARTESIAN_POINT('',(-0.0151471214387763,-0.0114701661766063,0.005));
#7564=CARTESIAN_POINT('',(-0.0188212645696297,-0.0026,0.005));
#7565=CARTESIAN_POINT('',(-0.0151464075452272,-0.0114694522830571,0.0051));
#7566=CARTESIAN_POINT('',(-0.0151468842444556,-0.0114699289822856,0.00506661607951799));
#7567=CARTESIAN_POINT('',(-0.0151471214387763,-0.0114701661766063,0.00503328290938674));
#7568=CARTESIAN_POINT('',(-0.0151471214387763,-0.0114701661766063,0.005));
#7569=CARTESIAN_POINT('',(-0.0151464075452272,-0.0114694522830571,0.0051));
#7570=CARTESIAN_POINT('',(0.,1.16341445918999E-18,0.0051));
#7571=CARTESIAN_POINT('',(-0.0114694522830571,-0.0151464075452272,0.0051));
#7572=CARTESIAN_POINT('',(-0.0114701661766063,-0.0151471214387763,0.005));
#7573=CARTESIAN_POINT('',(-0.0114701661766063,-0.0151471214387763,0.00503339073416608));
#7574=CARTESIAN_POINT('',(-0.0114699274429413,-0.0151468827051114,0.00506672388196853));
#7575=CARTESIAN_POINT('',(-0.0114694522830571,-0.0151464075452272,0.0051));
#7576=CARTESIAN_POINT('',(-0.0114701661766063,-0.0151471214387763,0.005));
#7577=CARTESIAN_POINT('',(0.,1.16341445918999E-18,0.005));
#7578=CARTESIAN_POINT('',(-0.0026,-0.0188212645696297,0.005));
#7579=CARTESIAN_POINT('',(-0.0026,-0.0188202549716904,0.0051));
#7580=CARTESIAN_POINT('',(-0.0026,-0.0188209291262044,0.00506661607951799));
#7581=CARTESIAN_POINT('',(-0.0026,-0.0188212645696297,0.00503328290938674));
#7582=CARTESIAN_POINT('',(-0.0026,-0.0188212645696297,0.005));
#7583=CARTESIAN_POINT('',(-0.0026,-0.0188202549716904,0.0051));
#7584=CARTESIAN_POINT('',(0.,1.16341445918999E-18,0.0051));
#7585=CARTESIAN_POINT('',(0.0026,-0.0188202549716904,0.0051));
#7586=CARTESIAN_POINT('',(0.0026,-0.0188212645696297,0.005));
#7587=CARTESIAN_POINT('',(0.0026,-0.0188212645696297,0.00503339073416608));
#7588=CARTESIAN_POINT('',(0.0026,-0.018820926949243,0.00506672388196853));
#7589=CARTESIAN_POINT('',(0.0026,-0.0188202549716905,0.0051));
#7590=CARTESIAN_POINT('',(0.0026,-0.0188212645696297,0.005));
#7591=CARTESIAN_POINT('',(0.,1.16341445918999E-18,0.005));
#7592=CARTESIAN_POINT('',(0.0114701661766063,-0.0151471214387763,0.005));
#7593=CARTESIAN_POINT('',(0.0114694522830571,-0.0151464075452272,0.0051));
#7594=CARTESIAN_POINT('',(0.0114699289822856,-0.0151468842444556,0.00506661607951799));
#7595=CARTESIAN_POINT('',(0.0114701661766063,-0.0151471214387763,0.00503328290938674));
#7596=CARTESIAN_POINT('',(0.0114701661766063,-0.0151471214387763,0.005));
#7597=CARTESIAN_POINT('',(0.0114694522830571,-0.0151464075452272,0.0051));
#7598=CARTESIAN_POINT('',(0.,1.16341445918999E-18,0.0051));
#7599=CARTESIAN_POINT('',(0.0151464075452272,-0.0114694522830571,0.0051));
#7600=CARTESIAN_POINT('',(0.0151471214387763,-0.0114701661766063,0.005));
#7601=CARTESIAN_POINT('',(0.0151471214387763,-0.0114701661766063,0.00503339073416608));
#7602=CARTESIAN_POINT('',(0.0151468827051114,-0.0114699274429413,0.00506672388196853));
#7603=CARTESIAN_POINT('',(0.0151464075452272,-0.0114694522830571,0.0051));
#7604=CARTESIAN_POINT('',(0.0151471214387763,-0.0114701661766063,0.005));
#7605=CARTESIAN_POINT('',(0.,1.16341445918999E-18,0.005));
#7606=CARTESIAN_POINT('',(0.0188212645696297,-0.0026,0.005));
#7607=CARTESIAN_POINT('',(0.0188202549716904,-0.0026,0.0051));
#7608=CARTESIAN_POINT('',(0.0188209291262044,-0.0026,0.00506661607951799));
#7609=CARTESIAN_POINT('',(0.0188212645696297,-0.0026,0.00503328290938674));
#7610=CARTESIAN_POINT('',(0.0188212645696297,-0.0026,0.005));
#7611=CARTESIAN_POINT('',(0.0188202549716904,-0.0026,0.0051));
#7612=CARTESIAN_POINT('',(0.,1.16341445918999E-18,0.0051));
#7613=CARTESIAN_POINT('',(0.0188202549716904,0.0026,0.0051));
#7614=CARTESIAN_POINT('',(0.0188212645696297,0.0026,0.005));
#7615=CARTESIAN_POINT('',(0.0188212645696297,0.0026,0.00503339073416608));
#7616=CARTESIAN_POINT('',(0.018820926949243,0.0026,0.00506672388196853));
#7617=CARTESIAN_POINT('',(0.0188202549716905,0.0026,0.0051));
#7618=CARTESIAN_POINT('',(0.0188212645696297,0.0026,0.005));
#7619=CARTESIAN_POINT('',(0.,1.16341445918999E-18,0.005));
#7620=CARTESIAN_POINT('',(0.0151471214387763,0.0114701661766063,0.005));
#7621=CARTESIAN_POINT('',(0.0151464075452272,0.0114694522830571,0.0051));
#7622=CARTESIAN_POINT('',(0.0151468842444556,0.0114699289822856,0.00506661607951799));
#7623=CARTESIAN_POINT('',(0.0151471214387763,0.0114701661766063,0.00503328290938674));
#7624=CARTESIAN_POINT('',(0.0151471214387763,0.0114701661766063,0.005));
#7625=CARTESIAN_POINT('',(0.0151464075452272,0.0114694522830571,0.0051));
#7626=CARTESIAN_POINT('',(0.,1.16341445918999E-18,0.0051));
#7627=CARTESIAN_POINT('',(0.0114694522830571,0.0151464075452272,0.0051));
#7628=CARTESIAN_POINT('',(0.0114701661766063,0.0151471214387763,0.005));
#7629=CARTESIAN_POINT('',(0.0114701661766063,0.0151471214387763,0.00503339073416608));
#7630=CARTESIAN_POINT('',(0.0114699274429413,0.0151468827051114,0.00506672388196852));
#7631=CARTESIAN_POINT('',(0.0114694522830571,0.0151464075452272,0.0051));
#7632=CARTESIAN_POINT('',(0.0114701661766063,0.0151471214387763,0.005));
#7633=CARTESIAN_POINT('',(0.,1.16341445918999E-18,0.005));
#7634=CARTESIAN_POINT('',(0.0026,0.0188212645696297,0.005));
#7635=CARTESIAN_POINT('',(0.0026,0.0188202549716904,0.0051));
#7636=CARTESIAN_POINT('',(0.0026,0.0188209291262044,0.00506661607951799));
#7637=CARTESIAN_POINT('',(0.0026,0.0188212645696297,0.00503328290938674));
#7638=CARTESIAN_POINT('',(0.0026,0.0188212645696297,0.005));
#7639=CARTESIAN_POINT('',(0.0026,0.0188202549716904,0.0051));
#7640=CARTESIAN_POINT('',(0.,1.16341445918999E-18,0.0051));
#7641=CARTESIAN_POINT('',(-0.0026,0.0188202549716904,0.0051));
#7642=CARTESIAN_POINT('',(-0.0026,0.0188212645696297,0.005));
#7643=CARTESIAN_POINT('',(-0.0026,0.0188212645696297,0.00503339073416608));
#7644=CARTESIAN_POINT('',(-0.0026,0.018820926949243,0.00506672388196853));
#7645=CARTESIAN_POINT('',(-0.0026,0.0188202549716905,0.0051));
#7646=CARTESIAN_POINT('',(-0.0026,0.0188212645696297,0.005));
#7647=CARTESIAN_POINT('',(0.,1.16341445918999E-18,0.005));
#7648=CARTESIAN_POINT('',(-0.0114701661766063,0.0151471214387763,0.005));
#7649=CARTESIAN_POINT('',(-0.0114694522830571,0.0151464075452272,0.0051));
#7650=CARTESIAN_POINT('',(-0.0114699289822856,0.0151468842444556,0.00506661607951799));
#7651=CARTESIAN_POINT('',(-0.0114701661766063,0.0151471214387763,0.00503328290938674));
#7652=CARTESIAN_POINT('',(-0.0114701661766063,0.0151471214387763,0.005));
#7653=CARTESIAN_POINT('',(-0.0114694522830571,0.0151464075452272,0.0051));
#7654=CARTESIAN_POINT('',(0.,1.16341445918999E-18,0.0051));
#7655=CARTESIAN_POINT('',(-0.0151464075452272,0.0114694522830571,0.0051));
#7656=CARTESIAN_POINT('',(-0.0151471214387763,0.0114701661766063,0.005));
#7657=CARTESIAN_POINT('',(-0.0151471214387763,0.0114701661766063,0.00503339073416608));
#7658=CARTESIAN_POINT('',(-0.0151468827051114,0.0114699274429413,0.00506672388196852));
#7659=CARTESIAN_POINT('',(-0.0151464075452272,0.0114694522830571,0.0051));
#7660=CARTESIAN_POINT('',(-0.0151471214387763,0.0114701661766063,0.005));
#7661=CARTESIAN_POINT('',(0.,1.16341445918999E-18,0.005));
#7662=CARTESIAN_POINT('',(-0.0188212645696297,0.0026,0.005));
#7663=CARTESIAN_POINT('',(-0.0188202549716904,0.0026,0.0051));
#7664=CARTESIAN_POINT('',(-0.0188209291262044,0.0026,0.00506661607951799));
#7665=CARTESIAN_POINT('',(-0.0188212645696297,0.0026,0.00503328290938674));
#7666=CARTESIAN_POINT('',(-0.0188212645696297,0.0026,0.005));
#7667=CARTESIAN_POINT('',(-0.0188202549716904,0.0026,0.0051));
#7668=CARTESIAN_POINT('',(0.,1.16341445918999E-18,0.0051));
#7669=CARTESIAN_POINT('',(-0.0188202549716904,-0.0026,0.0051));
#7670=CARTESIAN_POINT('',(-0.0188212645696297,-0.0026,0.005));
#7671=CARTESIAN_POINT('',(-0.0188212645696297,-0.0026,0.00503339073416608));
#7672=CARTESIAN_POINT('',(-0.018820926949243,-0.0026,0.00506672388196853));
#7673=CARTESIAN_POINT('',(-0.0188202549716905,-0.0026,0.0051));
#7674=CARTESIAN_POINT('',(0.,1.16341445918999E-18,-0.01));
#7675=CARTESIAN_POINT('',(-0.0151471214387763,-0.0114701661766063,-0.01));
#7676=CARTESIAN_POINT('',(-0.0151471214387763,-0.0114701661766063,-0.005));
#7677=CARTESIAN_POINT('',(-0.0188212645696297,-0.0026,-0.01));
#7678=CARTESIAN_POINT('',(-0.0188212645696297,-0.0026,-0.005));
#7679=CARTESIAN_POINT('',(0.,1.16341445918999E-18,-0.005));
#7680=CARTESIAN_POINT('',(0.,1.16341445918999E-18,-0.01));
#7681=CARTESIAN_POINT('',(-0.0188212645696297,0.0026,-0.01));
#7682=CARTESIAN_POINT('',(-0.0188212645696297,0.0026,-0.005));
#7683=CARTESIAN_POINT('',(-0.0151471214387763,0.0114701661766063,-0.01));
#7684=CARTESIAN_POINT('',(-0.0151471214387763,0.0114701661766063,-0.005));
#7685=CARTESIAN_POINT('',(0.,1.16341445918999E-18,-0.005));
#7686=CARTESIAN_POINT('',(0.,1.16341445918999E-18,-0.01));
#7687=CARTESIAN_POINT('',(-0.0114701661766063,0.0151471214387763,-0.01));
#7688=CARTESIAN_POINT('',(-0.0114701661766063,0.0151471214387763,-0.005));
#7689=CARTESIAN_POINT('',(-0.0026,0.0188212645696297,-0.01));
#7690=CARTESIAN_POINT('',(-0.0026,0.0188212645696297,-0.005));
#7691=CARTESIAN_POINT('',(0.,1.16341445918999E-18,-0.005));
#7692=CARTESIAN_POINT('',(0.,1.16341445918999E-18,-0.01));
#7693=CARTESIAN_POINT('',(0.0026,0.0188212645696297,-0.01));
#7694=CARTESIAN_POINT('',(0.0026,0.0188212645696297,-0.005));
#7695=CARTESIAN_POINT('',(0.0114701661766063,0.0151471214387763,-0.01));
#7696=CARTESIAN_POINT('',(0.0114701661766063,0.0151471214387763,-0.005));
#7697=CARTESIAN_POINT('',(0.,1.16341445918999E-18,-0.005));
#7698=CARTESIAN_POINT('',(0.,1.16341445918999E-18,-0.01));
#7699=CARTESIAN_POINT('',(0.0151471214387763,0.0114701661766063,-0.01));
#7700=CARTESIAN_POINT('',(0.0151471214387763,0.0114701661766063,-0.005));
#7701=CARTESIAN_POINT('',(0.0188212645696297,0.0026,-0.01));
#7702=CARTESIAN_POINT('',(0.0188212645696297,0.0026,-0.005));
#7703=CARTESIAN_POINT('',(0.,1.16341445918999E-18,-0.005));
#7704=CARTESIAN_POINT('',(0.,1.16341445918999E-18,-0.01));
#7705=CARTESIAN_POINT('',(0.0188212645696297,-0.0026,-0.01));
#7706=CARTESIAN_POINT('',(0.0188212645696297,-0.0026,-0.005));
#7707=CARTESIAN_POINT('',(0.0151471214387763,-0.0114701661766063,-0.01));
#7708=CARTESIAN_POINT('',(0.0151471214387763,-0.0114701661766063,-0.005));
#7709=CARTESIAN_POINT('',(0.,1.16341445918999E-18,-0.005));
#7710=CARTESIAN_POINT('',(0.,1.16341445918999E-18,-0.01));
#7711=CARTESIAN_POINT('',(0.0114701661766063,-0.0151471214387763,-0.01));
#7712=CARTESIAN_POINT('',(0.0114701661766063,-0.0151471214387763,-0.005));
#7713=CARTESIAN_POINT('',(0.0026,-0.0188212645696297,-0.01));
#7714=CARTESIAN_POINT('',(0.0026,-0.0188212645696297,-0.005));
#7715=CARTESIAN_POINT('',(0.,1.16341445918999E-18,-0.005));
#7716=CARTESIAN_POINT('',(0.,1.16341445918999E-18,-0.005));
#7717=CARTESIAN_POINT('',(0.,1.16341445918999E-18,-0.01));
#7718=CARTESIAN_POINT('',(0.014,1.16341445918999E-18,-0.01));
#7719=CARTESIAN_POINT('',(0.,1.16341445918999E-18,-0.005));
#7720=CARTESIAN_POINT('',(-0.0114701661766063,-0.0151471214387763,-0.005));
#7721=CARTESIAN_POINT('',(-0.0026,-0.0188212645696297,-0.005));
#7722=CARTESIAN_POINT('',(-0.0114694522830571,-0.0151464075452272,-0.0051));
#7723=CARTESIAN_POINT('',(-0.0114699289822856,-0.0151468842444556,-0.00506661607951799));
#7724=CARTESIAN_POINT('',(-0.0114701661766063,-0.0151471214387763,-0.00503328290938674));
#7725=CARTESIAN_POINT('',(-0.0114701661766063,-0.0151471214387763,-0.005));
#7726=CARTESIAN_POINT('',(-0.0114694522830571,-0.0151464075452272,-0.0051));
#7727=CARTESIAN_POINT('',(0.,1.16341445918999E-18,-0.0051));
#7728=CARTESIAN_POINT('',(-0.0151464075452272,-0.0114694522830571,-0.0051));
#7729=CARTESIAN_POINT('',(-0.0151471214387763,-0.0114701661766063,-0.005));
#7730=CARTESIAN_POINT('',(-0.0151471214387763,-0.0114701661766063,-0.00503339073416608));
#7731=CARTESIAN_POINT('',(-0.0151468827051114,-0.0114699274429413,-0.00506672388196853));
#7732=CARTESIAN_POINT('',(-0.0151464075452272,-0.0114694522830571,-0.0051));
#7733=CARTESIAN_POINT('',(-0.0188202549716904,-0.0026,-0.0051));
#7734=CARTESIAN_POINT('',(-0.0188209291262044,-0.0026,-0.00506661607951799));
#7735=CARTESIAN_POINT('',(-0.0188212645696297,-0.0026,-0.00503328290938674));
#7736=CARTESIAN_POINT('',(-0.0188212645696297,-0.0026,-0.005));
#7737=CARTESIAN_POINT('',(-0.0188202549716904,-0.0026,-0.0051));
#7738=CARTESIAN_POINT('',(0.,1.16341445918999E-18,-0.0051));
#7739=CARTESIAN_POINT('',(-0.0188202549716904,0.0026,-0.0051));
#7740=CARTESIAN_POINT('',(-0.0188212645696297,0.0026,-0.005));
#7741=CARTESIAN_POINT('',(-0.0188212645696297,0.0026,-0.00503339073416608));
#7742=CARTESIAN_POINT('',(-0.018820926949243,0.0026,-0.00506672388196853));
#7743=CARTESIAN_POINT('',(-0.0188202549716905,0.0026,-0.0051));
#7744=CARTESIAN_POINT('',(-0.0151464075452272,0.0114694522830571,-0.0051));
#7745=CARTESIAN_POINT('',(-0.0151468842444556,0.0114699289822856,-0.00506661607951799));
#7746=CARTESIAN_POINT('',(-0.0151471214387763,0.0114701661766063,-0.00503328290938674));
#7747=CARTESIAN_POINT('',(-0.0151471214387763,0.0114701661766063,-0.005));
#7748=CARTESIAN_POINT('',(-0.0151464075452272,0.0114694522830571,-0.0051));
#7749=CARTESIAN_POINT('',(0.,1.16341445918999E-18,-0.0051));
#7750=CARTESIAN_POINT('',(-0.0114694522830571,0.0151464075452272,-0.0051));
#7751=CARTESIAN_POINT('',(-0.0114701661766063,0.0151471214387763,-0.005));
#7752=CARTESIAN_POINT('',(-0.0114701661766063,0.0151471214387763,-0.00503339073416608));
#7753=CARTESIAN_POINT('',(-0.0114699274429413,0.0151468827051114,-0.00506672388196852));
#7754=CARTESIAN_POINT('',(-0.0114694522830571,0.0151464075452272,-0.0051));
#7755=CARTESIAN_POINT('',(-0.0026,0.0188202549716904,-0.0051));
#7756=CARTESIAN_POINT('',(-0.0026,0.0188209291262044,-0.00506661607951799));
#7757=CARTESIAN_POINT('',(-0.0026,0.0188212645696297,-0.00503328290938674));
#7758=CARTESIAN_POINT('',(-0.0026,0.0188212645696297,-0.005));
#7759=CARTESIAN_POINT('',(-0.0026,0.0188202549716904,-0.0051));
#7760=CARTESIAN_POINT('',(0.,1.16341445918999E-18,-0.0051));
#7761=CARTESIAN_POINT('',(0.0026,0.0188202549716904,-0.0051));
#7762=CARTESIAN_POINT('',(0.0026,0.0188212645696297,-0.005));
#7763=CARTESIAN_POINT('',(0.0026,0.0188212645696297,-0.00503339073416608));
#7764=CARTESIAN_POINT('',(0.0026,0.018820926949243,-0.00506672388196853));
#7765=CARTESIAN_POINT('',(0.0026,0.0188202549716905,-0.0051));
#7766=CARTESIAN_POINT('',(0.0114694522830571,0.0151464075452272,-0.0051));
#7767=CARTESIAN_POINT('',(0.0114699289822856,0.0151468842444556,-0.00506661607951799));
#7768=CARTESIAN_POINT('',(0.0114701661766063,0.0151471214387763,-0.00503328290938674));
#7769=CARTESIAN_POINT('',(0.0114701661766063,0.0151471214387763,-0.005));
#7770=CARTESIAN_POINT('',(0.0114694522830571,0.0151464075452272,-0.0051));
#7771=CARTESIAN_POINT('',(0.,1.16341445918999E-18,-0.0051));
#7772=CARTESIAN_POINT('',(0.0151464075452272,0.0114694522830571,-0.0051));
#7773=CARTESIAN_POINT('',(0.0151471214387763,0.0114701661766063,-0.005));
#7774=CARTESIAN_POINT('',(0.0151471214387763,0.0114701661766063,-0.00503339073416608));
#7775=CARTESIAN_POINT('',(0.0151468827051114,0.0114699274429413,-0.00506672388196852));
#7776=CARTESIAN_POINT('',(0.0151464075452272,0.0114694522830571,-0.0051));
#7777=CARTESIAN_POINT('',(0.0188202549716904,0.0026,-0.0051));
#7778=CARTESIAN_POINT('',(0.0188209291262044,0.0026,-0.00506661607951799));
#7779=CARTESIAN_POINT('',(0.0188212645696297,0.0026,-0.00503328290938674));
#7780=CARTESIAN_POINT('',(0.0188212645696297,0.0026,-0.005));
#7781=CARTESIAN_POINT('',(0.0188202549716904,0.0026,-0.0051));
#7782=CARTESIAN_POINT('',(0.,1.16341445918999E-18,-0.0051));
#7783=CARTESIAN_POINT('',(0.0188202549716904,-0.0026,-0.0051));
#7784=CARTESIAN_POINT('',(0.0188212645696297,-0.0026,-0.005));
#7785=CARTESIAN_POINT('',(0.0188212645696297,-0.0026,-0.00503339073416608));
#7786=CARTESIAN_POINT('',(0.018820926949243,-0.0026,-0.00506672388196853));
#7787=CARTESIAN_POINT('',(0.0188202549716905,-0.0026,-0.0051));
#7788=CARTESIAN_POINT('',(0.0151464075452272,-0.0114694522830571,-0.0051));
#7789=CARTESIAN_POINT('',(0.0151468842444556,-0.0114699289822856,-0.00506661607951799));
#7790=CARTESIAN_POINT('',(0.0151471214387763,-0.0114701661766063,-0.00503328290938674));
#7791=CARTESIAN_POINT('',(0.0151471214387763,-0.0114701661766063,-0.005));
#7792=CARTESIAN_POINT('',(0.0151464075452272,-0.0114694522830571,-0.0051));
#7793=CARTESIAN_POINT('',(0.,1.16341445918999E-18,-0.0051));
#7794=CARTESIAN_POINT('',(0.0114694522830571,-0.0151464075452272,-0.0051));
#7795=CARTESIAN_POINT('',(0.0114701661766063,-0.0151471214387763,-0.005));
#7796=CARTESIAN_POINT('',(0.0114701661766063,-0.0151471214387763,-0.00503339073416608));
#7797=CARTESIAN_POINT('',(0.0114699274429413,-0.0151468827051114,-0.00506672388196852));
#7798=CARTESIAN_POINT('',(0.0114694522830571,-0.0151464075452272,-0.0051));
#7799=CARTESIAN_POINT('',(0.0026,-0.0188202549716904,-0.0051));
#7800=CARTESIAN_POINT('',(0.0026,-0.0188209291262044,-0.00506661607951799));
#7801=CARTESIAN_POINT('',(0.0026,-0.0188212645696297,-0.00503328290938674));
#7802=CARTESIAN_POINT('',(0.0026,-0.0188212645696297,-0.005));
#7803=CARTESIAN_POINT('',(0.0026,-0.0188202549716904,-0.0051));
#7804=CARTESIAN_POINT('',(0.,1.16341445918999E-18,-0.0051));
#7805=CARTESIAN_POINT('',(-0.0026,-0.0188202549716904,-0.0051));
#7806=CARTESIAN_POINT('',(-0.0026,-0.0188212645696297,-0.005));
#7807=CARTESIAN_POINT('',(-0.0026,-0.0188212645696297,-0.00503339073416608));
#7808=CARTESIAN_POINT('',(-0.0026,-0.018820926949243,-0.00506672388196853));
#7809=CARTESIAN_POINT('',(-0.0026,-0.0188202549716905,-0.0051));
#7810=CARTESIAN_POINT('',(0.,1.16341445918999E-18,-0.01));
#7811=CARTESIAN_POINT('',(-0.0026,-0.0188212645696297,-0.01));
#7812=CARTESIAN_POINT('',(-0.0114701661766063,-0.0151471214387763,-0.01));
#7813=CARTESIAN_POINT('',(4.77048955893622E-18,9.54097911787244E-18,-0.01));
#7814=CARTESIAN_POINT('',(0.00174819844749218,-0.0118719754964448,-0.01));
#7815=CARTESIAN_POINT('',(0.00174819844749218,-0.0118719754964448,-0.009));
#7816=CARTESIAN_POINT('',(0.00174819844749218,-0.0118719754964448,0.009));
#7817=CARTESIAN_POINT('',(4.77048955893622E-18,9.54097911787244E-18,-0.009));
#7818=CARTESIAN_POINT('',(-0.00839249436594895,-0.00857706466791029,-0.009));
#7819=CARTESIAN_POINT('',(-0.00839249436594895,-0.00857706466791029,-0.01));
#7820=CARTESIAN_POINT('',(-0.00839249436594895,-0.00857706466791029,0.009));
#7821=CARTESIAN_POINT('',(4.77048955893622E-18,9.54097911787244E-18,0.009));
#7822=CARTESIAN_POINT('',(-0.00589408173251848,-0.00676186163721719,-0.01));
#7823=CARTESIAN_POINT('',(-0.00339566909908801,-0.00494665860652409,-0.009));
#7824=CARTESIAN_POINT('',(-0.00339566909908801,-0.00494665860652409,-0.009));
#7825=CARTESIAN_POINT('',(-0.00339566909908801,-0.00494665860652409,-0.01));
#7826=CARTESIAN_POINT('',(-0.00339566909908801,-0.00494665860652409,0.009));
#7827=CARTESIAN_POINT('',(-0.00589408173251848,-0.00676186163721719,0.009));
#7828=CARTESIAN_POINT('',(-4.4723339615027E-19,8.67361737988404E-19,-0.01));
#7829=CARTESIAN_POINT('',(-4.4723339615027E-19,8.67361737988404E-19,-0.009));
#7830=CARTESIAN_POINT('',(-0.000160418968604432,-0.00599785509615828,-0.009));
#7831=CARTESIAN_POINT('',(-0.000160418968604432,-0.00599785509615828,-0.01));
#7832=CARTESIAN_POINT('',(-0.000160418968604432,-0.00599785509615828,0.009));
#7833=CARTESIAN_POINT('',(-4.4723339615027E-19,8.67361737988404E-19,0.009));
#7834=CARTESIAN_POINT('',(-1.30104260698261E-17,-1.3010426069826E-18,-0.01));
#7835=CARTESIAN_POINT('',(-0.0107506966273752,-0.00533127771046891,-0.01));
#7836=CARTESIAN_POINT('',(-0.0107506966273752,-0.00533127771046891,-0.009));
#7837=CARTESIAN_POINT('',(-0.0107506966273752,-0.00533127771046891,0.009));
#7838=CARTESIAN_POINT('',(-1.30104260698261E-17,-1.3010426069826E-18,-0.009));
#7839=CARTESIAN_POINT('',(-0.0107506966273752,0.00533127771046891,-0.009));
#7840=CARTESIAN_POINT('',(-0.0107506966273752,0.00533127771046891,-0.01));
#7841=CARTESIAN_POINT('',(-0.0107506966273752,0.00533127771046891,0.009));
#7842=CARTESIAN_POINT('',(-1.30104260698261E-17,-1.3010426069826E-18,0.009));
#7843=CARTESIAN_POINT('',(-0.00825228399394477,0.00351607467977581,-0.01));
#7844=CARTESIAN_POINT('',(-0.0057538713605143,0.0017008716490827,-0.009));
#7845=CARTESIAN_POINT('',(-0.0057538713605143,0.0017008716490827,-0.009));
#7846=CARTESIAN_POINT('',(-0.0057538713605143,0.0017008716490827,-0.01));
#7847=CARTESIAN_POINT('',(-0.0057538713605143,0.0017008716490827,0.009));
#7848=CARTESIAN_POINT('',(-0.00825228399394477,0.00351607467977581,0.009));
#7849=CARTESIAN_POINT('',(-1.25767452008318E-17,-1.0842021724855E-19,-0.01));
#7850=CARTESIAN_POINT('',(-1.25767452008318E-17,-1.0842021724855E-19,-0.009));
#7851=CARTESIAN_POINT('',(-0.0057538713605143,-0.0017008716490827,-0.009));
#7852=CARTESIAN_POINT('',(-0.0057538713605143,-0.0017008716490827,-0.01));
#7853=CARTESIAN_POINT('',(-0.0057538713605143,-0.0017008716490827,0.009));
#7854=CARTESIAN_POINT('',(-1.25767452008318E-17,-1.0842021724855E-19,0.009));
#7855=CARTESIAN_POINT('',(-5.74627151417317E-18,6.93889390390723E-18,-0.01));
#7856=CARTESIAN_POINT('',(-0.00839249436594894,0.0085770646679103,-0.01));
#7857=CARTESIAN_POINT('',(-0.00839249436594894,0.0085770646679103,-0.009));
#7858=CARTESIAN_POINT('',(-0.00839249436594894,0.0085770646679103,0.009));
#7859=CARTESIAN_POINT('',(-5.74627151417317E-18,6.93889390390723E-18,-0.009));
#7860=CARTESIAN_POINT('',(0.00174819844749219,0.0118719754964448,-0.009));
#7861=CARTESIAN_POINT('',(0.00174819844749219,0.0118719754964448,-0.01));
#7862=CARTESIAN_POINT('',(0.00174819844749219,0.0118719754964448,0.009));
#7863=CARTESIAN_POINT('',(-5.74627151417317E-18,6.93889390390723E-18,0.009));
#7864=CARTESIAN_POINT('',(0.000793889739443879,0.00893491529630154,-0.01));
#7865=CARTESIAN_POINT('',(-0.000160418968604428,0.00599785509615828,-0.009));
#7866=CARTESIAN_POINT('',(-0.000160418968604429,0.00599785509615828,-0.009));
#7867=CARTESIAN_POINT('',(-0.000160418968604429,0.00599785509615828,-0.01));
#7868=CARTESIAN_POINT('',(-0.000160418968604429,0.00599785509615828,0.009));
#7869=CARTESIAN_POINT('',(0.000793889739443879,0.00893491529630154,0.009));
#7870=CARTESIAN_POINT('',(-2.22261445359529E-18,4.77048955893622E-18,-0.01));
#7871=CARTESIAN_POINT('',(-2.22261445359529E-18,4.77048955893622E-18,-0.009));
#7872=CARTESIAN_POINT('',(-0.00339566909908801,0.00494665860652409,-0.009));
#7873=CARTESIAN_POINT('',(-0.00339566909908801,0.00494665860652409,-0.01));
#7874=CARTESIAN_POINT('',(-0.00339566909908801,0.00494665860652409,0.009));
#7875=CARTESIAN_POINT('',(-2.22261445359529E-18,4.77048955893622E-18,0.009));
#7876=CARTESIAN_POINT('',(-7.80625564189563E-18,-3.25260651745651E-18,-0.01));
#7877=CARTESIAN_POINT('',(0.0055638498588268,0.0106321951989433,-0.01));
#7878=CARTESIAN_POINT('',(0.0055638498588268,0.0106321951989433,-0.009));
#7879=CARTESIAN_POINT('',(0.0055638498588268,0.0106321951989433,0.009));
#7880=CARTESIAN_POINT('',(-7.80625564189563E-18,-3.25260651745651E-18,-0.009));
#7881=CARTESIAN_POINT('',(0.0118311426870052,0.00200600665993989,-0.009));
#7882=CARTESIAN_POINT('',(0.0118311426870052,0.00200600665993989,-0.01));
#7883=CARTESIAN_POINT('',(0.0118311426870052,0.00200600665993989,0.009));
#7884=CARTESIAN_POINT('',(-7.80625564189563E-18,-3.25260651745651E-18,0.009));
#7885=CARTESIAN_POINT('',(0.00874293483624089,0.00200600665993988,-0.01));
#7886=CARTESIAN_POINT('',(0.00565472698547656,0.00200600665993988,-0.009));
#7887=CARTESIAN_POINT('',(0.00565472698547656,0.00200600665993988,-0.009));
#7888=CARTESIAN_POINT('',(0.00565472698547656,0.00200600665993988,-0.01));
#7889=CARTESIAN_POINT('',(0.00565472698547656,0.00200600665993988,0.009));
#7890=CARTESIAN_POINT('',(0.00874293483624089,0.00200600665993988,0.009));
#7891=CARTESIAN_POINT('',(1.32272665043232E-17,7.37257477290143E-18,-0.01));
#7892=CARTESIAN_POINT('',(1.32272665043232E-17,7.37257477290143E-18,-0.009));
#7893=CARTESIAN_POINT('',(0.00365523244273018,0.00475807479865678,-0.009));
#7894=CARTESIAN_POINT('',(0.00365523244273018,0.00475807479865678,-0.01));
#7895=CARTESIAN_POINT('',(0.00365523244273018,0.00475807479865678,0.009));
#7896=CARTESIAN_POINT('',(1.32272665043232E-17,7.37257477290143E-18,0.009));
#7897=CARTESIAN_POINT('',(-1.77809156287623E-17,6.72205346941013E-18,-0.01));
#7898=CARTESIAN_POINT('',(0.0118311426870052,-0.00200600665993988,-0.01));
#7899=CARTESIAN_POINT('',(0.0118311426870052,-0.00200600665993988,-0.009));
#7900=CARTESIAN_POINT('',(0.0118311426870052,-0.00200600665993988,0.009));
#7901=CARTESIAN_POINT('',(-1.77809156287623E-17,6.72205346941013E-18,-0.009));
#7902=CARTESIAN_POINT('',(0.00556384985882679,-0.0106321951989433,-0.009));
#7903=CARTESIAN_POINT('',(0.00556384985882679,-0.0106321951989433,-0.01));
#7904=CARTESIAN_POINT('',(0.00556384985882679,-0.0106321951989433,0.009));
#7905=CARTESIAN_POINT('',(-1.77809156287623E-17,6.72205346941013E-18,0.009));
#7906=CARTESIAN_POINT('',(0.00460954115077848,-0.00769513499880005,-0.01));
#7907=CARTESIAN_POINT('',(0.00365523244273018,-0.00475807479865678,-0.009));
#7908=CARTESIAN_POINT('',(0.00365523244273018,-0.00475807479865678,-0.009));
#7909=CARTESIAN_POINT('',(0.00365523244273018,-0.00475807479865678,-0.01));
#7910=CARTESIAN_POINT('',(0.00365523244273018,-0.00475807479865678,0.009));
#7911=CARTESIAN_POINT('',(0.00460954115077848,-0.00769513499880005,0.009));
#7912=CARTESIAN_POINT('',(-2.16840434497101E-18,4.33680868994202E-19,-0.01));
#7913=CARTESIAN_POINT('',(-2.16840434497101E-18,4.33680868994202E-19,-0.009));
#7914=CARTESIAN_POINT('',(0.00565472698547656,-0.00200600665993988,-0.009));
#7915=CARTESIAN_POINT('',(0.00565472698547656,-0.00200600665993988,-0.01));
#7916=CARTESIAN_POINT('',(0.00565472698547656,-0.00200600665993988,0.009));
#7917=CARTESIAN_POINT('',(-2.16840434497101E-18,4.33680868994202E-19,0.009));
#7918=CARTESIAN_POINT('',(0.000793889739443875,-0.00893491529630155,-0.01));
#7919=CARTESIAN_POINT('',(0.000793889739443875,-0.00893491529630155,-0.009));
#7920=CARTESIAN_POINT('',(-0.000160418968604432,-0.00599785509615828,0.009));
#7921=CARTESIAN_POINT('',(-0.00825228399394477,-0.00351607467977581,-0.01));
#7922=CARTESIAN_POINT('',(-0.00825228399394477,-0.00351607467977581,-0.009));
#7923=CARTESIAN_POINT('',(-0.0057538713605143,-0.0017008716490827,0.009));
#7924=CARTESIAN_POINT('',(-0.00589408173251847,0.0067618616372172,-0.01));
#7925=CARTESIAN_POINT('',(-0.00589408173251847,0.0067618616372172,-0.009));
#7926=CARTESIAN_POINT('',(-0.00339566909908801,0.00494665860652409,0.009));
#7927=CARTESIAN_POINT('',(0.00460954115077849,0.00769513499880004,-0.01));
#7928=CARTESIAN_POINT('',(0.00460954115077849,0.00769513499880004,-0.009));
#7929=CARTESIAN_POINT('',(0.00365523244273018,0.00475807479865678,0.009));
#7930=CARTESIAN_POINT('',(0.00874293483624089,-0.00200600665993988,-0.01));
#7931=CARTESIAN_POINT('',(0.00874293483624089,-0.00200600665993988,-0.009));
#7932=CARTESIAN_POINT('',(0.00565472698547656,-0.00200600665993988,0.009));
#7933=CARTESIAN_POINT('',(0.,1.59204083889156E-19,-0.01));
#7934=CARTESIAN_POINT('',(0.,1.59204083889156E-19,-0.009));
#7935=CARTESIAN_POINT('',(0.0026,1.59204083889156E-19,-0.009));
#7936=CARTESIAN_POINT('',(0.,1.59204083889156E-19,0.009));
#7937=CARTESIAN_POINT('',(0.0026,1.59204083889156E-19,0.009));
#7938=CARTESIAN_POINT('',(0.,0.,-0.01));
#7939=CARTESIAN_POINT('',(0.00461279334253164,-0.0109412121933183,-0.01));
#7940=CARTESIAN_POINT('',(0.00247025703279924,-0.00434716346505464,-0.01));
#7941=CARTESIAN_POINT('',(0.00496194357473983,-0.0120157861149863,-0.01));
#7942=CARTESIAN_POINT('',(-1.77809156287623E-17,6.72205346941013E-18,-0.01));
#7943=CARTESIAN_POINT('',(0.0129610165727907,-0.00100600665993989,-0.01));
#7944=CARTESIAN_POINT('',(-1.4127476633048E-19,-0.00100600665993988,-0.01));
#7945=CARTESIAN_POINT('',(0.00489774954444963,-0.00100600665993989,-0.01));
#7946=CARTESIAN_POINT('',(-2.16840434497101E-18,4.33680868994202E-19,-0.01));
#7947=CARTESIAN_POINT('',(-0.00898027961824142,-0.00776804767353535,-0.01));
#7948=CARTESIAN_POINT('',(-0.00337104673723124,-0.00369270143599542,-0.01));
#7949=CARTESIAN_POINT('',(-0.00989436679334239,-0.00843217088055048,-0.01));
#7950=CARTESIAN_POINT('',(4.77048955893622E-18,9.54097911787244E-18,-0.01));
#7951=CARTESIAN_POINT('',(0.00304840519599553,-0.0126375324237379,-0.01));
#7952=CARTESIAN_POINT('',(-0.00095676918937215,-0.000310873154375803,-0.01));
#7953=CARTESIAN_POINT('',(0.000556718654054943,-0.00496890977380625,-0.01));
#7954=CARTESIAN_POINT('',(-4.4723339615027E-19,8.67361737988404E-19,-0.01));
#7955=CARTESIAN_POINT('',(-0.0101629113750828,0.00614029470484386,-0.01));
#7956=CARTESIAN_POINT('',(-0.00455367849407258,0.00206494846730393,-0.01));
#7957=CARTESIAN_POINT('',(-0.0110769985501837,0.006804417911859,-0.01));
#7958=CARTESIAN_POINT('',(-1.30104260698261E-17,-1.3010426069826E-18,-0.01));
#7959=CARTESIAN_POINT('',(-0.0110769985501837,-0.00680441791185899,-0.01));
#7960=CARTESIAN_POINT('',(-0.000591315878420674,0.000813876484345747,-0.01));
#7961=CARTESIAN_POINT('',(-0.00455367849407258,-0.00206494846730392,-0.01));
#7962=CARTESIAN_POINT('',(-1.25767452008318E-17,-1.0842021724855E-19,-0.01));
#7963=CARTESIAN_POINT('',(0.00269925496378734,0.0115629585020699,-0.01));
#7964=CARTESIAN_POINT('',(0.000556718654054945,0.00496890977380625,-0.01));
#7965=CARTESIAN_POINT('',(0.00304840519599553,0.0126375324237379,-0.01));
#7966=CARTESIAN_POINT('',(-5.74627151417317E-18,6.93889390390723E-18,-0.01));
#7967=CARTESIAN_POINT('',(-0.00989436679334238,0.00843217088055049,-0.01));
#7968=CARTESIAN_POINT('',(0.000591315878420674,0.000813876484345746,-0.01));
#7969=CARTESIAN_POINT('',(-0.00337104673723124,0.00369270143599542,-0.01));
#7970=CARTESIAN_POINT('',(-2.22261445359529E-18,4.77048955893622E-18,-0.01));
#7971=CARTESIAN_POINT('',(0.0118311426870052,0.00100600665993988,-0.01));
#7972=CARTESIAN_POINT('',(0.00489774954444964,0.00100600665993988,-0.01));
#7973=CARTESIAN_POINT('',(0.0129610165727908,0.00100600665993988,-0.01));
#7974=CARTESIAN_POINT('',(-7.80625564189563E-18,-3.25260651745651E-18,-0.01));
#7975=CARTESIAN_POINT('',(0.00496194357473983,0.0120157861149863,-0.01));
#7976=CARTESIAN_POINT('',(0.000956769189372151,-0.000310873154375804,-0.01));
#7977=CARTESIAN_POINT('',(0.00247025703279925,0.00434716346505464,-0.01));
#7978=CARTESIAN_POINT('',(1.32272665043232E-17,7.37257477290143E-18,-0.01));
#7979=CARTESIAN_POINT('',(0.,1.59204083889156E-19,-0.01));
#7980=CARTESIAN_POINT('',(0.0036,1.59204083889156E-19,-0.01));
#7981=CARTESIAN_POINT('',(0.,0.,0.01));
#7982=CARTESIAN_POINT('',(0.0118311426870052,-0.00100600665993989,0.01));
#7983=CARTESIAN_POINT('',(0.00489774954444963,-0.00100600665993989,0.01));
#7984=CARTESIAN_POINT('',(0.0129610165727907,-0.00100600665993989,0.01));
#7985=CARTESIAN_POINT('',(-1.77809156287623E-17,6.72205346941013E-18,0.01));
#7986=CARTESIAN_POINT('',(0.00496194357473983,-0.0120157861149863,0.01));
#7987=CARTESIAN_POINT('',(0.000956769189372151,0.000310873154375803,0.01));
#7988=CARTESIAN_POINT('',(0.00247025703279925,-0.00434716346505464,0.01));
#7989=CARTESIAN_POINT('',(-2.16840434497101E-18,4.33680868994202E-19,0.01));
#7990=CARTESIAN_POINT('',(0.00269925496378733,-0.0115629585020699,0.01));
#7991=CARTESIAN_POINT('',(0.000556718654054942,-0.00496890977380625,0.01));
#7992=CARTESIAN_POINT('',(0.00304840519599553,-0.0126375324237379,0.01));
#7993=CARTESIAN_POINT('',(4.77048955893622E-18,9.54097911787244E-18,0.01));
#7994=CARTESIAN_POINT('',(-0.00989436679334239,-0.00843217088055048,0.01));
#7995=CARTESIAN_POINT('',(0.000591315878420674,-0.000813876484345747,0.01));
#7996=CARTESIAN_POINT('',(-0.00337104673723124,-0.00369270143599542,0.01));
#7997=CARTESIAN_POINT('',(-4.4723339615027E-19,8.67361737988404E-19,0.01));
#7998=CARTESIAN_POINT('',(-0.0101629113750828,-0.00614029470484386,0.01));
#7999=CARTESIAN_POINT('',(-0.00455367849407258,-0.00206494846730392,0.01));
#8000=CARTESIAN_POINT('',(-0.0110769985501837,-0.00680441791185899,0.01));
#8001=CARTESIAN_POINT('',(-1.30104260698261E-17,-1.3010426069826E-18,0.01));
#8002=CARTESIAN_POINT('',(-0.0110769985501837,0.006804417911859,0.01));
#8003=CARTESIAN_POINT('',(-0.000591315878420674,-0.000813876484345746,0.01));
#8004=CARTESIAN_POINT('',(-0.00455367849407258,0.00206494846730393,0.01));
#8005=CARTESIAN_POINT('',(-1.25767452008318E-17,-1.0842021724855E-19,0.01));
#8006=CARTESIAN_POINT('',(-0.00898027961824142,0.00776804767353535,0.01));
#8007=CARTESIAN_POINT('',(-0.00337104673723124,0.00369270143599542,0.01));
#8008=CARTESIAN_POINT('',(-0.00989436679334238,0.00843217088055049,0.01));
#8009=CARTESIAN_POINT('',(-5.74627151417317E-18,6.93889390390723E-18,0.01));
#8010=CARTESIAN_POINT('',(0.00304840519599553,0.0126375324237379,0.01));
#8011=CARTESIAN_POINT('',(-0.000956769189372149,0.000310873154375803,0.01));
#8012=CARTESIAN_POINT('',(0.000556718654054945,0.00496890977380625,0.01));
#8013=CARTESIAN_POINT('',(-2.22261445359529E-18,4.77048955893622E-18,0.01));
#8014=CARTESIAN_POINT('',(0.00461279334253164,0.0109412121933182,0.01));
#8015=CARTESIAN_POINT('',(0.00247025703279925,0.00434716346505464,0.01));
#8016=CARTESIAN_POINT('',(0.00496194357473983,0.0120157861149863,0.01));
#8017=CARTESIAN_POINT('',(-7.80625564189563E-18,-3.25260651745651E-18,0.01));
#8018=CARTESIAN_POINT('',(0.0129610165727908,0.00100600665993988,0.01));
#8019=CARTESIAN_POINT('',(1.4127476633048E-19,0.00100600665993988,0.01));
#8020=CARTESIAN_POINT('',(0.00489774954444964,0.00100600665993988,0.01));
#8021=CARTESIAN_POINT('',(1.32272665043232E-17,7.37257477290143E-18,0.01));
#8022=CARTESIAN_POINT('',(0.,1.59204083889156E-19,0.01));
#8023=CARTESIAN_POINT('',(0.0036,1.59204083889156E-19,0.01));
#8024=CARTESIAN_POINT('',(-0.011879393923934,-0.011879393923934,0.0051));
#8025=CARTESIAN_POINT('',(-0.010040916292849,-0.013717871555019,0.0051));
#8026=CARTESIAN_POINT('',(-0.010040916292849,-0.013717871555019,0.0051));
#8027=CARTESIAN_POINT('',(-0.013717871555019,-0.010040916292849,0.0051));
#8028=CARTESIAN_POINT('',(-0.013717871555019,-0.010040916292849,0.0051));
#8029=CARTESIAN_POINT('',(-0.011879393923934,-0.011879393923934,0.0051));
#8030=CARTESIAN_POINT('',(-0.013717871555019,-0.010040916292849,0.));
#8031=CARTESIAN_POINT('',(-0.013717871555019,-0.010040916292849,-0.0051));
#8032=CARTESIAN_POINT('',(-0.013717871555019,-0.010040916292849,-0.0051));
#8033=CARTESIAN_POINT('',(-0.013717871555019,-0.010040916292849,0.));
#8034=CARTESIAN_POINT('',(-0.011879393923934,-0.011879393923934,-0.0051));
#8035=CARTESIAN_POINT('',(-0.010040916292849,-0.013717871555019,-0.0051));
#8036=CARTESIAN_POINT('',(-0.010040916292849,-0.013717871555019,-0.0051));
#8037=CARTESIAN_POINT('',(-0.011879393923934,-0.011879393923934,-0.0051));
#8038=CARTESIAN_POINT('',(-0.010040916292849,-0.013717871555019,-8.67361737988404E-19));
#8039=CARTESIAN_POINT('',(-0.010040916292849,-0.013717871555019,-8.67361737988404E-19));
#8040=CARTESIAN_POINT('',(-0.011879393923934,-0.011879393923934,0.));
#8041=CARTESIAN_POINT('',(-0.0168,-1.3010426069826E-18,0.0051));
#8042=CARTESIAN_POINT('',(-0.0168,-0.0026,0.0051));
#8043=CARTESIAN_POINT('',(-0.0168,-0.0026,0.0051));
#8044=CARTESIAN_POINT('',(-0.0168,0.0026,0.0051));
#8045=CARTESIAN_POINT('',(-0.0168,0.0026,0.0051));
#8046=CARTESIAN_POINT('',(-0.0168,-1.3010426069826E-18,0.0051));
#8047=CARTESIAN_POINT('',(-0.0168,0.0026,0.));
#8048=CARTESIAN_POINT('',(-0.0168,0.0026,-0.0051));
#8049=CARTESIAN_POINT('',(-0.0168,0.0026,-0.0051));
#8050=CARTESIAN_POINT('',(-0.0168,0.0026,0.));
#8051=CARTESIAN_POINT('',(-0.0168,8.67361737988404E-19,-0.0051));
#8052=CARTESIAN_POINT('',(-0.0168,-0.0026,-0.0051));
#8053=CARTESIAN_POINT('',(-0.0168,-0.0026,-0.0051));
#8054=CARTESIAN_POINT('',(-0.0168,8.67361737988404E-19,-0.0051));
#8055=CARTESIAN_POINT('',(-0.0168,-0.0026,-8.67361737988404E-19));
#8056=CARTESIAN_POINT('',(-0.0168,-0.0026,-8.67361737988404E-19));
#8057=CARTESIAN_POINT('',(-0.0168,0.,0.));
#8058=CARTESIAN_POINT('',(-0.011879393923934,0.011879393923934,0.0051));
#8059=CARTESIAN_POINT('',(-0.013717871555019,0.010040916292849,0.0051));
#8060=CARTESIAN_POINT('',(-0.013717871555019,0.010040916292849,0.0051));
#8061=CARTESIAN_POINT('',(-0.010040916292849,0.013717871555019,0.0051));
#8062=CARTESIAN_POINT('',(-0.010040916292849,0.013717871555019,0.0051));
#8063=CARTESIAN_POINT('',(-0.011879393923934,0.011879393923934,0.0051));
#8064=CARTESIAN_POINT('',(-0.010040916292849,0.013717871555019,0.));
#8065=CARTESIAN_POINT('',(-0.010040916292849,0.013717871555019,-0.0051));
#8066=CARTESIAN_POINT('',(-0.010040916292849,0.013717871555019,-0.0051));
#8067=CARTESIAN_POINT('',(-0.010040916292849,0.013717871555019,0.));
#8068=CARTESIAN_POINT('',(-0.011879393923934,0.011879393923934,-0.0051));
#8069=CARTESIAN_POINT('',(-0.013717871555019,0.010040916292849,-0.0051));
#8070=CARTESIAN_POINT('',(-0.013717871555019,0.010040916292849,-0.0051));
#8071=CARTESIAN_POINT('',(-0.011879393923934,0.011879393923934,-0.0051));
#8072=CARTESIAN_POINT('',(-0.013717871555019,0.010040916292849,-8.67361737988404E-19));
#8073=CARTESIAN_POINT('',(-0.013717871555019,0.010040916292849,-8.67361737988404E-19));
#8074=CARTESIAN_POINT('',(-0.011879393923934,0.011879393923934,0.));
#8075=CARTESIAN_POINT('',(-5.03139196972313E-18,0.0168,0.0051));
#8076=CARTESIAN_POINT('',(-0.0026,0.0168,0.0051));
#8077=CARTESIAN_POINT('',(-0.0026,0.0168,0.0051));
#8078=CARTESIAN_POINT('',(0.0026,0.0168,0.0051));
#8079=CARTESIAN_POINT('',(0.0026,0.0168,0.0051));
#8080=CARTESIAN_POINT('',(-5.03139196972313E-18,0.0168,0.0051));
#8081=CARTESIAN_POINT('',(0.0026,0.0168,0.));
#8082=CARTESIAN_POINT('',(0.0026,0.0168,-0.0051));
#8083=CARTESIAN_POINT('',(0.0026,0.0168,-0.0051));
#8084=CARTESIAN_POINT('',(0.0026,0.0168,0.));
#8085=CARTESIAN_POINT('',(-2.86298762475212E-18,0.0168,-0.0051));
#8086=CARTESIAN_POINT('',(-0.0026,0.0168,-0.0051));
#8087=CARTESIAN_POINT('',(-0.0026,0.0168,-0.0051));
#8088=CARTESIAN_POINT('',(-2.86298762475212E-18,0.0168,-0.0051));
#8089=CARTESIAN_POINT('',(-0.0026,0.0168,-8.67361737988404E-19));
#8090=CARTESIAN_POINT('',(-0.0026,0.0168,-8.67361737988404E-19));
#8091=CARTESIAN_POINT('',(-3.73034936274052E-18,0.0168,0.));
#8092=CARTESIAN_POINT('',(0.011879393923934,0.011879393923934,0.0051));
#8093=CARTESIAN_POINT('',(0.010040916292849,0.013717871555019,0.0051));
#8094=CARTESIAN_POINT('',(0.010040916292849,0.013717871555019,0.0051));
#8095=CARTESIAN_POINT('',(0.013717871555019,0.010040916292849,0.0051));
#8096=CARTESIAN_POINT('',(0.013717871555019,0.010040916292849,0.0051));
#8097=CARTESIAN_POINT('',(0.011879393923934,0.011879393923934,0.0051));
#8098=CARTESIAN_POINT('',(0.013717871555019,0.010040916292849,0.));
#8099=CARTESIAN_POINT('',(0.013717871555019,0.010040916292849,-0.0051));
#8100=CARTESIAN_POINT('',(0.013717871555019,0.010040916292849,-0.0051));
#8101=CARTESIAN_POINT('',(0.013717871555019,0.010040916292849,0.));
#8102=CARTESIAN_POINT('',(0.011879393923934,0.011879393923934,-0.0051));
#8103=CARTESIAN_POINT('',(0.010040916292849,0.013717871555019,-0.0051));
#8104=CARTESIAN_POINT('',(0.010040916292849,0.013717871555019,-0.0051));
#8105=CARTESIAN_POINT('',(0.011879393923934,0.011879393923934,-0.0051));
#8106=CARTESIAN_POINT('',(0.010040916292849,0.013717871555019,-8.67361737988404E-19));
#8107=CARTESIAN_POINT('',(0.010040916292849,0.013717871555019,-8.67361737988404E-19));
#8108=CARTESIAN_POINT('',(0.011879393923934,0.011879393923934,0.));
#8109=CARTESIAN_POINT('',(0.0168,5.03139196972313E-18,0.0051));
#8110=CARTESIAN_POINT('',(0.0168,0.0026,0.0051));
#8111=CARTESIAN_POINT('',(0.0168,0.0026,0.0051));
#8112=CARTESIAN_POINT('',(0.0168,-0.0026,0.0051));
#8113=CARTESIAN_POINT('',(0.0168,-0.0026,0.0051));
#8114=CARTESIAN_POINT('',(0.0168,5.03139196972313E-18,0.0051));
#8115=CARTESIAN_POINT('',(0.0168,-0.0026,0.));
#8116=CARTESIAN_POINT('',(0.0168,-0.0026,-0.0051));
#8117=CARTESIAN_POINT('',(0.0168,-0.0026,-0.0051));
#8118=CARTESIAN_POINT('',(0.0168,-0.0026,0.));
#8119=CARTESIAN_POINT('',(0.0168,2.86298762475212E-18,-0.0051));
#8120=CARTESIAN_POINT('',(0.0168,0.0026,-0.0051));
#8121=CARTESIAN_POINT('',(0.0168,0.0026,-0.0051));
#8122=CARTESIAN_POINT('',(0.0168,2.86298762475212E-18,-0.0051));
#8123=CARTESIAN_POINT('',(0.0168,0.0026,-8.67361737988404E-19));
#8124=CARTESIAN_POINT('',(0.0168,0.0026,-8.67361737988404E-19));
#8125=CARTESIAN_POINT('',(0.0168,3.73034936274052E-18,0.));
#8126=CARTESIAN_POINT('',(0.011879393923934,-0.011879393923934,0.0051));
#8127=CARTESIAN_POINT('',(0.013717871555019,-0.010040916292849,0.0051));
#8128=CARTESIAN_POINT('',(0.013717871555019,-0.010040916292849,0.0051));
#8129=CARTESIAN_POINT('',(0.010040916292849,-0.013717871555019,0.0051));
#8130=CARTESIAN_POINT('',(0.010040916292849,-0.013717871555019,0.0051));
#8131=CARTESIAN_POINT('',(0.011879393923934,-0.011879393923934,0.0051));
#8132=CARTESIAN_POINT('',(0.010040916292849,-0.013717871555019,0.));
#8133=CARTESIAN_POINT('',(0.010040916292849,-0.013717871555019,-0.0051));
#8134=CARTESIAN_POINT('',(0.010040916292849,-0.013717871555019,-0.0051));
#8135=CARTESIAN_POINT('',(0.010040916292849,-0.013717871555019,0.));
#8136=CARTESIAN_POINT('',(0.011879393923934,-0.011879393923934,-0.0051));
#8137=CARTESIAN_POINT('',(0.013717871555019,-0.010040916292849,-0.0051));
#8138=CARTESIAN_POINT('',(0.013717871555019,-0.010040916292849,-0.0051));
#8139=CARTESIAN_POINT('',(0.011879393923934,-0.011879393923934,-0.0051));
#8140=CARTESIAN_POINT('',(0.013717871555019,-0.010040916292849,-8.67361737988404E-19));
#8141=CARTESIAN_POINT('',(0.013717871555019,-0.010040916292849,-8.67361737988404E-19));
#8142=CARTESIAN_POINT('',(0.011879393923934,-0.011879393923934,0.));
#8143=CARTESIAN_POINT('',(1.3010426069826E-18,-0.0168,0.0051));
#8144=CARTESIAN_POINT('',(0.0026,-0.0168,0.0051));
#8145=CARTESIAN_POINT('',(0.0026,-0.0168,0.0051));
#8146=CARTESIAN_POINT('',(-0.0026,-0.0168,0.0051));
#8147=CARTESIAN_POINT('',(-0.0026,-0.0168,0.0051));
#8148=CARTESIAN_POINT('',(1.3010426069826E-18,-0.0168,0.0051));
#8149=CARTESIAN_POINT('',(-0.0026,-0.0168,0.));
#8150=CARTESIAN_POINT('',(-0.0026,-0.0168,-0.0051));
#8151=CARTESIAN_POINT('',(-0.0026,-0.0168,-0.0051));
#8152=CARTESIAN_POINT('',(-0.0026,-0.0168,0.));
#8153=CARTESIAN_POINT('',(-8.67361737988404E-19,-0.0168,-0.0051));
#8154=CARTESIAN_POINT('',(0.0026,-0.0168,-0.0051));
#8155=CARTESIAN_POINT('',(0.0026,-0.0168,-0.0051));
#8156=CARTESIAN_POINT('',(-8.67361737988404E-19,-0.0168,-0.0051));
#8157=CARTESIAN_POINT('',(0.0026,-0.0168,-8.67361737988404E-19));
#8158=CARTESIAN_POINT('',(0.0026,-0.0168,-8.67361737988404E-19));
#8159=CARTESIAN_POINT('',(0.,-0.0168,0.));
#8160=CARTESIAN_POINT('',(-2.16840434497101E-18,4.33680868994202E-19,-0.009));
#8161=CARTESIAN_POINT('',(0.00489774954444963,-0.00100600665993989,-0.01));
#8162=CARTESIAN_POINT('',(0.00516497566281159,-0.00133370039601723,-0.00967230626392265));
#8163=CARTESIAN_POINT('',(0.00541572757867684,-0.00166762943191904,-0.00933837722802084));
#8164=CARTESIAN_POINT('',(0.00565472698547656,-0.00200600665993988,-0.009));
#8165=CARTESIAN_POINT('',(0.00247025703279924,-0.00434716346505464,-0.01));
#8166=CARTESIAN_POINT('',(0.0028644897077594,-0.00450004767284893,-0.00967230626392265));
#8167=CARTESIAN_POINT('',(0.00325956169670842,-0.00463533716939716,-0.00933837722802084));
#8168=CARTESIAN_POINT('',(0.00365523244273018,-0.00475807479865678,-0.009));
#8169=CARTESIAN_POINT('',(0.00460954115077848,-0.00769513499880005,-0.009));
#8170=CARTESIAN_POINT('',(0.00556384985882679,-0.0106321951989433,-0.009));
#8171=CARTESIAN_POINT('',(0.00537233469767579,-0.0111017599891061,-0.0093272452421024));
#8172=CARTESIAN_POINT('',(0.00517120559403083,-0.0115625040151887,-0.00966090812085679));
#8173=CARTESIAN_POINT('',(0.00496194357473983,-0.0120157861149863,-0.01));
#8174=CARTESIAN_POINT('',(-1.4127476633048E-19,-0.00100600665993988,-0.01));
#8175=CARTESIAN_POINT('',(0.0129610165727907,-0.00100600665993989,-0.01));
#8176=CARTESIAN_POINT('',(0.0125945851982964,-0.00134509853908309,-0.0096609081208568));
#8177=CARTESIAN_POINT('',(0.0122185439010362,-0.00167876141783751,-0.0093272452421024));
#8178=CARTESIAN_POINT('',(0.0118311426870052,-0.0020060066599399,-0.009));
#8179=CARTESIAN_POINT('',(-1.77809156287623E-17,6.72205346941013E-18,-0.01));
#8180=CARTESIAN_POINT('',(-2.16840434497101E-18,4.33680868994202E-19,0.01));
#8181=CARTESIAN_POINT('',(0.00565472698547656,-0.00200600665993988,0.009));
#8182=CARTESIAN_POINT('',(0.00541572757867684,-0.00166762943191904,0.00933837722802084));
#8183=CARTESIAN_POINT('',(0.00516497566281159,-0.00133370039601723,0.00967230626392265));
#8184=CARTESIAN_POINT('',(0.00489774954444963,-0.00100600665993989,0.01));
#8185=CARTESIAN_POINT('',(0.00365523244273018,-0.00475807479865678,0.009));
#8186=CARTESIAN_POINT('',(0.00325956169670842,-0.00463533716939716,0.00933837722802084));
#8187=CARTESIAN_POINT('',(0.00286448970775941,-0.00450004767284893,0.00967230626392265));
#8188=CARTESIAN_POINT('',(0.00247025703279925,-0.00434716346505465,0.01));
#8189=CARTESIAN_POINT('',(0.000956769189372151,0.000310873154375803,0.01));
#8190=CARTESIAN_POINT('',(0.00496194357473983,-0.0120157861149863,0.01));
#8191=CARTESIAN_POINT('',(0.00517120559403083,-0.0115625040151887,0.00966090812085679));
#8192=CARTESIAN_POINT('',(0.00537233469767582,-0.0111017599891062,0.0093272452421024));
#8193=CARTESIAN_POINT('',(0.00556384985882682,-0.0106321951989433,0.009));
#8194=CARTESIAN_POINT('',(0.00874293483624089,-0.00200600665993988,0.009));
#8195=CARTESIAN_POINT('',(0.0118311426870052,-0.00200600665993988,0.009));
#8196=CARTESIAN_POINT('',(0.0122185439010362,-0.00167876141783748,0.0093272452421024));
#8197=CARTESIAN_POINT('',(0.0125945851982964,-0.00134509853908309,0.00966090812085679));
#8198=CARTESIAN_POINT('',(0.0129610165727907,-0.00100600665993989,0.01));
#8199=CARTESIAN_POINT('',(-1.77809156287623E-17,6.72205346941013E-18,0.009));
#8200=CARTESIAN_POINT('',(-4.4723339615027E-19,8.67361737988404E-19,-0.009));
#8201=CARTESIAN_POINT('',(0.000556718654054943,-0.00496890977380625,-0.01));
#8202=CARTESIAN_POINT('',(0.000327640802924175,-0.00532431984839677,-0.00967230626392265));
#8203=CARTESIAN_POINT('',(8.75420207240376E-5,-0.00566598883896281,-0.00933837722802084));
#8204=CARTESIAN_POINT('',(-0.000160418968604432,-0.00599785509615828,-0.009));
#8205=CARTESIAN_POINT('',(-0.00337104673723124,-0.00369270143599542,-0.01));
#8206=CARTESIAN_POINT('',(-0.00339462366299203,-0.00411488280883274,-0.00967230626392265));
#8207=CARTESIAN_POINT('',(-0.00340120766168377,-0.00453242535192222,-0.00933837722802084));
#8208=CARTESIAN_POINT('',(-0.00339566909908801,-0.00494665860652409,-0.009));
#8209=CARTESIAN_POINT('',(-0.00589408173251848,-0.00676186163721719,-0.009));
#8210=CARTESIAN_POINT('',(-0.00839249436594895,-0.00857706466791029,-0.009));
#8211=CARTESIAN_POINT('',(-0.00889825845893219,-0.00854002642604873,-0.0093272452421024));
#8212=CARTESIAN_POINT('',(-0.0093986043783718,-0.00849111901552685,-0.00966090812085679));
#8213=CARTESIAN_POINT('',(-0.00989436679334239,-0.00843217088055048,-0.01));
#8214=CARTESIAN_POINT('',(-0.00095676918937215,-0.000310873154375803,-0.01));
#8215=CARTESIAN_POINT('',(0.00304840519599553,-0.0126375324237379,-0.01));
#8216=CARTESIAN_POINT('',(0.0026126761327227,-0.0123938206305599,-0.00966090812085679));
#8217=CARTESIAN_POINT('',(0.00217914072619731,-0.0121392916043317,-0.0093272452421024));
#8218=CARTESIAN_POINT('',(0.00174819844749217,-0.0118719754964448,-0.009));
#8219=CARTESIAN_POINT('',(4.77048955893622E-18,9.54097911787244E-18,-0.01));
#8220=CARTESIAN_POINT('',(-4.4723339615027E-19,8.67361737988404E-19,0.01));
#8221=CARTESIAN_POINT('',(-0.000160418968604432,-0.00599785509615828,0.009));
#8222=CARTESIAN_POINT('',(8.75420207240382E-5,-0.00566598883896281,0.00933837722802084));
#8223=CARTESIAN_POINT('',(0.000327640802924175,-0.00532431984839677,0.00967230626392265));
#8224=CARTESIAN_POINT('',(0.000556718654054943,-0.00496890977380625,0.01));
#8225=CARTESIAN_POINT('',(-0.00339566909908801,-0.00494665860652409,0.009));
#8226=CARTESIAN_POINT('',(-0.00340120766168377,-0.00453242535192222,0.00933837722802084));
#8227=CARTESIAN_POINT('',(-0.00339462366299203,-0.00411488280883274,0.00967230626392265));
#8228=CARTESIAN_POINT('',(-0.00337104673723124,-0.00369270143599542,0.01));
#8229=CARTESIAN_POINT('',(0.000591315878420674,-0.000813876484345747,0.01));
#8230=CARTESIAN_POINT('',(-0.00989436679334239,-0.00843217088055049,0.01));
#8231=CARTESIAN_POINT('',(-0.0093986043783718,-0.00849111901552686,0.00966090812085679));
#8232=CARTESIAN_POINT('',(-0.00889825845893221,-0.00854002642604877,0.0093272452421024));
#8233=CARTESIAN_POINT('',(-0.00839249436594897,-0.00857706466791033,0.009));
#8234=CARTESIAN_POINT('',(0.000793889739443875,-0.00893491529630155,0.009));
#8235=CARTESIAN_POINT('',(0.00174819844749218,-0.0118719754964448,0.009));
#8236=CARTESIAN_POINT('',(0.00217914072619732,-0.0121392916043317,0.0093272452421024));
#8237=CARTESIAN_POINT('',(0.0026126761327227,-0.0123938206305599,0.00966090812085679));
#8238=CARTESIAN_POINT('',(0.00304840519599553,-0.0126375324237379,0.01));
#8239=CARTESIAN_POINT('',(4.77048955893622E-18,9.54097911787244E-18,0.009));
#8240=CARTESIAN_POINT('',(-1.25767452008318E-17,-1.0842021724855E-19,-0.009));
#8241=CARTESIAN_POINT('',(-0.00455367849407258,-0.00206494846730392,-0.01));
#8242=CARTESIAN_POINT('',(-0.00496248251050315,-0.00195691023726766,-0.00967230626392265));
#8243=CARTESIAN_POINT('',(-0.00536162363442554,-0.00183414425043753,-0.00933837722802084));
#8244=CARTESIAN_POINT('',(-0.0057538713605143,-0.0017008716490827,-0.009));
#8245=CARTESIAN_POINT('',(-0.00455367849407258,0.00206494846730393,-0.01));
#8246=CARTESIAN_POINT('',(-0.00496248251050315,0.00195691023726766,-0.00967230626392265));
#8247=CARTESIAN_POINT('',(-0.00536162363442554,0.00183414425043753,-0.00933837722802084));
#8248=CARTESIAN_POINT('',(-0.0057538713605143,0.0017008716490827,-0.009));
#8249=CARTESIAN_POINT('',(-0.00825228399394477,0.00351607467977581,-0.009));
#8250=CARTESIAN_POINT('',(-0.0107506966273752,0.00533127771046891,-0.009));
#8251=CARTESIAN_POINT('',(-0.0108717608659771,0.00582373339298572,-0.0093272452421024));
#8252=CARTESIAN_POINT('',(-0.0109798625466782,0.00631470386107259,-0.00966090812085679));
#8253=CARTESIAN_POINT('',(-0.0110769985501837,0.006804417911859,-0.01));
#8254=CARTESIAN_POINT('',(-0.000591315878420674,0.000813876484345747,-0.01));
#8255=CARTESIAN_POINT('',(-0.0110769985501837,-0.00680441791185899,-0.01));
#8256=CARTESIAN_POINT('',(-0.0109798625466782,-0.00631470386107258,-0.00966090812085679));
#8257=CARTESIAN_POINT('',(-0.0108717608659772,-0.00582373339298572,-0.0093272452421024));
#8258=CARTESIAN_POINT('',(-0.0107506966273753,-0.00533127771046891,-0.009));
#8259=CARTESIAN_POINT('',(-1.30104260698261E-17,-1.3010426069826E-18,-0.01));
#8260=CARTESIAN_POINT('',(-1.25767452008318E-17,-1.0842021724855E-19,0.01));
#8261=CARTESIAN_POINT('',(-0.0057538713605143,-0.0017008716490827,0.009));
#8262=CARTESIAN_POINT('',(-0.00536162363442554,-0.00183414425043753,0.00933837722802084));
#8263=CARTESIAN_POINT('',(-0.00496248251050315,-0.00195691023726766,0.00967230626392265));
#8264=CARTESIAN_POINT('',(-0.00455367849407258,-0.00206494846730392,0.01));
#8265=CARTESIAN_POINT('',(-0.0057538713605143,0.0017008716490827,0.009));
#8266=CARTESIAN_POINT('',(-0.00536162363442554,0.00183414425043753,0.00933837722802084));
#8267=CARTESIAN_POINT('',(-0.00496248251050315,0.00195691023726766,0.00967230626392265));
#8268=CARTESIAN_POINT('',(-0.00455367849407258,0.00206494846730392,0.01));
#8269=CARTESIAN_POINT('',(-0.000591315878420674,-0.000813876484345746,0.01));
#8270=CARTESIAN_POINT('',(-0.0110769985501837,0.006804417911859,0.01));
#8271=CARTESIAN_POINT('',(-0.0109798625466782,0.00631470386107259,0.0096609081208568));
#8272=CARTESIAN_POINT('',(-0.0108717608659772,0.00582373339298573,0.0093272452421024));
#8273=CARTESIAN_POINT('',(-0.0107506966273753,0.00533127771046892,0.009));
#8274=CARTESIAN_POINT('',(-0.00825228399394477,-0.00351607467977581,0.009));
#8275=CARTESIAN_POINT('',(-0.0107506966273752,-0.00533127771046891,0.009));
#8276=CARTESIAN_POINT('',(-0.0108717608659771,-0.00582373339298572,0.0093272452421024));
#8277=CARTESIAN_POINT('',(-0.0109798625466782,-0.00631470386107258,0.00966090812085679));
#8278=CARTESIAN_POINT('',(-0.0110769985501837,-0.00680441791185899,0.01));
#8279=CARTESIAN_POINT('',(-1.30104260698261E-17,-1.3010426069826E-18,0.009));
#8280=CARTESIAN_POINT('',(-2.22261445359529E-18,4.77048955893622E-18,-0.009));
#8281=CARTESIAN_POINT('',(-0.00337104673723124,0.00369270143599542,-0.01));
#8282=CARTESIAN_POINT('',(-0.00339462366299203,0.00411488280883274,-0.00967230626392265));
#8283=CARTESIAN_POINT('',(-0.00340120766168376,0.00453242535192222,-0.00933837722802084));
#8284=CARTESIAN_POINT('',(-0.00339566909908801,0.00494665860652409,-0.009));
#8285=CARTESIAN_POINT('',(0.000556718654054945,0.00496890977380625,-0.01));
#8286=CARTESIAN_POINT('',(0.000327640802924177,0.00532431984839677,-0.00967230626392265));
#8287=CARTESIAN_POINT('',(8.75420207240412E-5,0.00566598883896281,-0.00933837722802084));
#8288=CARTESIAN_POINT('',(-0.000160418968604429,0.00599785509615828,-0.009));
#8289=CARTESIAN_POINT('',(0.000793889739443879,0.00893491529630154,-0.009));
#8290=CARTESIAN_POINT('',(0.00174819844749219,0.0118719754964448,-0.009));
#8291=CARTESIAN_POINT('',(0.00217914072619732,0.0121392916043317,-0.0093272452421024));
#8292=CARTESIAN_POINT('',(0.0026126761327227,0.0123938206305599,-0.00966090812085679));
#8293=CARTESIAN_POINT('',(0.00304840519599554,0.0126375324237379,-0.01));
#8294=CARTESIAN_POINT('',(0.000591315878420674,0.000813876484345746,-0.01));
#8295=CARTESIAN_POINT('',(-0.00989436679334238,0.00843217088055049,-0.01));
#8296=CARTESIAN_POINT('',(-0.00939860437837179,0.00849111901552686,-0.00966090812085679));
#8297=CARTESIAN_POINT('',(-0.0088982584589322,0.00854002642604878,-0.0093272452421024));
#8298=CARTESIAN_POINT('',(-0.00839249436594896,0.00857706466791034,-0.009));
#8299=CARTESIAN_POINT('',(-5.74627151417317E-18,6.93889390390723E-18,-0.01));
#8300=CARTESIAN_POINT('',(-2.22261445359529E-18,4.77048955893622E-18,0.01));
#8301=CARTESIAN_POINT('',(-0.00339566909908801,0.00494665860652409,0.009));
#8302=CARTESIAN_POINT('',(-0.00340120766168376,0.00453242535192222,0.00933837722802085));
#8303=CARTESIAN_POINT('',(-0.00339462366299203,0.00411488280883274,0.00967230626392265));
#8304=CARTESIAN_POINT('',(-0.00337104673723124,0.00369270143599543,0.01));
#8305=CARTESIAN_POINT('',(-0.000160418968604429,0.00599785509615828,0.009));
#8306=CARTESIAN_POINT('',(8.7542020724041E-5,0.00566598883896281,0.00933837722802084));
#8307=CARTESIAN_POINT('',(0.000327640802924177,0.00532431984839677,0.00967230626392265));
#8308=CARTESIAN_POINT('',(0.000556718654054945,0.00496890977380625,0.01));
#8309=CARTESIAN_POINT('',(-0.000956769189372149,0.000310873154375803,0.01));
#8310=CARTESIAN_POINT('',(0.00304840519599554,0.0126375324237379,0.01));
#8311=CARTESIAN_POINT('',(0.00261267613272271,0.0123938206305599,0.00966090812085679));
#8312=CARTESIAN_POINT('',(0.00217914072619732,0.0121392916043317,0.0093272452421024));
#8313=CARTESIAN_POINT('',(0.00174819844749218,0.0118719754964448,0.009));
#8314=CARTESIAN_POINT('',(-0.00589408173251847,0.0067618616372172,0.009));
#8315=CARTESIAN_POINT('',(-0.00839249436594894,0.0085770646679103,0.009));
#8316=CARTESIAN_POINT('',(-0.00889825845893218,0.00854002642604874,0.0093272452421024));
#8317=CARTESIAN_POINT('',(-0.00939860437837179,0.00849111901552686,0.00966090812085679));
#8318=CARTESIAN_POINT('',(-0.00989436679334238,0.00843217088055049,0.01));
#8319=CARTESIAN_POINT('',(-5.74627151417317E-18,6.93889390390723E-18,0.009));
#8320=CARTESIAN_POINT('',(1.32272665043232E-17,7.37257477290143E-18,-0.009));
#8321=CARTESIAN_POINT('',(0.00247025703279925,0.00434716346505464,-0.01));
#8322=CARTESIAN_POINT('',(0.00286448970775941,0.00450004767284893,-0.00967230626392265));
#8323=CARTESIAN_POINT('',(0.00325956169670842,0.00463533716939716,-0.00933837722802084));
#8324=CARTESIAN_POINT('',(0.00365523244273018,0.00475807479865678,-0.009));
#8325=CARTESIAN_POINT('',(0.00489774954444964,0.00100600665993988,-0.01));
#8326=CARTESIAN_POINT('',(0.0051649756628116,0.00133370039601723,-0.00967230626392265));
#8327=CARTESIAN_POINT('',(0.00541572757867684,0.00166762943191904,-0.00933837722802084));
#8328=CARTESIAN_POINT('',(0.00565472698547656,0.00200600665993988,-0.009));
#8329=CARTESIAN_POINT('',(0.00874293483624089,0.00200600665993988,-0.009));
#8330=CARTESIAN_POINT('',(0.0118311426870052,0.00200600665993989,-0.009));
#8331=CARTESIAN_POINT('',(0.0122185439010362,0.00167876141783749,-0.0093272452421024));
#8332=CARTESIAN_POINT('',(0.0125945851982964,0.00134509853908309,-0.00966090812085679));
#8333=CARTESIAN_POINT('',(0.0129610165727907,0.00100600665993988,-0.01));
#8334=CARTESIAN_POINT('',(0.000956769189372151,-0.000310873154375804,-0.01));
#8335=CARTESIAN_POINT('',(0.00496194357473983,0.0120157861149863,-0.01));
#8336=CARTESIAN_POINT('',(0.00517120559403083,0.0115625040151887,-0.00966090812085679));
#8337=CARTESIAN_POINT('',(0.00537233469767583,0.0111017599891061,-0.0093272452421024));
#8338=CARTESIAN_POINT('',(0.00556384985882683,0.0106321951989433,-0.009));
#8339=CARTESIAN_POINT('',(-7.80625564189563E-18,-3.25260651745651E-18,-0.01));
#8340=CARTESIAN_POINT('',(1.32272665043232E-17,7.37257477290143E-18,0.01));
#8341=CARTESIAN_POINT('',(0.00365523244273018,0.00475807479865678,0.009));
#8342=CARTESIAN_POINT('',(0.00325956169670842,0.00463533716939716,0.00933837722802084));
#8343=CARTESIAN_POINT('',(0.00286448970775941,0.00450004767284892,0.00967230626392265));
#8344=CARTESIAN_POINT('',(0.00247025703279925,0.00434716346505464,0.01));
#8345=CARTESIAN_POINT('',(0.00565472698547656,0.00200600665993989,0.009));
#8346=CARTESIAN_POINT('',(0.00541572757867684,0.00166762943191904,0.00933837722802084));
#8347=CARTESIAN_POINT('',(0.00516497566281159,0.00133370039601723,0.00967230626392265));
#8348=CARTESIAN_POINT('',(0.00489774954444963,0.00100600665993988,0.01));
#8349=CARTESIAN_POINT('',(1.4127476633048E-19,0.00100600665993988,0.01));
#8350=CARTESIAN_POINT('',(0.0129610165727908,0.00100600665993988,0.01));
#8351=CARTESIAN_POINT('',(0.0125945851982964,0.00134509853908309,0.00966090812085679));
#8352=CARTESIAN_POINT('',(0.0122185439010362,0.0016787614178375,0.0093272452421024));
#8353=CARTESIAN_POINT('',(0.0118311426870052,0.00200600665993991,0.009));
#8354=CARTESIAN_POINT('',(0.00460954115077849,0.00769513499880004,0.009));
#8355=CARTESIAN_POINT('',(0.0055638498588268,0.0106321951989433,0.009));
#8356=CARTESIAN_POINT('',(0.00537233469767579,0.0111017599891061,0.0093272452421024));
#8357=CARTESIAN_POINT('',(0.00517120559403083,0.0115625040151887,0.00966090812085679));
#8358=CARTESIAN_POINT('',(0.00496194357473983,0.0120157861149863,0.01));
#8359=CARTESIAN_POINT('',(-7.80625564189563E-18,-3.25260651745651E-18,0.009));
#8360=CARTESIAN_POINT('',(0.,1.59204083889156E-19,-0.01));
#8361=CARTESIAN_POINT('',(0.,1.59204083889156E-19,0.009));
#8362=CARTESIAN_POINT('',(-0.000109980692355973,0.060156499321945,-0.000775641711456168));
#8363=CARTESIAN_POINT('',(-0.0200329385416726,-0.00116336997539283,0.005));
#8364=CARTESIAN_POINT('',(-0.0323840637235477,-0.0010746240072744,0.005));
#8365=CARTESIAN_POINT('',(-0.0323870843430272,-0.00149501549218667,0.005));
#8366=CARTESIAN_POINT('',(-0.0323737794967318,0.00035667225885832,0.005));
#8367=CARTESIAN_POINT('',(-0.0216184534531254,-0.00149501549218667,0.005));
#8368=CARTESIAN_POINT('',(-0.0216450942553517,-0.00149501549218667,0.005));
#8369=CARTESIAN_POINT('',(0.000595718678431216,-0.000570980836727941,0.005));
#8370=CARTESIAN_POINT('',(-0.0216447945683617,0.000360239072447514,0.005));
#8371=CARTESIAN_POINT('',(-0.0200329385416726,0.000360239072447514,0.005));
#8372=CARTESIAN_POINT('',(-0.0323773207739327,0.000360239072447514,0.005));
#8373=CARTESIAN_POINT('',(-0.0328701869626097,0.000856659352390325,0.005));
#8374=CARTESIAN_POINT('',(-0.0200329385416726,-0.00116336997539283,-0.005));
#8375=CARTESIAN_POINT('',(0.000595718678431216,-0.000570980836727941,-0.005));
#8376=CARTESIAN_POINT('',(-0.0216450942553517,-0.00149501549218667,-0.005));
#8377=CARTESIAN_POINT('',(-0.0216447945683617,0.000360239072447514,-0.005));
#8378=CARTESIAN_POINT('',(-0.0200329385416726,-0.00149501549218667,-0.005));
#8379=CARTESIAN_POINT('',(-0.0323870843430272,-0.00149501549218667,-0.005));
#8380=CARTESIAN_POINT('',(-0.0323840637235477,-0.0010746240072744,-0.005));
#8381=CARTESIAN_POINT('',(-0.0323737794967318,0.00035667225885832,-0.005));
#8382=CARTESIAN_POINT('',(-0.0254876924126795,-0.00657907086272163,-0.005));
#8383=CARTESIAN_POINT('',(-0.0323773207739327,0.000360239072447514,-0.005));
#8384=CARTESIAN_POINT('',(-0.0216184534531254,0.000360239072447514,-0.005));
#8385=CARTESIAN_POINT('',(-0.0378025211393833,0.00636811903203159,0.005));
#8386=CARTESIAN_POINT('',(-0.0378025211393833,0.00655687552858649,0.005));
#8387=CARTESIAN_POINT('',(-0.0378025211393833,0.00655687552858649,0.0105));
#8388=CARTESIAN_POINT('',(-0.0378025211393833,0.00655687552858649,-0.0105));
#8389=CARTESIAN_POINT('',(-0.0378025211393833,0.00636811903203159,-0.0105));
#8390=CARTESIAN_POINT('',(-0.0378025211393833,-0.00769883720204234,-0.0105));
#8391=CARTESIAN_POINT('',(-0.0378025211393833,-0.00769883720204234,0.005));
#8392=CARTESIAN_POINT('',(-0.0378025211393833,-0.00769883720204234,0.0105));
#8393=CARTESIAN_POINT('',(-0.0378025211393833,0.00636811903203159,0.0105));
#8394=CARTESIAN_POINT('',(-0.0371603909879923,-0.00769883720204234,0.005));
#8395=CARTESIAN_POINT('',(-0.0371603909879923,-0.00769883720204234,-0.0105));
#8396=CARTESIAN_POINT('',(-0.0353700731992722,-0.00769883720204234,-0.0105));
#8397=CARTESIAN_POINT('',(-0.0353700731992722,-0.00769883720204234,0.005));
#8398=CARTESIAN_POINT('',(-0.0353700731992722,-0.00769883720204234,0.0105));
#8399=CARTESIAN_POINT('',(-0.0371603909879923,-0.00769883720204234,0.0105));
#8400=CARTESIAN_POINT('',(-0.0348700731992722,-0.00484872911394426,0.005));
#8401=CARTESIAN_POINT('',(-0.0348700731992722,-0.00484872911394426,0.0105));
#8402=CARTESIAN_POINT('',(-0.0348700731992722,-0.00199862102584617,0.0105));
#8403=CARTESIAN_POINT('',(-0.0348700731992722,-0.00719883720204234,0.0105));
#8404=CARTESIAN_POINT('',(-0.0348700731992722,-0.00719883720204234,0.005));
#8405=CARTESIAN_POINT('',(-0.0348700731992722,-0.00719883720204234,-0.0105));
#8406=CARTESIAN_POINT('',(-0.0348700731992722,-0.00484872911394426,-0.0105));
#8407=CARTESIAN_POINT('',(-0.0348700731992722,-0.00199862102584617,-0.0105));
#8408=CARTESIAN_POINT('',(-0.0348700731992722,-0.00199862102584617,0.005));
#8409=CARTESIAN_POINT('',(-0.0270045781648426,-0.00199862102584617,0.005));
#8410=CARTESIAN_POINT('',(-0.0313911810517311,-0.00199862102584617,8.97907248552643E-19));
#8411=CARTESIAN_POINT('',(-0.0313911810517311,-0.00199862102584617,-0.000498846044190146));
#8412=CARTESIAN_POINT('',(-0.0216184534531254,-0.00199862102584617,0.005));
#8413=CARTESIAN_POINT('',(-0.0216184534531254,-0.00199862102584617,0.0044963944663405));
#8414=CARTESIAN_POINT('',(-0.0216184534531254,-0.00199862102584617,-0.0044963944663405));
#8415=CARTESIAN_POINT('',(-0.0323907028765596,-0.00199862102584617,0.0044963944663405));
#8416=CARTESIAN_POINT('',(-0.0328907028765596,-0.00199862102584617,0.0044963944663405));
#8417=CARTESIAN_POINT('',(-0.0328907028765596,-0.00199862102584617,0.0105));
#8418=CARTESIAN_POINT('',(-0.0328907028765596,-0.00199862102584617,0.0105));
#8419=CARTESIAN_POINT('',(-0.0336303880379159,-0.00199862102584617,0.0105));
#8420=CARTESIAN_POINT('',(-0.0336303880379159,-0.00199862102584617,-0.0105));
#8421=CARTESIAN_POINT('',(-0.0328907028765596,-0.00199862102584617,-0.0105));
#8422=CARTESIAN_POINT('',(-0.0328907028765596,-0.00199862102584617,-0.005));
#8423=CARTESIAN_POINT('',(-0.0328907028765596,-0.00199862102584617,-0.0044963944663405));
#8424=CARTESIAN_POINT('',(-0.0270045781648426,-0.00199862102584617,-0.0044963944663405));
#8425=CARTESIAN_POINT('',(0.000595718677799804,-0.00057098083676864,0.005));
#8426=CARTESIAN_POINT('',(-0.0214094470540483,-0.00392959380730443,0.005));
#8427=CARTESIAN_POINT('',(-0.0214094470540483,-0.00392959380730443,0.0105));
#8428=CARTESIAN_POINT('',(-0.0214094470540483,-0.00392959380730443,-0.0105));
#8429=CARTESIAN_POINT('',(0.000595718678431216,-0.000570980836727941,0.0105));
#8430=CARTESIAN_POINT('',(-0.0214094470540483,0.00278763213384858,0.0105));
#8431=CARTESIAN_POINT('',(-0.0214094470540483,0.00278763213384858,0.005));
#8432=CARTESIAN_POINT('',(-0.0214094470540483,0.00278763213384858,-0.0105));
#8433=CARTESIAN_POINT('',(0.000595718678431216,-0.000570980836727941,-0.0105));
#8434=CARTESIAN_POINT('',(0.000595718677799804,-0.00057098083676864,0.00592403465541803));
#8435=CARTESIAN_POINT('',(0.000595718677799804,-0.00057098083676864,-0.00592403465541803));
#8436=CARTESIAN_POINT('',(0.000595718677799804,-0.00057098083676864,-0.00593121990921616));
#8437=CARTESIAN_POINT('',(-0.0216184534531254,0.000856659352390325,-0.00450357972005719));
#8438=CARTESIAN_POINT('',(-0.0216184534531254,0.000856659352390325,0.005));
#8439=CARTESIAN_POINT('',(-0.0216184534531254,0.000856659352390325,0.00450357972005719));
#8440=CARTESIAN_POINT('',(0.000595718677799804,-0.00057098083676864,0.00593121990921616));
#8441=CARTESIAN_POINT('',(-0.0202102405049096,-0.00371891826728899,0.005));
#8442=CARTESIAN_POINT('',(-0.0202102405049096,-0.00371891826728899,-0.0105));
#8443=CARTESIAN_POINT('',(-0.0195035099644797,-0.00359476047449056,-0.0105));
#8444=CARTESIAN_POINT('',(-0.0195014204880283,-0.0035943933971259,-0.0105));
#8445=CARTESIAN_POINT('',(-0.0195014204880283,-0.0035943933971259,0.0105));
#8446=CARTESIAN_POINT('',(-0.0195014204880283,-0.0035943933971259,0.0105));
#8447=CARTESIAN_POINT('',(-0.0202102405049096,-0.00371891826728899,0.0105));
#8448=CARTESIAN_POINT('',(-0.0195035099644797,-0.00359476047449056,0.0105));
#8449=CARTESIAN_POINT('',(-0.0202102405049096,-0.00371891826728899,0.0105));
#8450=CARTESIAN_POINT('',(-0.0202102405049096,-0.00371891826728899,-0.0105));
#8451=CARTESIAN_POINT('',(2.72351585728358E-16,-5.96311194867027E-18,0.005));
#8452=CARTESIAN_POINT('',(-0.0190940890558516,-0.00302372985369912,0.005));
#8453=CARTESIAN_POINT('',(-0.0190940890558516,-0.00302372985369912,0.01));
#8454=CARTESIAN_POINT('',(-0.0190940890558516,-0.00302372985369912,-0.01));
#8455=CARTESIAN_POINT('',(2.72351585728358E-16,-5.96311194867027E-18,-0.01));
#8456=CARTESIAN_POINT('',(-0.0192349109393393,0.00193529849290279,-0.01));
#8457=CARTESIAN_POINT('',(-0.0192349109393393,0.00193529849290279,0.005));
#8458=CARTESIAN_POINT('',(-0.0192349109393393,0.00193529849290279,0.01));
#8459=CARTESIAN_POINT('',(2.72351585728358E-16,-5.96311194867027E-18,0.01));
#8460=CARTESIAN_POINT('',(-0.0202961791061138,0.00259205421086155,0.005));
#8461=CARTESIAN_POINT('',(-0.0196458845633105,0.00247781104393374,0.005));
#8462=CARTESIAN_POINT('',(-0.0196458845633105,0.00247781104393374,0.0104990688016913));
#8463=CARTESIAN_POINT('',(-0.0196458845633105,0.00247781104393374,-0.0104990688016913));
#8464=CARTESIAN_POINT('',(-0.0196458845633105,0.00247781104393374,-0.0104990688016913));
#8465=CARTESIAN_POINT('',(-0.0196559007405133,0.00247957067703664,-0.0104996896007973));
#8466=CARTESIAN_POINT('',(-0.0196659262402817,0.00248133194791959,-0.0105));
#8467=CARTESIAN_POINT('',(-0.0196759610625949,0.0024830948565789,-0.0105));
#8468=CARTESIAN_POINT('',(-0.0196759610625949,0.0024830948565789,-0.0105));
#8469=CARTESIAN_POINT('',(-0.0202961791061138,0.00259205421086155,-0.0105));
#8470=CARTESIAN_POINT('',(-0.0202961791061138,0.00259205421086155,0.0105));
#8471=CARTESIAN_POINT('',(-0.0196759610625949,0.0024830948565789,0.0105));
#8472=CARTESIAN_POINT('',(-0.0196759610625949,0.0024830948565789,0.0105));
#8473=CARTESIAN_POINT('',(-0.0196659262402817,0.00248133194791959,0.0105));
#8474=CARTESIAN_POINT('',(-0.0196559007405133,0.00247957067703664,0.0104996896007973));
#8475=CARTESIAN_POINT('',(-0.0196458845633105,0.00247781104393374,0.0104990688016913));
#8476=CARTESIAN_POINT('',(-0.0347646125459743,0.000856659352390325,0.005));
#8477=CARTESIAN_POINT('',(-0.0313911810517311,0.000856659352390325,8.97907248552643E-19));
#8478=CARTESIAN_POINT('',(-0.0313911810517311,0.000856659352390325,0.000498846044190148));
#8479=CARTESIAN_POINT('',(-0.0328701869626097,0.000856659352390325,0.005));
#8480=CARTESIAN_POINT('',(-0.0328701869626097,0.000856659352390325,0.0105));
#8481=CARTESIAN_POINT('',(-0.0328701869626097,0.000856659352390325,0.00450357972005719));
#8482=CARTESIAN_POINT('',(-0.0347646125459743,0.000856659352390325,0.00450357972005719));
#8483=CARTESIAN_POINT('',(-0.0323701869626097,0.000856659352390325,-0.00450357972005719));
#8484=CARTESIAN_POINT('',(-0.0328701869626097,0.000856659352390325,-0.00450357972005719));
#8485=CARTESIAN_POINT('',(-0.0328701869626097,0.000856659352390325,0.005));
#8486=CARTESIAN_POINT('',(-0.0328701869626097,0.000856659352390325,-0.0105));
#8487=CARTESIAN_POINT('',(-0.0347646125459743,0.000856659352390325,-0.0105));
#8488=CARTESIAN_POINT('',(-0.0348700731992722,0.000856659352390325,-0.0105));
#8489=CARTESIAN_POINT('',(-0.0348700731992722,0.000856659352390325,0.005));
#8490=CARTESIAN_POINT('',(-0.0348700731992722,0.000856659352390325,0.0105));
#8491=CARTESIAN_POINT('',(-0.0347646125459743,0.000856659352390325,0.0105));
#8492=CARTESIAN_POINT('',(-0.0348700731992722,0.0062845384188953,0.005));
#8493=CARTESIAN_POINT('',(-0.0348700731992722,0.0062845384188953,-0.0105));
#8494=CARTESIAN_POINT('',(-0.0348700731992722,0.00605687552858649,-0.0105));
#8495=CARTESIAN_POINT('',(-0.0348700731992722,0.00605687552858649,0.0105));
#8496=CARTESIAN_POINT('',(-0.0348700731992722,0.00605687552858649,0.0105));
#8497=CARTESIAN_POINT('',(-0.0348700731992722,0.0062845384188953,0.0105));
#8498=CARTESIAN_POINT('',(-0.0363362971693277,0.00655687552858649,0.005));
#8499=CARTESIAN_POINT('',(-0.0363362971693277,0.00655687552858649,0.0105));
#8500=CARTESIAN_POINT('',(-0.0353700731992722,0.00655687552858649,0.0105));
#8501=CARTESIAN_POINT('',(-0.0353700731992722,0.00655687552858649,-0.0105));
#8502=CARTESIAN_POINT('',(-0.0353700731992722,0.00655687552858649,-0.0105));
#8503=CARTESIAN_POINT('',(-0.0363362971693277,0.00655687552858649,-0.0105));
#8504=CARTESIAN_POINT('',(-0.0200329385416726,-0.00116336997539283,-0.0105));
#8505=CARTESIAN_POINT('',(-0.0323855738980721,-0.00128480093128705,-0.0105));
#8506=CARTESIAN_POINT('',(-0.0323737794967318,0.000356672258858319,-0.0105));
#8507=CARTESIAN_POINT('',(-0.0323871103424375,-0.00149863393231417,-0.0105));
#8508=CARTESIAN_POINT('',(-0.0323871103424375,-0.00149863393231417,-0.0105));
#8509=CARTESIAN_POINT('',(-0.0348700731992722,-0.00719883720204234,-0.0105));
#8510=CARTESIAN_POINT('',(-0.0353700731992722,0.00655687552858649,-0.0105));
#8511=CARTESIAN_POINT('',(-0.0328701869626097,0.000856659352390325,-0.0105));
#8512=CARTESIAN_POINT('',(-0.0323855738980721,-0.00128480093128705,0.0105));
#8513=CARTESIAN_POINT('',(-0.0323905638430728,-0.0019792711890399,-0.00451574430314678));
#8514=CARTESIAN_POINT('',(-0.0323871103424375,-0.00149863393231417,-0.0049963815598725));
#8515=CARTESIAN_POINT('',(-0.0323871103424375,-0.00149863393231417,-0.0105));
#8516=CARTESIAN_POINT('',(-0.0323737794967318,0.000356672258858319,0.0105));
#8517=CARTESIAN_POINT('',(-0.0200329385416726,-0.00116336997539283,-0.0105));
#8518=CARTESIAN_POINT('',(2.72351585728358E-16,-5.96311194867027E-18,-0.0105));
#8519=CARTESIAN_POINT('',(-0.0323855738980721,-0.00128480093128705,0.0105));
#8520=CARTESIAN_POINT('',(-0.0323855738980721,-0.00128480093128705,0.0105));
#8521=CARTESIAN_POINT('',(-0.0323737794967318,0.000356672258858319,0.0105));
#8522=CARTESIAN_POINT('',(-0.0323871103424375,-0.00149863393231417,0.0105));
#8523=CARTESIAN_POINT('',(-0.0323871103424375,-0.00149863393231417,0.005));
#8524=CARTESIAN_POINT('',(-0.0323871103424375,-0.00149863393231417,0.0049963815598725));
#8525=CARTESIAN_POINT('',(-0.0323867654421365,-0.00145063280186069,0.00504438269032598));
#8526=CARTESIAN_POINT('',(-0.0323737794967318,0.000356672258858319,0.0105));
#8527=CARTESIAN_POINT('',(-0.0200329385416726,-0.00116336997539283,0.0105));
#8528=CARTESIAN_POINT('',(-0.0259980140069234,0.00484472005060088,0.0105));
#8529=CARTESIAN_POINT('',(-0.0254876924126795,-0.00657907086272163,0.0105));
#8530=CARTESIAN_POINT('',(-0.0238413831184827,-0.00497181455220297,0.0105));
#8531=CARTESIAN_POINT('',(-0.0244337722571475,0.00323746374008221,0.0105));
#8532=CARTESIAN_POINT('',(-0.0200329385416726,-0.00116336997539283,0.0105));
#8533=CARTESIAN_POINT('',(2.72351585728358E-16,-5.96311194867027E-18,0.0105));
#8534=CARTESIAN_POINT('',(-0.0313911810517311,0.00300137897415382,8.97907248552643E-19));
#8535=CARTESIAN_POINT('',(-0.0323871103424375,-0.00149863393231417,0.0105));
#8536=CARTESIAN_POINT('',(-0.0282270889760647,0.00263160401021163,0.00912661950239828));
#8537=CARTESIAN_POINT('',(-0.0200329385416726,-0.00149501549218667,0.005));
#8538=CARTESIAN_POINT('',(-0.0323871103424375,-0.00149863393231417,0.0105));
#8539=CARTESIAN_POINT('',(-0.0309098196429991,-3.19198071699087E-5,-0.00646309568501676));
#8540=CARTESIAN_POINT('',(-0.0270045781648426,-0.00199862102584617,-0.0044963944663405));
#8541=CARTESIAN_POINT('',(-0.0328701869626097,0.000856659352390325,0.005));
#8542=CARTESIAN_POINT('',(-0.0334956270215292,0.0014866095016787,0.00387362957076881));
#8543=CARTESIAN_POINT('',(-0.0347646125459743,0.000856659352390325,0.00450357972005719));
#8544=CARTESIAN_POINT('',(-0.0328701869626097,0.000856659352390325,0.005));
#8545=CARTESIAN_POINT('',(-0.0283018526117273,-0.00374461756503206,-0.00910485663747962));
#8546=CARTESIAN_POINT('',(-0.0200329385416726,0.000360239072447514,-0.005));
#8547=CARTESIAN_POINT('',(-0.0348700731992722,-0.00719883720204234,0.005));
#8548=CARTESIAN_POINT('',(-0.0353700731992722,0.00655687552858649,0.005));
#8549=CARTESIAN_POINT('',(2.72351585728358E-16,-5.96311194867027E-18,0.01));
#8550=CARTESIAN_POINT('',(-0.0195014204880283,-0.0035943933971259,0.0104999954996369));
#8551=CARTESIAN_POINT('',(-0.0193436982782478,-0.00356668489958491,0.0104993160850428));
#8552=CARTESIAN_POINT('',(-0.019105370336234,-0.0033639269025117,0.01033875599995));
#8553=CARTESIAN_POINT('',(-0.0190767952580636,-0.00313293581159088,0.0101119874806404));
#8554=CARTESIAN_POINT('',(-0.0190940890558516,-0.00302372985369912,0.01));
#8555=CARTESIAN_POINT('',(-0.0196458845633105,0.00247781104393374,0.0104990688016913));
#8556=CARTESIAN_POINT('',(-0.019493156874911,0.00245097997946699,0.0104896027938032));
#8557=CARTESIAN_POINT('',(-0.0192641885322171,0.00226380063612859,0.0103282588722828));
#8558=CARTESIAN_POINT('',(-0.0192241787655032,0.00204196545341498,0.010108582997399));
#8559=CARTESIAN_POINT('',(-0.0192349109393393,0.00193529849290279,0.01));
#8560=CARTESIAN_POINT('',(-0.0197323992064833,0.00198535270405443,0.005));
#8561=CARTESIAN_POINT('',(-0.0196458845633105,0.00247781104393374,-0.0104990688016913));
#8562=CARTESIAN_POINT('',(-0.019493156874911,0.00245097997946699,-0.0104896027938032));
#8563=CARTESIAN_POINT('',(-0.0192641885322171,0.00226380063612859,-0.0103282588722828));
#8564=CARTESIAN_POINT('',(-0.0192241787655032,0.00204196545341498,-0.010108582997399));
#8565=CARTESIAN_POINT('',(-0.0192349109393393,0.00193529849290279,-0.01));
#8566=CARTESIAN_POINT('',(-0.0195879351312012,-0.00310193505724658,0.005));
#8567=CARTESIAN_POINT('',(-0.0195014204880283,-0.0035943933971259,-0.0104999954996369));
#8568=CARTESIAN_POINT('',(-0.0193436982782478,-0.00356668489958491,-0.0104993160850428));
#8569=CARTESIAN_POINT('',(-0.019105370336234,-0.0033639269025117,-0.01033875599995));
#8570=CARTESIAN_POINT('',(-0.0190767952580636,-0.00313293581159088,-0.0101119874806404));
#8571=CARTESIAN_POINT('',(-0.0190940890558516,-0.00302372985369912,-0.01));
#8572=CARTESIAN_POINT('',(2.72351585728358E-16,-5.96311194867027E-18,-0.01));
#8573=CARTESIAN_POINT('',(-0.000775641711456292,0.0230564993219451,0.000109980692355725));
#8574=CARTESIAN_POINT('',(0.00029257478222221,0.0230564993219451,-0.000726715772533997));
#8575=CARTESIAN_POINT('',(-0.000109980692355822,0.0230564993219451,-0.000775641711456394));
#8576=CARTESIAN_POINT('',(0.,2.75638790998395E-18,0.003));
#8577=CARTESIAN_POINT('',(0.,2.75638790998395E-18,0.008));
#8578=CARTESIAN_POINT('',(0.0450152307082018,2.75638790998395E-18,0.008));
#8579=CARTESIAN_POINT('',(0.,2.75638790998395E-18,0.0058682862892518));
#8580=CARTESIAN_POINT('',(0.0041638922350479,-0.044822237752789,0.0058682862892518));
#8581=CARTESIAN_POINT('',(-0.0041638922350479,-0.044822237752789,0.0058682862892518));
#8582=CARTESIAN_POINT('',(0.0041638922350479,-0.044822237752789,0.003));
#8583=CARTESIAN_POINT('',(0.0041638922350479,-0.044822237752789,0.005));
#8584=CARTESIAN_POINT('',(0.,2.75638790998395E-18,0.005));
#8585=CARTESIAN_POINT('',(-0.0041638922350479,-0.044822237752789,0.005));
#8586=CARTESIAN_POINT('',(-0.0041638922350479,-0.044822237752789,0.003));
#8587=CARTESIAN_POINT('',(0.0200781163674007,-0.00610727833223798,0.003));
#8588=CARTESIAN_POINT('',(0.0306562327348014,-0.0122145566644759,0.003));
#8589=CARTESIAN_POINT('',(0.0306562327348014,-0.0122145566644759,0.003));
#8590=CARTESIAN_POINT('',(0.0306562327348014,-0.0122145566644759,0.001));
#8591=CARTESIAN_POINT('',(0.0095,-3.57129038019946E-18,0.001));
#8592=CARTESIAN_POINT('',(0.0095,0.,0.001));
#8593=CARTESIAN_POINT('',(0.0095,0.,0.003));
#8594=CARTESIAN_POINT('',(0.0095,0.,0.003));
#8595=CARTESIAN_POINT('',(0.0200781163674007,-0.00610727833223798,0.003));
#8596=CARTESIAN_POINT('',(0.0200781163674007,0.00610727833223796,0.003));
#8597=CARTESIAN_POINT('',(0.0200781163674007,0.00610727833223796,0.001));
#8598=CARTESIAN_POINT('',(0.0306562327348014,0.0122145566644759,0.001));
#8599=CARTESIAN_POINT('',(0.0306562327348014,0.0122145566644759,0.003));
#8600=CARTESIAN_POINT('',(0.0306562327348014,0.0122145566644759,0.003));
#8601=CARTESIAN_POINT('',(0.0200781163674007,0.00610727833223796,0.003));
#8602=CARTESIAN_POINT('',(0.00475,-0.0204417980004281,0.003));
#8603=CARTESIAN_POINT('',(0.00475,-0.032656354664904,0.003));
#8604=CARTESIAN_POINT('',(0.00475,-0.032656354664904,0.003));
#8605=CARTESIAN_POINT('',(0.00475,-0.032656354664904,0.001));
#8606=CARTESIAN_POINT('',(0.00475,-0.00822724133595217,0.001));
#8607=CARTESIAN_POINT('',(0.00475,-0.00822724133595217,0.001));
#8608=CARTESIAN_POINT('',(0.00475,-0.00822724133595217,0.003));
#8609=CARTESIAN_POINT('',(0.00475,-0.00822724133595217,0.003));
#8610=CARTESIAN_POINT('',(0.00475,-0.0204417980004281,0.003));
#8611=CARTESIAN_POINT('',(0.0153281163674007,-0.0143345196681901,0.003));
#8612=CARTESIAN_POINT('',(0.0153281163674007,-0.0143345196681901,0.001));
#8613=CARTESIAN_POINT('',(0.0259062327348014,-0.0204417980004281,0.001));
#8614=CARTESIAN_POINT('',(0.0259062327348014,-0.0204417980004281,0.003));
#8615=CARTESIAN_POINT('',(0.0259062327348014,-0.0204417980004281,0.003));
#8616=CARTESIAN_POINT('',(0.0153281163674007,-0.0143345196681901,0.003));
#8617=CARTESIAN_POINT('',(0.0153281163674007,0.0143345196681901,0.003));
#8618=CARTESIAN_POINT('',(0.0259062327348014,0.0204417980004281,0.003));
#8619=CARTESIAN_POINT('',(0.0259062327348014,0.0204417980004281,0.003));
#8620=CARTESIAN_POINT('',(0.0259062327348014,0.0204417980004281,0.001));
#8621=CARTESIAN_POINT('',(0.00475,0.00822724133595216,0.001));
#8622=CARTESIAN_POINT('',(0.00475,0.00822724133595217,0.001));
#8623=CARTESIAN_POINT('',(0.00475,0.00822724133595217,0.003));
#8624=CARTESIAN_POINT('',(0.00475,0.00822724133595217,0.003));
#8625=CARTESIAN_POINT('',(0.0153281163674007,0.0143345196681901,0.003));
#8626=CARTESIAN_POINT('',(0.00475,0.0204417980004281,0.003));
#8627=CARTESIAN_POINT('',(0.00475,0.0204417980004281,0.001));
#8628=CARTESIAN_POINT('',(0.00475,0.032656354664904,0.001));
#8629=CARTESIAN_POINT('',(0.00475,0.032656354664904,0.003));
#8630=CARTESIAN_POINT('',(0.00475,0.032656354664904,0.003));
#8631=CARTESIAN_POINT('',(0.00475,0.0204417980004281,0.003));
#8632=CARTESIAN_POINT('',(-0.00475,0.0204417980004281,0.003));
#8633=CARTESIAN_POINT('',(-0.00475,0.032656354664904,0.003));
#8634=CARTESIAN_POINT('',(-0.00475,0.032656354664904,0.003));
#8635=CARTESIAN_POINT('',(-0.00475,0.032656354664904,0.001));
#8636=CARTESIAN_POINT('',(-0.00475,0.00822724133595217,0.001));
#8637=CARTESIAN_POINT('',(-0.00475,0.00822724133595217,0.001));
#8638=CARTESIAN_POINT('',(-0.00475,0.00822724133595217,0.003));
#8639=CARTESIAN_POINT('',(-0.00475,0.00822724133595217,0.003));
#8640=CARTESIAN_POINT('',(-0.00475,0.0204417980004281,0.003));
#8641=CARTESIAN_POINT('',(-0.0153281163674007,0.0143345196681901,0.003));
#8642=CARTESIAN_POINT('',(-0.0153281163674007,0.0143345196681901,0.001));
#8643=CARTESIAN_POINT('',(-0.0259062327348013,0.0204417980004281,0.001));
#8644=CARTESIAN_POINT('',(-0.0259062327348013,0.0204417980004281,0.003));
#8645=CARTESIAN_POINT('',(-0.0259062327348013,0.0204417980004281,0.003));
#8646=CARTESIAN_POINT('',(-0.0153281163674007,0.0143345196681901,0.003));
#8647=CARTESIAN_POINT('',(-0.0200781163674007,0.00610727833223798,0.003));
#8648=CARTESIAN_POINT('',(-0.0306562327348014,0.012214556664476,0.003));
#8649=CARTESIAN_POINT('',(-0.0306562327348014,0.012214556664476,0.003));
#8650=CARTESIAN_POINT('',(-0.0306562327348014,0.012214556664476,0.001));
#8651=CARTESIAN_POINT('',(-0.0095,2.93513008708213E-18,0.001));
#8652=CARTESIAN_POINT('',(-0.0095,1.16341445918999E-18,0.001));
#8653=CARTESIAN_POINT('',(-0.0095,1.16341445918999E-18,0.003));
#8654=CARTESIAN_POINT('',(-0.0095,1.16341445918999E-18,0.003));
#8655=CARTESIAN_POINT('',(-0.0200781163674007,0.00610727833223798,0.003));
#8656=CARTESIAN_POINT('',(-0.0200781163674007,-0.00610727833223797,0.003));
#8657=CARTESIAN_POINT('',(-0.0200781163674007,-0.00610727833223797,0.001));
#8658=CARTESIAN_POINT('',(-0.0306562327348014,-0.0122145566644759,0.001));
#8659=CARTESIAN_POINT('',(-0.0306562327348014,-0.0122145566644759,0.003));
#8660=CARTESIAN_POINT('',(-0.0306562327348014,-0.0122145566644759,0.003));
#8661=CARTESIAN_POINT('',(-0.0200781163674007,-0.00610727833223797,0.003));
#8662=CARTESIAN_POINT('',(-0.0153281163674007,-0.0143345196681901,0.003));
#8663=CARTESIAN_POINT('',(-0.0259062327348013,-0.0204417980004281,0.003));
#8664=CARTESIAN_POINT('',(-0.0259062327348013,-0.0204417980004281,0.003));
#8665=CARTESIAN_POINT('',(-0.0259062327348013,-0.0204417980004281,0.001));
#8666=CARTESIAN_POINT('',(-0.00475,-0.00822724133595217,0.001));
#8667=CARTESIAN_POINT('',(-0.00475,-0.00822724133595217,0.001));
#8668=CARTESIAN_POINT('',(-0.00475,-0.00822724133595217,0.003));
#8669=CARTESIAN_POINT('',(-0.00475,-0.00822724133595217,0.003));
#8670=CARTESIAN_POINT('',(-0.0153281163674007,-0.0143345196681901,0.003));
#8671=CARTESIAN_POINT('',(-0.00475,-0.0204417980004281,0.003));
#8672=CARTESIAN_POINT('',(-0.00475,-0.0204417980004281,0.001));
#8673=CARTESIAN_POINT('',(-0.00475,-0.032656354664904,0.001));
#8674=CARTESIAN_POINT('',(-0.00475,-0.032656354664904,0.003));
#8675=CARTESIAN_POINT('',(-0.00475,-0.032656354664904,0.003));
#8676=CARTESIAN_POINT('',(-0.00475,-0.0204417980004281,0.003));
#8677=CARTESIAN_POINT('',(0.,2.81668763803891E-19,0.003));
#8678=CARTESIAN_POINT('',(0.,2.81668763803891E-19,0.001));
#8679=CARTESIAN_POINT('',(0.0046,2.81668763803891E-19,0.001));
#8680=CARTESIAN_POINT('',(0.,2.81668763803891E-19,0.003));
#8681=CARTESIAN_POINT('',(0.0046,2.81668763803891E-19,0.003));
#8682=CARTESIAN_POINT('',(-8.15320033709099E-17,-8.67361737988404E-19,0.003));
#8683=CARTESIAN_POINT('',(-8.15320033709099E-17,-8.67361737988404E-19,0.001));
#8684=CARTESIAN_POINT('',(-8.15320033709099E-17,-8.67361737988404E-19,0.003));
#8685=CARTESIAN_POINT('',(-4.33680868994202E-18,2.94902990916057E-17,0.003));
#8686=CARTESIAN_POINT('',(-4.33680868994202E-18,2.94902990916057E-17,0.001));
#8687=CARTESIAN_POINT('',(-4.33680868994202E-18,2.94902990916057E-17,0.003));
#8688=CARTESIAN_POINT('',(-1.95156391047391E-17,-3.46944695195361E-17,0.003));
#8689=CARTESIAN_POINT('',(-1.95156391047391E-17,-3.46944695195361E-17,0.001));
#8690=CARTESIAN_POINT('',(-1.95156391047391E-17,-3.46944695195361E-17,0.003));
#8691=CARTESIAN_POINT('',(1.86482773667507E-17,-3.12250225675825E-17,0.003));
#8692=CARTESIAN_POINT('',(1.86482773667507E-17,-3.12250225675825E-17,0.001));
#8693=CARTESIAN_POINT('',(1.86482773667507E-17,-3.12250225675825E-17,0.003));
#8694=CARTESIAN_POINT('',(2.60208521396521E-17,1.99493199737333E-17,0.003));
#8695=CARTESIAN_POINT('',(2.60208521396521E-17,1.99493199737333E-17,0.001));
#8696=CARTESIAN_POINT('',(2.60208521396521E-17,1.99493199737333E-17,0.003));
#8697=CARTESIAN_POINT('',(-9.54097911787244E-18,8.67361737988404E-18,0.003));
#8698=CARTESIAN_POINT('',(-9.54097911787244E-18,8.67361737988404E-18,0.001));
#8699=CARTESIAN_POINT('',(-9.54097911787244E-18,8.67361737988404E-18,0.003));
#8700=CARTESIAN_POINT('',(0.,0.,0.003));
#8701=CARTESIAN_POINT('',(0.,2.4492935982947E-18,0.003));
#8702=CARTESIAN_POINT('',(-0.0041638922350479,-0.0397826846939081,0.003));
#8703=CARTESIAN_POINT('',(0.0041638922350479,-0.0397826846939081,0.003));
#8704=CARTESIAN_POINT('',(-0.0041638922350479,-0.0392652307082018,0.003));
#8705=CARTESIAN_POINT('',(-0.0041638922350479,-0.0444029991940684,0.003));
#8706=CARTESIAN_POINT('',(0.,2.75638790998395E-18,0.003));
#8707=CARTESIAN_POINT('',(0.0041638922350479,-0.0444029991940676,0.00299999999999822));
#8708=CARTESIAN_POINT('',(0.0041638922350479,-0.0392652307082018,0.003));
#8709=CARTESIAN_POINT('',(0.,0.,0.));
#8710=CARTESIAN_POINT('',(0.,2.81668763803891E-19,0.));
#8711=CARTESIAN_POINT('',(0.0056,2.81668763803891E-19,0.));
#8712=CARTESIAN_POINT('',(-4.33680868994202E-18,2.94902990916057E-17,0.));
#8713=CARTESIAN_POINT('',(0.00375,-0.0337925657504724,0.));
#8714=CARTESIAN_POINT('',(0.0273902203989651,-0.0201438781394279,0.));
#8715=CARTESIAN_POINT('',(-0.001875,-0.00324759526419164,0.));
#8716=CARTESIAN_POINT('',(0.00375,-0.00649519052838329,0.));
#8717=CARTESIAN_POINT('',(0.00375,-0.032656354664904,0.));
#8718=CARTESIAN_POINT('',(-9.54097911787244E-18,8.67361737988404E-18,0.));
#8719=CARTESIAN_POINT('',(-0.0273902203989651,-0.0201438781394279,0.));
#8720=CARTESIAN_POINT('',(-0.00375,-0.0337925657504724,0.));
#8721=CARTESIAN_POINT('',(-0.00375,-5.32578726646084E-19,0.));
#8722=CARTESIAN_POINT('',(-0.00375,-0.00649519052838329,0.));
#8723=CARTESIAN_POINT('',(-0.0264062327348013,-0.0195757725966436,0.));
#8724=CARTESIAN_POINT('',(2.60208521396521E-17,1.99493199737333E-17,0.));
#8725=CARTESIAN_POINT('',(-0.0311402203989651,0.0136486876110446,0.));
#8726=CARTESIAN_POINT('',(-0.0311402203989651,-0.0136486876110446,0.));
#8727=CARTESIAN_POINT('',(-0.001875,0.00324759526419165,0.));
#8728=CARTESIAN_POINT('',(-0.0075,3.60467568213787E-18,0.));
#8729=CARTESIAN_POINT('',(-0.0301562327348013,0.0130805820682604,0.));
#8730=CARTESIAN_POINT('',(0.001875,0.00324759526419164,0.));
#8731=CARTESIAN_POINT('',(-0.0273902203989651,0.0201438781394279,0.));
#8732=CARTESIAN_POINT('',(-0.00375,0.00649519052838329,0.));
#8733=CARTESIAN_POINT('',(-0.00375,0.032656354664904,0.));
#8734=CARTESIAN_POINT('',(-0.00375,0.0337925657504724,0.));
#8735=CARTESIAN_POINT('',(1.86482773667507E-17,-3.12250225675825E-17,0.));
#8736=CARTESIAN_POINT('',(-1.95156391047391E-17,-3.46944695195361E-17,0.));
#8737=CARTESIAN_POINT('',(0.0273902203989651,0.0201438781394279,0.));
#8738=CARTESIAN_POINT('',(0.00375,0.0337925657504724,0.));
#8739=CARTESIAN_POINT('',(0.00375,1.8640255432613E-18,0.));
#8740=CARTESIAN_POINT('',(0.00375,0.00649519052838329,0.));
#8741=CARTESIAN_POINT('',(0.0264062327348014,0.0195757725966436,0.));
#8742=CARTESIAN_POINT('',(-8.15320033709099E-17,-8.67361737988404E-19,0.));
#8743=CARTESIAN_POINT('',(0.0311402203989651,-0.0136486876110446,0.));
#8744=CARTESIAN_POINT('',(0.0311402203989651,0.0136486876110445,0.));
#8745=CARTESIAN_POINT('',(0.001875,-0.00324759526419164,0.));
#8746=CARTESIAN_POINT('',(0.0075,-1.21175943364636E-18,0.));
#8747=CARTESIAN_POINT('',(0.0301562327348013,-0.0130805820682604,0.));
#8748=CARTESIAN_POINT('',(0.,2.75638790998395E-18,0.));
#8749=CARTESIAN_POINT('',(0.0400152307082019,2.75638790998395E-18,0.));
#8750=CARTESIAN_POINT('',(0.,2.4492935982947E-18,0.005));
#8751=CARTESIAN_POINT('',(-0.0041638922350479,-0.0397826846939081,0.005));
#8752=CARTESIAN_POINT('',(-0.0041638922350479,-0.0397826846939081,0.005));
#8753=CARTESIAN_POINT('',(0.0041638922350479,-0.0397826846939081,0.005));
#8754=CARTESIAN_POINT('',(0.0041638922350479,-0.0397826846939081,0.005));
#8755=CARTESIAN_POINT('',(0.,2.4492935982947E-18,0.005));
#8756=CARTESIAN_POINT('',(0.,0.,0.005));
#8757=CARTESIAN_POINT('',(-0.0041638922350479,0.,0.005));
#8758=CARTESIAN_POINT('',(-0.0041638922350479,-0.0422955316960894,0.005));
#8759=CARTESIAN_POINT('',(0.0041638922350479,0.,0.005));
#8760=CARTESIAN_POINT('',(0.0041638922350479,-0.0422955316960894,0.005));
#8761=CARTESIAN_POINT('',(0.,2.60237444818812E-18,0.005));
#8762=CARTESIAN_POINT('',(0.,2.60237444818812E-18,0.008));
#8763=CARTESIAN_POINT('',(-0.0041638922350479,-0.0422955316960894,0.008));
#8764=CARTESIAN_POINT('',(-0.0041638922350479,-0.0422955316960894,0.0058682862892518));
#8765=CARTESIAN_POINT('',(0.0041638922350479,-0.0422955316960894,0.008));
#8766=CARTESIAN_POINT('',(0.0041638922350479,-0.0422955316960894,0.0058682862892518));
#8767=CARTESIAN_POINT('',(0.,2.60237444818812E-18,0.0058682862892518));
#8768=CARTESIAN_POINT('',(0.,2.60237444818812E-18,0.008));
#8769=CARTESIAN_POINT('',(0.0425,2.60237444818812E-18,0.008));
#8770=CARTESIAN_POINT('',(0.,0.,0.008));
#8771=CARTESIAN_POINT('',(0.,2.75638790998395E-18,0.005));
#8772=CARTESIAN_POINT('',(-0.0041638922350479,-0.044822237752789,0.005));
#8773=CARTESIAN_POINT('',(-0.0041638922350479,-0.044822237752789,0.00431072740294341));
#8774=CARTESIAN_POINT('',(-0.0041638922350479,-0.0446763730498541,0.0036236421175804));
#8775=CARTESIAN_POINT('',(-0.0041638922350479,-0.0444029991940684,0.00299999999999999));
#8776=CARTESIAN_POINT('',(0.0041638922350479,-0.044822237752789,0.005));
#8777=CARTESIAN_POINT('',(0.0041638922350479,-0.044822237752789,0.00431072740294276));
#8778=CARTESIAN_POINT('',(0.0041638922350479,-0.0446763730498538,0.0036236421175791));
#8779=CARTESIAN_POINT('',(0.0041638922350479,-0.0444029991940676,0.00299999999999821));
#8780=CARTESIAN_POINT('',(0.,2.81668763803891E-19,0.));
#8781=CARTESIAN_POINT('',(0.00375,-2.13031490658433E-18,0.));
#8782=CARTESIAN_POINT('',(0.00898124654696026,-0.0155559753346377,0.00523124654696027));
#8783=CARTESIAN_POINT('',(0.00475,-0.032656354664904,0.001));
#8784=CARTESIAN_POINT('',(0.00441892599724398,-0.0330390686491281,0.000668925997243978));
#8785=CARTESIAN_POINT('',(0.00408554619135754,-0.0334177238749759,0.00033554619135754));
#8786=CARTESIAN_POINT('',(0.00375,-0.0337925657504724,2.81127107417011E-18));
#8787=CARTESIAN_POINT('',(-4.33680868994202E-18,2.94902990916057E-17,0.));
#8788=CARTESIAN_POINT('',(0.0259062327348014,-0.0204417980004281,0.001));
#8789=CARTESIAN_POINT('',(0.026403209768901,-0.0203464364956208,0.000668925997243983));
#8790=CARTESIAN_POINT('',(0.0268978247167041,-0.0202470487275383,0.000335546191357537));
#8791=CARTESIAN_POINT('',(0.0273902203989651,-0.0201438781394279,5.70139657820126E-18));
#8792=CARTESIAN_POINT('',(0.0153281163674007,-0.0143345196681901,0.001));
#8793=CARTESIAN_POINT('',(0.001875,-0.00324759526419165,0.));
#8794=CARTESIAN_POINT('',(-0.00898124654696027,-0.0155559753346377,0.00523124654696027));
#8795=CARTESIAN_POINT('',(-0.0259062327348014,-0.0204417980004281,0.001));
#8796=CARTESIAN_POINT('',(-0.026403209768901,-0.0203464364956208,0.000668925997243976));
#8797=CARTESIAN_POINT('',(-0.0268978247167041,-0.0202470487275383,0.000335546191357539));
#8798=CARTESIAN_POINT('',(-0.0273902203989651,-0.0201438781394279,-5.09743822781815E-19));
#8799=CARTESIAN_POINT('',(-9.54097911787244E-18,8.67361737988404E-18,0.));
#8800=CARTESIAN_POINT('',(-0.00475,-0.032656354664904,0.001));
#8801=CARTESIAN_POINT('',(-0.00441892599724398,-0.0330390686491281,0.000668925997243977));
#8802=CARTESIAN_POINT('',(-0.00408554619135754,-0.0334177238749759,0.000335546191357535));
#8803=CARTESIAN_POINT('',(-0.00375,-0.0337925657504724,-2.7725207643993E-18));
#8804=CARTESIAN_POINT('',(-0.00475,-0.0204417980004281,0.001));
#8805=CARTESIAN_POINT('',(-0.001875,-0.00324759526419164,0.));
#8806=CARTESIAN_POINT('',(-0.0179624930939206,2.60208521396521E-18,0.00523124654696027));
#8807=CARTESIAN_POINT('',(-0.0306562327348014,0.012214556664476,0.001));
#8808=CARTESIAN_POINT('',(-0.0308221357661449,0.0126926321535073,0.000668925997243976));
#8809=CARTESIAN_POINT('',(-0.0309833709080616,0.0131706751474376,0.000335546191357537));
#8810=CARTESIAN_POINT('',(-0.0311402203989651,0.0136486876110446,-1.52727048160702E-18));
#8811=CARTESIAN_POINT('',(2.60208521396521E-17,1.99493199737333E-17,0.));
#8812=CARTESIAN_POINT('',(-0.0306562327348014,-0.0122145566644759,0.001));
#8813=CARTESIAN_POINT('',(-0.0308221357661449,-0.0126926321535073,0.000668925997243976));
#8814=CARTESIAN_POINT('',(-0.0309833709080616,-0.0131706751474375,0.000335546191357542));
#8815=CARTESIAN_POINT('',(-0.0311402203989651,-0.0136486876110446,2.84617744978499E-18));
#8816=CARTESIAN_POINT('',(-0.0200781163674007,-0.00610727833223797,0.001));
#8817=CARTESIAN_POINT('',(-0.0153281163674007,0.0143345196681901,0.001));
#8818=CARTESIAN_POINT('',(-0.0015,0.00259807621135331,-0.00225));
#8819=CARTESIAN_POINT('',(-0.0259062327348013,0.0204417980004281,0.001));
#8820=CARTESIAN_POINT('',(-0.026403209768901,0.0203464364956208,0.000668925997243976));
#8821=CARTESIAN_POINT('',(-0.0268978247167041,0.0202470487275383,0.000335546191357541));
#8822=CARTESIAN_POINT('',(-0.0273902203989651,0.0201438781394279,2.51167690625379E-18));
#8823=CARTESIAN_POINT('',(1.86482773667507E-17,-3.12250225675825E-17,0.));
#8824=CARTESIAN_POINT('',(-0.00375,0.0337925657504724,0.));
#8825=CARTESIAN_POINT('',(-0.00408554619135754,0.0334177238749759,0.000335546191357537));
#8826=CARTESIAN_POINT('',(-0.00441892599724398,0.0330390686491281,0.000668925997243978));
#8827=CARTESIAN_POINT('',(-0.00475,0.032656354664904,0.001));
#8828=CARTESIAN_POINT('',(-0.00375,7.98868089969124E-19,0.));
#8829=CARTESIAN_POINT('',(-0.001875,0.00324759526419164,0.));
#8830=CARTESIAN_POINT('',(0.00898124654696027,0.0155559753346377,0.00523124654696027));
#8831=CARTESIAN_POINT('',(0.0259062327348014,0.0204417980004281,0.001));
#8832=CARTESIAN_POINT('',(0.026403209768901,0.0203464364956208,0.000668925997243983));
#8833=CARTESIAN_POINT('',(0.0268978247167041,0.0202470487275383,0.000335546191357532));
#8834=CARTESIAN_POINT('',(0.0273902203989651,0.0201438781394279,5.64747533655652E-19));
#8835=CARTESIAN_POINT('',(-1.95156391047391E-17,-3.46944695195361E-17,0.));
#8836=CARTESIAN_POINT('',(0.00475,0.0326563546649041,0.001));
#8837=CARTESIAN_POINT('',(0.00441892599724398,0.0330390686491281,0.000668925997243978));
#8838=CARTESIAN_POINT('',(0.00408554619135754,0.0334177238749759,0.000335546191357535));
#8839=CARTESIAN_POINT('',(0.00375,0.0337925657504724,-2.03867052677033E-18));
#8840=CARTESIAN_POINT('',(0.00475,0.0204417980004281,0.001));
#8841=CARTESIAN_POINT('',(0.001875,0.00324759526419164,0.));
#8842=CARTESIAN_POINT('',(0.0179624930939206,-8.67361737988404E-18,0.00523124654696027));
#8843=CARTESIAN_POINT('',(0.0306562327348014,-0.0122145566644759,0.001));
#8844=CARTESIAN_POINT('',(0.030822135766145,-0.0126926321535073,0.000668925997243974));
#8845=CARTESIAN_POINT('',(0.0309833709080616,-0.0131706751474376,0.000335546191357539));
#8846=CARTESIAN_POINT('',(0.0311402203989651,-0.0136486876110446,-2.48637859534523E-18));
#8847=CARTESIAN_POINT('',(-8.15320033709099E-17,-8.67361737988404E-19,0.));
#8848=CARTESIAN_POINT('',(0.0306562327348014,0.0122145566644759,0.001));
#8849=CARTESIAN_POINT('',(0.0308221357661449,0.0126926321535073,0.000668925997243979));
#8850=CARTESIAN_POINT('',(0.0309833709080616,0.0131706751474375,0.000335546191357535));
#8851=CARTESIAN_POINT('',(0.0311402203989651,0.0136486876110445,-2.62756273872336E-19));
#8852=CARTESIAN_POINT('',(0.0200781163674007,0.00610727833223796,0.001));
#8853=CARTESIAN_POINT('',(0.,-0.0392652307082018,0.0058682862892518));
#8854=CARTESIAN_POINT('',(-0.0041638922350479,-0.0392652307082018,0.0058682862892518));
#8855=CARTESIAN_POINT('',(0.0041638922350479,-0.0392652307082018,0.0058682862892518));
#8856=CARTESIAN_POINT('',(-0.0041638922350479,-0.0392652307082018,0.0044341431446259));
#8857=CARTESIAN_POINT('',(0.0041638922350479,-0.0392652307082018,0.0044341431446259));
#8858=CARTESIAN_POINT('',(0.000138061137775564,-0.0420876707494259,0.00702766894744834));
#8859=CARTESIAN_POINT('',(-0.000483066929234086,0.0230564993219451,-0.000616735080178177));
#8860=CARTESIAN_POINT('',(-0.000616735080178078,0.0230564993219451,0.000483066929233994));
#8861=CARTESIAN_POINT('',(0.000726715772533905,0.0230564993219451,0.000292574782222112));
#8862=CARTESIAN_POINT('',(0.000109980692355824,0.0230564993219451,0.000775641711456201));
#8863=CARTESIAN_POINT('',(-7.64020675347935E-5,0.102096804595966,-0.000552554261411124));
#8864=CARTESIAN_POINT('',(0.0007756417114563,0.0230564993219451,-0.000109980692355915));
#8865=CARTESIAN_POINT('',(-0.000726715772533898,0.0230564993219451,-0.000292574782222302));
#8866=CARTESIAN_POINT('',(4.61436444609831E-16,3.33066907387547E-16,0.021));
#8867=CARTESIAN_POINT('',(4.61436444609831E-16,3.33066907387547E-16,0.));
#8868=CARTESIAN_POINT('',(-0.0277922143454736,-0.0177930554367498,0.));
#8869=CARTESIAN_POINT('',(-0.0177930554367498,-0.0277922143454736,0.));
#8870=CARTESIAN_POINT('',(-0.0277922143454736,-0.0177930554367498,0.021));
#8871=CARTESIAN_POINT('',(-0.0277922143454736,-0.0177930554367498,0.021));
#8872=CARTESIAN_POINT('',(4.61436444609831E-16,3.33066907387547E-16,0.021));
#8873=CARTESIAN_POINT('',(-0.0177930554367498,-0.0277922143454736,0.021));
#8874=CARTESIAN_POINT('',(-0.0177930554367498,-0.0277922143454736,0.021));
#8875=CARTESIAN_POINT('',(-0.0288283174447395,-0.0184012174077517,0.021));
#8876=CARTESIAN_POINT('',(-0.0288283174447395,-0.0184012174077517,0.));
#8877=CARTESIAN_POINT('',(-0.0298644205440055,-0.0190093793787538,0.));
#8878=CARTESIAN_POINT('',(-0.0298644205440055,-0.0190093793787538,0.021));
#8879=CARTESIAN_POINT('',(-0.0298644205440055,-0.0190093793787538,0.021));
#8880=CARTESIAN_POINT('',(-0.0288283174447395,-0.0184012174077517,0.021));
#8881=CARTESIAN_POINT('',(-0.0284259419076217,-0.0215008974625731,0.021));
#8882=CARTESIAN_POINT('',(-0.0284259419076217,-0.0215008974625731,0.));
#8883=CARTESIAN_POINT('',(-0.0269874632712377,-0.0239924155463923,0.));
#8884=CARTESIAN_POINT('',(-0.0269874632712377,-0.0239924155463923,0.021));
#8885=CARTESIAN_POINT('',(-0.0269874632712377,-0.0239924155463923,0.021));
#8886=CARTESIAN_POINT('',(-0.0284259419076217,-0.0215008974625731,0.021));
#8887=CARTESIAN_POINT('',(-0.0283417893604217,-0.0247743360785532,0.021));
#8888=CARTESIAN_POINT('',(-0.0283417893604217,-0.0247743360785532,0.));
#8889=CARTESIAN_POINT('',(-0.0296961154496055,-0.025556256610714,0.));
#8890=CARTESIAN_POINT('',(-0.0296961154496055,-0.025556256610714,0.021));
#8891=CARTESIAN_POINT('',(-0.0296961154496055,-0.025556256610714,0.021));
#8892=CARTESIAN_POINT('',(-0.0283417893604217,-0.0247743360785532,0.021));
#8893=CARTESIAN_POINT('',(-0.0333382703124603,-0.0192478593392154,0.021));
#8894=CARTESIAN_POINT('',(-0.0333382703124603,-0.0192478593392154,0.));
#8895=CARTESIAN_POINT('',(-0.0369804251753151,-0.0129394620677169,0.));
#8896=CARTESIAN_POINT('',(-0.0369804251753151,-0.0129394620677169,0.021));
#8897=CARTESIAN_POINT('',(-0.0369804251753151,-0.0129394620677169,0.021));
#8898=CARTESIAN_POINT('',(-0.0333382703124603,-0.0192478593392154,0.021));
#8899=CARTESIAN_POINT('',(-0.0356260990861312,-0.0121575415355561,0.021));
#8900=CARTESIAN_POINT('',(-0.0356260990861312,-0.0121575415355561,0.));
#8901=CARTESIAN_POINT('',(-0.0342717729969474,-0.0113756210033952,0.));
#8902=CARTESIAN_POINT('',(-0.0342717729969474,-0.0113756210033952,0.021));
#8903=CARTESIAN_POINT('',(-0.0342717729969474,-0.0113756210033952,0.021));
#8904=CARTESIAN_POINT('',(-0.0356260990861312,-0.0121575415355561,0.021));
#8905=CARTESIAN_POINT('',(-0.0328332943605635,-0.0138671390872145,0.021));
#8906=CARTESIAN_POINT('',(-0.0328332943605635,-0.0138671390872145,0.));
#8907=CARTESIAN_POINT('',(-0.0313948157241795,-0.0163586571710338,0.));
#8908=CARTESIAN_POINT('',(-0.0313948157241795,-0.0163586571710338,0.021));
#8909=CARTESIAN_POINT('',(-0.0313948157241795,-0.0163586571710338,0.021));
#8910=CARTESIAN_POINT('',(-0.0328332943605635,-0.0138671390872145,0.021));
#8911=CARTESIAN_POINT('',(-0.0303500804580433,-0.0157654465516306,0.021));
#8912=CARTESIAN_POINT('',(-0.0303500804580433,-0.0157654465516306,0.));
#8913=CARTESIAN_POINT('',(-0.029305345191907,-0.0151722359322275,0.));
#8914=CARTESIAN_POINT('',(-0.029305345191907,-0.0151722359322275,0.021));
#8915=CARTESIAN_POINT('',(-0.029305345191907,-0.0151722359322275,0.021));
#8916=CARTESIAN_POINT('',(-0.0303500804580433,-0.0157654465516306,0.021));
#8917=CARTESIAN_POINT('',(2.4980018054066E-16,6.76542155630955E-17,0.021));
#8918=CARTESIAN_POINT('',(2.4980018054066E-16,6.76542155630955E-17,0.));
#8919=CARTESIAN_POINT('',(-0.0329652913689773,-0.00151313084643334,0.));
#8920=CARTESIAN_POINT('',(-0.0329652913689773,-0.00151313084643334,0.021));
#8921=CARTESIAN_POINT('',(-0.0329652913689773,-0.00151313084643334,0.021));
#8922=CARTESIAN_POINT('',(2.4980018054066E-16,6.76542155630955E-17,0.021));
#8923=CARTESIAN_POINT('',(-0.0341666639593824,-0.00152176301330368,0.021));
#8924=CARTESIAN_POINT('',(-0.0341666639593824,-0.00152176301330368,0.));
#8925=CARTESIAN_POINT('',(-0.0353680365497875,-0.00153039518017402,0.));
#8926=CARTESIAN_POINT('',(-0.0353680365497875,-0.00153039518017402,0.021));
#8927=CARTESIAN_POINT('',(-0.0353680365497875,-0.00153039518017402,0.021));
#8928=CARTESIAN_POINT('',(-0.0341666639593824,-0.00152176301330368,0.021));
#8929=CARTESIAN_POINT('',(-0.0353680365497875,-0.0044073524529418,0.021));
#8930=CARTESIAN_POINT('',(-0.0353680365497875,-0.0044073524529418,0.));
#8931=CARTESIAN_POINT('',(-0.0353680365497875,-0.00728430972570957,0.));
#8932=CARTESIAN_POINT('',(-0.0353680365497875,-0.00728430972570957,0.021));
#8933=CARTESIAN_POINT('',(-0.0353680365497875,-0.00728430972570957,0.021));
#8934=CARTESIAN_POINT('',(-0.0353680365497875,-0.0044073524529418,0.021));
#8935=CARTESIAN_POINT('',(-0.0369318776141093,-0.00728430972570958,0.021));
#8936=CARTESIAN_POINT('',(-0.0369318776141093,-0.00728430972570958,0.));
#8937=CARTESIAN_POINT('',(-0.0384957186784309,-0.00728430972570958,0.));
#8938=CARTESIAN_POINT('',(-0.0384957186784309,-0.00728430972570958,0.021));
#8939=CARTESIAN_POINT('',(-0.0384957186784309,-0.00728430972570958,0.021));
#8940=CARTESIAN_POINT('',(-0.0369318776141093,-0.00728430972570958,0.021));
#8941=CARTESIAN_POINT('',(-0.0384957186784309,0.,0.021));
#8942=CARTESIAN_POINT('',(-0.0384957186784309,0.,0.));
#8943=CARTESIAN_POINT('',(-0.0384957186784309,0.00728430972570958,0.));
#8944=CARTESIAN_POINT('',(-0.0384957186784309,0.00728430972570958,0.021));
#8945=CARTESIAN_POINT('',(-0.0384957186784309,0.00728430972570958,0.021));
#8946=CARTESIAN_POINT('',(-0.0384957186784309,0.,0.021));
#8947=CARTESIAN_POINT('',(-0.0369318776141093,0.00728430972570958,0.021));
#8948=CARTESIAN_POINT('',(-0.0369318776141093,0.00728430972570958,0.));
#8949=CARTESIAN_POINT('',(-0.0353680365497875,0.00728430972570958,0.));
#8950=CARTESIAN_POINT('',(-0.0353680365497875,0.00728430972570958,0.021));
#8951=CARTESIAN_POINT('',(-0.0353680365497875,0.00728430972570958,0.021));
#8952=CARTESIAN_POINT('',(-0.0369318776141093,0.00728430972570958,0.021));
#8953=CARTESIAN_POINT('',(-0.0353680365497875,0.0044073524529418,0.021));
#8954=CARTESIAN_POINT('',(-0.0353680365497875,0.0044073524529418,0.));
#8955=CARTESIAN_POINT('',(-0.0353680365497875,0.00153039518017403,0.));
#8956=CARTESIAN_POINT('',(-0.0353680365497875,0.00153039518017403,0.021));
#8957=CARTESIAN_POINT('',(-0.0353680365497875,0.00153039518017403,0.021));
#8958=CARTESIAN_POINT('',(-0.0353680365497875,0.0044073524529418,0.021));
#8959=CARTESIAN_POINT('',(-0.0341666639593824,0.00152176301330368,0.021));
#8960=CARTESIAN_POINT('',(-0.0341666639593824,0.00152176301330368,0.));
#8961=CARTESIAN_POINT('',(-0.0329652913689773,0.00151313084643333,0.));
#8962=CARTESIAN_POINT('',(-0.0329652913689773,0.00151313084643333,0.021));
#8963=CARTESIAN_POINT('',(-0.0329652913689773,0.00151313084643333,0.021));
#8964=CARTESIAN_POINT('',(-0.0341666639593824,0.00152176301330368,0.021));
#8965=CARTESIAN_POINT('',(6.93889390390723E-16,-8.91214185783085E-17,0.021));
#8966=CARTESIAN_POINT('',(6.93889390390723E-16,-8.91214185783085E-17,0.));
#8967=CARTESIAN_POINT('',(-0.029305345191907,0.0151722359322275,0.));
#8968=CARTESIAN_POINT('',(-0.029305345191907,0.0151722359322275,0.021));
#8969=CARTESIAN_POINT('',(-0.029305345191907,0.0151722359322275,0.021));
#8970=CARTESIAN_POINT('',(6.93889390390723E-16,-8.91214185783085E-17,0.021));
#8971=CARTESIAN_POINT('',(-0.0303500804580433,0.0157654465516307,0.021));
#8972=CARTESIAN_POINT('',(-0.0303500804580433,0.0157654465516307,0.));
#8973=CARTESIAN_POINT('',(-0.0313948157241795,0.0163586571710338,0.));
#8974=CARTESIAN_POINT('',(-0.0313948157241795,0.0163586571710338,0.021));
#8975=CARTESIAN_POINT('',(-0.0313948157241795,0.0163586571710338,0.021));
#8976=CARTESIAN_POINT('',(-0.0303500804580433,0.0157654465516307,0.021));
#8977=CARTESIAN_POINT('',(-0.0328332943605635,0.0138671390872145,0.021));
#8978=CARTESIAN_POINT('',(-0.0328332943605635,0.0138671390872145,0.));
#8979=CARTESIAN_POINT('',(-0.0342717729969474,0.0113756210033952,0.));
#8980=CARTESIAN_POINT('',(-0.0342717729969474,0.0113756210033952,0.021));
#8981=CARTESIAN_POINT('',(-0.0342717729969474,0.0113756210033952,0.021));
#8982=CARTESIAN_POINT('',(-0.0328332943605635,0.0138671390872145,0.021));
#8983=CARTESIAN_POINT('',(-0.0356260990861312,0.0121575415355561,0.021));
#8984=CARTESIAN_POINT('',(-0.0356260990861312,0.0121575415355561,0.));
#8985=CARTESIAN_POINT('',(-0.0369804251753151,0.0129394620677169,0.));
#8986=CARTESIAN_POINT('',(-0.0369804251753151,0.0129394620677169,0.021));
#8987=CARTESIAN_POINT('',(-0.0369804251753151,0.0129394620677169,0.021));
#8988=CARTESIAN_POINT('',(-0.0356260990861312,0.0121575415355561,0.021));
#8989=CARTESIAN_POINT('',(-0.0333382703124602,0.0192478593392154,0.021));
#8990=CARTESIAN_POINT('',(-0.0333382703124602,0.0192478593392154,0.));
#8991=CARTESIAN_POINT('',(-0.0296961154496055,0.025556256610714,0.));
#8992=CARTESIAN_POINT('',(-0.0296961154496055,0.025556256610714,0.021));
#8993=CARTESIAN_POINT('',(-0.0296961154496055,0.025556256610714,0.021));
#8994=CARTESIAN_POINT('',(-0.0333382703124602,0.0192478593392154,0.021));
#8995=CARTESIAN_POINT('',(-0.0283417893604216,0.0247743360785532,0.021));
#8996=CARTESIAN_POINT('',(-0.0283417893604216,0.0247743360785532,0.));
#8997=CARTESIAN_POINT('',(-0.0269874632712377,0.0239924155463923,0.));
#8998=CARTESIAN_POINT('',(-0.0269874632712377,0.0239924155463923,0.021));
#8999=CARTESIAN_POINT('',(-0.0269874632712377,0.0239924155463923,0.021));
#9000=CARTESIAN_POINT('',(-0.0283417893604216,0.0247743360785532,0.021));
#9001=CARTESIAN_POINT('',(-0.0284259419076217,0.0215008974625731,0.021));
#9002=CARTESIAN_POINT('',(-0.0284259419076217,0.0215008974625731,0.));
#9003=CARTESIAN_POINT('',(-0.0298644205440055,0.0190093793787538,0.));
#9004=CARTESIAN_POINT('',(-0.0298644205440055,0.0190093793787538,0.021));
#9005=CARTESIAN_POINT('',(-0.0298644205440055,0.0190093793787538,0.021));
#9006=CARTESIAN_POINT('',(-0.0284259419076217,0.0215008974625731,0.021));
#9007=CARTESIAN_POINT('',(-0.0288283174447395,0.0184012174077517,0.021));
#9008=CARTESIAN_POINT('',(-0.0288283174447395,0.0184012174077517,0.));
#9009=CARTESIAN_POINT('',(-0.0277922143454736,0.0177930554367498,0.));
#9010=CARTESIAN_POINT('',(-0.0277922143454736,0.0177930554367498,0.021));
#9011=CARTESIAN_POINT('',(-0.0277922143454736,0.0177930554367498,0.021));
#9012=CARTESIAN_POINT('',(-0.0288283174447395,0.0184012174077517,0.021));
#9013=CARTESIAN_POINT('',(3.17454396103756E-16,-2.02962646689286E-16,0.021));
#9014=CARTESIAN_POINT('',(3.17454396103756E-16,-2.02962646689286E-16,0.));
#9015=CARTESIAN_POINT('',(-0.0177930554367497,0.0277922143454736,0.));
#9016=CARTESIAN_POINT('',(-0.0177930554367497,0.0277922143454736,0.021));
#9017=CARTESIAN_POINT('',(-0.0177930554367497,0.0277922143454736,0.021));
#9018=CARTESIAN_POINT('',(3.17454396103756E-16,-2.02962646689286E-16,0.021));
#9019=CARTESIAN_POINT('',(-0.0184012174077517,0.0288283174447396,0.021));
#9020=CARTESIAN_POINT('',(-0.0184012174077517,0.0288283174447396,0.));
#9021=CARTESIAN_POINT('',(-0.0190093793787537,0.0298644205440055,0.));
#9022=CARTESIAN_POINT('',(-0.0190093793787537,0.0298644205440055,0.021));
#9023=CARTESIAN_POINT('',(-0.0190093793787537,0.0298644205440055,0.021));
#9024=CARTESIAN_POINT('',(-0.0184012174077517,0.0288283174447396,0.021));
#9025=CARTESIAN_POINT('',(-0.021500897462573,0.0284259419076217,0.021));
#9026=CARTESIAN_POINT('',(-0.021500897462573,0.0284259419076217,0.));
#9027=CARTESIAN_POINT('',(-0.0239924155463923,0.0269874632712378,0.));
#9028=CARTESIAN_POINT('',(-0.0239924155463923,0.0269874632712378,0.021));
#9029=CARTESIAN_POINT('',(-0.0239924155463923,0.0269874632712378,0.021));
#9030=CARTESIAN_POINT('',(-0.021500897462573,0.0284259419076217,0.021));
#9031=CARTESIAN_POINT('',(-0.0247743360785532,0.0283417893604217,0.021));
#9032=CARTESIAN_POINT('',(-0.0247743360785532,0.0283417893604217,0.));
#9033=CARTESIAN_POINT('',(-0.025556256610714,0.0296961154496055,0.));
#9034=CARTESIAN_POINT('',(-0.025556256610714,0.0296961154496055,0.021));
#9035=CARTESIAN_POINT('',(-0.025556256610714,0.0296961154496055,0.021));
#9036=CARTESIAN_POINT('',(-0.0247743360785532,0.0283417893604217,0.021));
#9037=CARTESIAN_POINT('',(-0.0192478593392154,0.0333382703124603,0.021));
#9038=CARTESIAN_POINT('',(-0.0192478593392154,0.0333382703124603,0.));
#9039=CARTESIAN_POINT('',(-0.0129394620677169,0.0369804251753151,0.));
#9040=CARTESIAN_POINT('',(-0.0129394620677169,0.0369804251753151,0.021));
#9041=CARTESIAN_POINT('',(-0.0129394620677169,0.0369804251753151,0.021));
#9042=CARTESIAN_POINT('',(-0.0192478593392154,0.0333382703124603,0.021));
#9043=CARTESIAN_POINT('',(-0.0121575415355561,0.0356260990861312,0.021));
#9044=CARTESIAN_POINT('',(-0.0121575415355561,0.0356260990861312,0.));
#9045=CARTESIAN_POINT('',(-0.0113756210033952,0.0342717729969473,0.));
#9046=CARTESIAN_POINT('',(-0.0113756210033952,0.0342717729969473,0.021));
#9047=CARTESIAN_POINT('',(-0.0113756210033952,0.0342717729969473,0.021));
#9048=CARTESIAN_POINT('',(-0.0121575415355561,0.0356260990861312,0.021));
#9049=CARTESIAN_POINT('',(-0.0138671390872145,0.0328332943605635,0.021));
#9050=CARTESIAN_POINT('',(-0.0138671390872145,0.0328332943605635,0.));
#9051=CARTESIAN_POINT('',(-0.0163586571710338,0.0313948157241796,0.));
#9052=CARTESIAN_POINT('',(-0.0163586571710338,0.0313948157241796,0.021));
#9053=CARTESIAN_POINT('',(-0.0163586571710338,0.0313948157241796,0.021));
#9054=CARTESIAN_POINT('',(-0.0138671390872145,0.0328332943605635,0.021));
#9055=CARTESIAN_POINT('',(-0.0157654465516306,0.0303500804580433,0.021));
#9056=CARTESIAN_POINT('',(-0.0157654465516306,0.0303500804580433,0.));
#9057=CARTESIAN_POINT('',(-0.0151722359322275,0.029305345191907,0.));
#9058=CARTESIAN_POINT('',(-0.0151722359322275,0.029305345191907,0.021));
#9059=CARTESIAN_POINT('',(-0.0151722359322275,0.029305345191907,0.021));
#9060=CARTESIAN_POINT('',(-0.0157654465516306,0.0303500804580433,0.021));
#9061=CARTESIAN_POINT('',(5.20417042793042E-17,-2.35922392732846E-16,0.021));
#9062=CARTESIAN_POINT('',(5.20417042793042E-17,-2.35922392732846E-16,0.));
#9063=CARTESIAN_POINT('',(-0.00151313084643333,0.0329652913689773,0.));
#9064=CARTESIAN_POINT('',(-0.00151313084643333,0.0329652913689773,0.021));
#9065=CARTESIAN_POINT('',(-0.00151313084643333,0.0329652913689773,0.021));
#9066=CARTESIAN_POINT('',(5.20417042793042E-17,-2.35922392732846E-16,0.021));
#9067=CARTESIAN_POINT('',(-0.00152176301330367,0.0341666639593824,0.021));
#9068=CARTESIAN_POINT('',(-0.00152176301330367,0.0341666639593824,0.));
#9069=CARTESIAN_POINT('',(-0.00153039518017402,0.0353680365497875,0.));
#9070=CARTESIAN_POINT('',(-0.00153039518017402,0.0353680365497875,0.021));
#9071=CARTESIAN_POINT('',(-0.00153039518017402,0.0353680365497875,0.021));
#9072=CARTESIAN_POINT('',(-0.00152176301330367,0.0341666639593824,0.021));
#9073=CARTESIAN_POINT('',(-0.00440735245294179,0.0353680365497875,0.021));
#9074=CARTESIAN_POINT('',(-0.00440735245294179,0.0353680365497875,0.));
#9075=CARTESIAN_POINT('',(-0.00728430972570957,0.0353680365497875,0.));
#9076=CARTESIAN_POINT('',(-0.00728430972570957,0.0353680365497875,0.021));
#9077=CARTESIAN_POINT('',(-0.00728430972570957,0.0353680365497875,0.021));
#9078=CARTESIAN_POINT('',(-0.00440735245294179,0.0353680365497875,0.021));
#9079=CARTESIAN_POINT('',(-0.00728430972570957,0.0369318776141093,0.021));
#9080=CARTESIAN_POINT('',(-0.00728430972570957,0.0369318776141093,0.));
#9081=CARTESIAN_POINT('',(-0.00728430972570957,0.0384957186784309,0.));
#9082=CARTESIAN_POINT('',(-0.00728430972570957,0.0384957186784309,0.021));
#9083=CARTESIAN_POINT('',(-0.00728430972570957,0.0384957186784309,0.021));
#9084=CARTESIAN_POINT('',(-0.00728430972570957,0.0369318776141093,0.021));
#9085=CARTESIAN_POINT('',(6.93889390390723E-18,0.0384957186784309,0.021));
#9086=CARTESIAN_POINT('',(6.93889390390723E-18,0.0384957186784309,0.));
#9087=CARTESIAN_POINT('',(0.00728430972570958,0.0384957186784309,0.));
#9088=CARTESIAN_POINT('',(0.00728430972570958,0.0384957186784309,0.021));
#9089=CARTESIAN_POINT('',(0.00728430972570958,0.0384957186784309,0.021));
#9090=CARTESIAN_POINT('',(6.93889390390723E-18,0.0384957186784309,0.021));
#9091=CARTESIAN_POINT('',(0.00728430972570958,0.0369318776141093,0.021));
#9092=CARTESIAN_POINT('',(0.00728430972570958,0.0369318776141093,0.));
#9093=CARTESIAN_POINT('',(0.00728430972570958,0.0353680365497875,0.));
#9094=CARTESIAN_POINT('',(0.00728430972570958,0.0353680365497875,0.021));
#9095=CARTESIAN_POINT('',(0.00728430972570958,0.0353680365497875,0.021));
#9096=CARTESIAN_POINT('',(0.00728430972570958,0.0369318776141093,0.021));
#9097=CARTESIAN_POINT('',(0.0044073524529418,0.0353680365497875,0.021));
#9098=CARTESIAN_POINT('',(0.0044073524529418,0.0353680365497875,0.));
#9099=CARTESIAN_POINT('',(0.00153039518017404,0.0353680365497875,0.));
#9100=CARTESIAN_POINT('',(0.00153039518017404,0.0353680365497875,0.021));
#9101=CARTESIAN_POINT('',(0.00153039518017404,0.0353680365497875,0.021));
#9102=CARTESIAN_POINT('',(0.0044073524529418,0.0353680365497875,0.021));
#9103=CARTESIAN_POINT('',(0.00152176301330368,0.0341666639593824,0.021));
#9104=CARTESIAN_POINT('',(0.00152176301330368,0.0341666639593824,0.));
#9105=CARTESIAN_POINT('',(0.00151313084643335,0.0329652913689773,0.));
#9106=CARTESIAN_POINT('',(0.00151313084643335,0.0329652913689773,0.021));
#9107=CARTESIAN_POINT('',(0.00151313084643335,0.0329652913689773,0.021));
#9108=CARTESIAN_POINT('',(0.00152176301330368,0.0341666639593824,0.021));
#9109=CARTESIAN_POINT('',(-7.69783542464708E-17,-5.68989300120393E-16,0.021));
#9110=CARTESIAN_POINT('',(-7.69783542464708E-17,-5.68989300120393E-16,0.));
#9111=CARTESIAN_POINT('',(0.0151722359322275,0.029305345191907,0.));
#9112=CARTESIAN_POINT('',(0.0151722359322275,0.029305345191907,0.021));
#9113=CARTESIAN_POINT('',(0.0151722359322275,0.029305345191907,0.021));
#9114=CARTESIAN_POINT('',(-7.69783542464708E-17,-5.68989300120393E-16,0.021));
#9115=CARTESIAN_POINT('',(0.0157654465516307,0.0303500804580433,0.021));
#9116=CARTESIAN_POINT('',(0.0157654465516307,0.0303500804580433,0.));
#9117=CARTESIAN_POINT('',(0.0163586571710338,0.0313948157241795,0.));
#9118=CARTESIAN_POINT('',(0.0163586571710338,0.0313948157241795,0.021));
#9119=CARTESIAN_POINT('',(0.0163586571710338,0.0313948157241795,0.021));
#9120=CARTESIAN_POINT('',(0.0157654465516307,0.0303500804580433,0.021));
#9121=CARTESIAN_POINT('',(0.0138671390872145,0.0328332943605635,0.021));
#9122=CARTESIAN_POINT('',(0.0138671390872145,0.0328332943605635,0.));
#9123=CARTESIAN_POINT('',(0.0113756210033952,0.0342717729969474,0.));
#9124=CARTESIAN_POINT('',(0.0113756210033952,0.0342717729969474,0.021));
#9125=CARTESIAN_POINT('',(0.0113756210033952,0.0342717729969474,0.021));
#9126=CARTESIAN_POINT('',(0.0138671390872145,0.0328332943605635,0.021));
#9127=CARTESIAN_POINT('',(0.0121575415355561,0.0356260990861312,0.021));
#9128=CARTESIAN_POINT('',(0.0121575415355561,0.0356260990861312,0.));
#9129=CARTESIAN_POINT('',(0.0129394620677169,0.0369804251753151,0.));
#9130=CARTESIAN_POINT('',(0.0129394620677169,0.0369804251753151,0.021));
#9131=CARTESIAN_POINT('',(0.0129394620677169,0.0369804251753151,0.021));
#9132=CARTESIAN_POINT('',(0.0121575415355561,0.0356260990861312,0.021));
#9133=CARTESIAN_POINT('',(0.0192478593392154,0.0333382703124602,0.021));
#9134=CARTESIAN_POINT('',(0.0192478593392154,0.0333382703124602,0.));
#9135=CARTESIAN_POINT('',(0.025556256610714,0.0296961154496055,0.));
#9136=CARTESIAN_POINT('',(0.025556256610714,0.0296961154496055,0.021));
#9137=CARTESIAN_POINT('',(0.025556256610714,0.0296961154496055,0.021));
#9138=CARTESIAN_POINT('',(0.0192478593392154,0.0333382703124602,0.021));
#9139=CARTESIAN_POINT('',(0.0247743360785532,0.0283417893604216,0.021));
#9140=CARTESIAN_POINT('',(0.0247743360785532,0.0283417893604216,0.));
#9141=CARTESIAN_POINT('',(0.0239924155463923,0.0269874632712377,0.));
#9142=CARTESIAN_POINT('',(0.0239924155463923,0.0269874632712377,0.021));
#9143=CARTESIAN_POINT('',(0.0239924155463923,0.0269874632712377,0.021));
#9144=CARTESIAN_POINT('',(0.0247743360785532,0.0283417893604216,0.021));
#9145=CARTESIAN_POINT('',(0.0215008974625731,0.0284259419076217,0.021));
#9146=CARTESIAN_POINT('',(0.0215008974625731,0.0284259419076217,0.));
#9147=CARTESIAN_POINT('',(0.0190093793787538,0.0298644205440055,0.));
#9148=CARTESIAN_POINT('',(0.0190093793787538,0.0298644205440055,0.021));
#9149=CARTESIAN_POINT('',(0.0190093793787538,0.0298644205440055,0.021));
#9150=CARTESIAN_POINT('',(0.0215008974625731,0.0284259419076217,0.021));
#9151=CARTESIAN_POINT('',(0.0184012174077518,0.0288283174447395,0.021));
#9152=CARTESIAN_POINT('',(0.0184012174077518,0.0288283174447395,0.));
#9153=CARTESIAN_POINT('',(0.0177930554367498,0.0277922143454736,0.));
#9154=CARTESIAN_POINT('',(0.0177930554367498,0.0277922143454736,0.021));
#9155=CARTESIAN_POINT('',(0.0177930554367498,0.0277922143454736,0.021));
#9156=CARTESIAN_POINT('',(0.0184012174077518,0.0288283174447395,0.021));
#9157=CARTESIAN_POINT('',(-2.02962646689286E-16,-3.17454396103756E-16,0.021));
#9158=CARTESIAN_POINT('',(-2.02962646689286E-16,-3.17454396103756E-16,0.));
#9159=CARTESIAN_POINT('',(0.0277922143454736,0.0177930554367498,0.));
#9160=CARTESIAN_POINT('',(0.0277922143454736,0.0177930554367498,0.021));
#9161=CARTESIAN_POINT('',(0.0277922143454736,0.0177930554367498,0.021));
#9162=CARTESIAN_POINT('',(-2.02962646689286E-16,-3.17454396103756E-16,0.021));
#9163=CARTESIAN_POINT('',(0.0288283174447395,0.0184012174077517,0.021));
#9164=CARTESIAN_POINT('',(0.0288283174447395,0.0184012174077517,0.));
#9165=CARTESIAN_POINT('',(0.0298644205440055,0.0190093793787538,0.));
#9166=CARTESIAN_POINT('',(0.0298644205440055,0.0190093793787538,0.021));
#9167=CARTESIAN_POINT('',(0.0298644205440055,0.0190093793787538,0.021));
#9168=CARTESIAN_POINT('',(0.0288283174447395,0.0184012174077517,0.021));
#9169=CARTESIAN_POINT('',(0.0284259419076217,0.0215008974625731,0.021));
#9170=CARTESIAN_POINT('',(0.0284259419076217,0.0215008974625731,0.));
#9171=CARTESIAN_POINT('',(0.0269874632712378,0.0239924155463923,0.));
#9172=CARTESIAN_POINT('',(0.0269874632712378,0.0239924155463923,0.021));
#9173=CARTESIAN_POINT('',(0.0269874632712378,0.0239924155463923,0.021));
#9174=CARTESIAN_POINT('',(0.0284259419076217,0.0215008974625731,0.021));
#9175=CARTESIAN_POINT('',(0.0283417893604217,0.0247743360785532,0.021));
#9176=CARTESIAN_POINT('',(0.0283417893604217,0.0247743360785532,0.));
#9177=CARTESIAN_POINT('',(0.0296961154496055,0.025556256610714,0.));
#9178=CARTESIAN_POINT('',(0.0296961154496055,0.025556256610714,0.021));
#9179=CARTESIAN_POINT('',(0.0296961154496055,0.025556256610714,0.021));
#9180=CARTESIAN_POINT('',(0.0283417893604217,0.0247743360785532,0.021));
#9181=CARTESIAN_POINT('',(0.0333382703124603,0.0192478593392154,0.021));
#9182=CARTESIAN_POINT('',(0.0333382703124603,0.0192478593392154,0.));
#9183=CARTESIAN_POINT('',(0.0369804251753151,0.0129394620677169,0.));
#9184=CARTESIAN_POINT('',(0.0369804251753151,0.0129394620677169,0.021));
#9185=CARTESIAN_POINT('',(0.0369804251753151,0.0129394620677169,0.021));
#9186=CARTESIAN_POINT('',(0.0333382703124603,0.0192478593392154,0.021));
#9187=CARTESIAN_POINT('',(0.0356260990861312,0.0121575415355561,0.021));
#9188=CARTESIAN_POINT('',(0.0356260990861312,0.0121575415355561,0.));
#9189=CARTESIAN_POINT('',(0.0342717729969474,0.0113756210033952,0.));
#9190=CARTESIAN_POINT('',(0.0342717729969474,0.0113756210033952,0.021));
#9191=CARTESIAN_POINT('',(0.0342717729969474,0.0113756210033952,0.021));
#9192=CARTESIAN_POINT('',(0.0356260990861312,0.0121575415355561,0.021));
#9193=CARTESIAN_POINT('',(0.0328332943605635,0.0138671390872145,0.021));
#9194=CARTESIAN_POINT('',(0.0328332943605635,0.0138671390872145,0.));
#9195=CARTESIAN_POINT('',(0.0313948157241795,0.0163586571710338,0.));
#9196=CARTESIAN_POINT('',(0.0313948157241795,0.0163586571710338,0.021));
#9197=CARTESIAN_POINT('',(0.0313948157241795,0.0163586571710338,0.021));
#9198=CARTESIAN_POINT('',(0.0328332943605635,0.0138671390872145,0.021));
#9199=CARTESIAN_POINT('',(0.0303500804580433,0.0157654465516307,0.021));
#9200=CARTESIAN_POINT('',(0.0303500804580433,0.0157654465516307,0.));
#9201=CARTESIAN_POINT('',(0.029305345191907,0.0151722359322275,0.));
#9202=CARTESIAN_POINT('',(0.029305345191907,0.0151722359322275,0.021));
#9203=CARTESIAN_POINT('',(0.029305345191907,0.0151722359322275,0.021));
#9204=CARTESIAN_POINT('',(0.0303500804580433,0.0157654465516307,0.021));
#9205=CARTESIAN_POINT('',(-1.94289029309402E-16,-4.42354486374086E-17,0.021));
#9206=CARTESIAN_POINT('',(-1.94289029309402E-16,-4.42354486374086E-17,0.));
#9207=CARTESIAN_POINT('',(0.0329652913689773,0.00151313084643333,0.));
#9208=CARTESIAN_POINT('',(0.0329652913689773,0.00151313084643333,0.021));
#9209=CARTESIAN_POINT('',(0.0329652913689773,0.00151313084643333,0.021));
#9210=CARTESIAN_POINT('',(-1.94289029309402E-16,-4.42354486374086E-17,0.021));
#9211=CARTESIAN_POINT('',(0.0341666639593824,0.00152176301330367,0.021));
#9212=CARTESIAN_POINT('',(0.0341666639593824,0.00152176301330367,0.));
#9213=CARTESIAN_POINT('',(0.0353680365497875,0.00153039518017402,0.));
#9214=CARTESIAN_POINT('',(0.0353680365497875,0.00153039518017402,0.021));
#9215=CARTESIAN_POINT('',(0.0353680365497875,0.00153039518017402,0.021));
#9216=CARTESIAN_POINT('',(0.0341666639593824,0.00152176301330367,0.021));
#9217=CARTESIAN_POINT('',(0.0353680365497875,0.00440735245294179,0.021));
#9218=CARTESIAN_POINT('',(0.0353680365497875,0.00440735245294179,0.));
#9219=CARTESIAN_POINT('',(0.0353680365497875,0.00728430972570957,0.));
#9220=CARTESIAN_POINT('',(0.0353680365497875,0.00728430972570957,0.021));
#9221=CARTESIAN_POINT('',(0.0353680365497875,0.00728430972570957,0.021));
#9222=CARTESIAN_POINT('',(0.0353680365497875,0.00440735245294179,0.021));
#9223=CARTESIAN_POINT('',(0.0369318776141093,0.00728430972570957,0.021));
#9224=CARTESIAN_POINT('',(0.0369318776141093,0.00728430972570957,0.));
#9225=CARTESIAN_POINT('',(0.0384957186784309,0.00728430972570957,0.));
#9226=CARTESIAN_POINT('',(0.0384957186784309,0.00728430972570957,0.021));
#9227=CARTESIAN_POINT('',(0.0384957186784309,0.00728430972570957,0.021));
#9228=CARTESIAN_POINT('',(0.0369318776141093,0.00728430972570957,0.021));
#9229=CARTESIAN_POINT('',(0.0384957186784309,-4.33680868994202E-18,0.021));
#9230=CARTESIAN_POINT('',(0.0384957186784309,-4.33680868994202E-18,0.));
#9231=CARTESIAN_POINT('',(0.0384957186784309,-0.00728430972570958,0.));
#9232=CARTESIAN_POINT('',(0.0384957186784309,-0.00728430972570958,0.021));
#9233=CARTESIAN_POINT('',(0.0384957186784309,-0.00728430972570958,0.021));
#9234=CARTESIAN_POINT('',(0.0384957186784309,-4.33680868994202E-18,0.021));
#9235=CARTESIAN_POINT('',(0.0369318776141093,-0.00728430972570958,0.021));
#9236=CARTESIAN_POINT('',(0.0369318776141093,-0.00728430972570958,0.));
#9237=CARTESIAN_POINT('',(0.0353680365497875,-0.00728430972570958,0.));
#9238=CARTESIAN_POINT('',(0.0353680365497875,-0.00728430972570958,0.021));
#9239=CARTESIAN_POINT('',(0.0353680365497875,-0.00728430972570958,0.021));
#9240=CARTESIAN_POINT('',(0.0369318776141093,-0.00728430972570958,0.021));
#9241=CARTESIAN_POINT('',(0.0353680365497875,-0.0044073524529418,0.021));
#9242=CARTESIAN_POINT('',(0.0353680365497875,-0.0044073524529418,0.));
#9243=CARTESIAN_POINT('',(0.0353680365497875,-0.00153039518017403,0.));
#9244=CARTESIAN_POINT('',(0.0353680365497875,-0.00153039518017403,0.021));
#9245=CARTESIAN_POINT('',(0.0353680365497875,-0.00153039518017403,0.021));
#9246=CARTESIAN_POINT('',(0.0353680365497875,-0.0044073524529418,0.021));
#9247=CARTESIAN_POINT('',(0.0341666639593824,-0.00152176301330367,0.021));
#9248=CARTESIAN_POINT('',(0.0341666639593824,-0.00152176301330367,0.));
#9249=CARTESIAN_POINT('',(0.0329652913689773,-0.00151313084643334,0.));
#9250=CARTESIAN_POINT('',(0.0329652913689773,-0.00151313084643334,0.021));
#9251=CARTESIAN_POINT('',(0.0329652913689773,-0.00151313084643334,0.021));
#9252=CARTESIAN_POINT('',(0.0341666639593824,-0.00152176301330367,0.021));
#9253=CARTESIAN_POINT('',(-5.759281940243E-16,8.01225405466788E-17,0.021));
#9254=CARTESIAN_POINT('',(-5.759281940243E-16,8.01225405466788E-17,0.));
#9255=CARTESIAN_POINT('',(0.029305345191907,-0.0151722359322275,0.));
#9256=CARTESIAN_POINT('',(0.029305345191907,-0.0151722359322275,0.021));
#9257=CARTESIAN_POINT('',(0.029305345191907,-0.0151722359322275,0.021));
#9258=CARTESIAN_POINT('',(-5.759281940243E-16,8.01225405466788E-17,0.021));
#9259=CARTESIAN_POINT('',(0.0303500804580433,-0.0157654465516307,0.021));
#9260=CARTESIAN_POINT('',(0.0303500804580433,-0.0157654465516307,0.));
#9261=CARTESIAN_POINT('',(0.0313948157241795,-0.0163586571710338,0.));
#9262=CARTESIAN_POINT('',(0.0313948157241795,-0.0163586571710338,0.021));
#9263=CARTESIAN_POINT('',(0.0313948157241795,-0.0163586571710338,0.021));
#9264=CARTESIAN_POINT('',(0.0303500804580433,-0.0157654465516307,0.021));
#9265=CARTESIAN_POINT('',(0.0328332943605635,-0.0138671390872145,0.021));
#9266=CARTESIAN_POINT('',(0.0328332943605635,-0.0138671390872145,0.));
#9267=CARTESIAN_POINT('',(0.0342717729969474,-0.0113756210033952,0.));
#9268=CARTESIAN_POINT('',(0.0342717729969474,-0.0113756210033952,0.021));
#9269=CARTESIAN_POINT('',(0.0342717729969474,-0.0113756210033952,0.021));
#9270=CARTESIAN_POINT('',(0.0328332943605635,-0.0138671390872145,0.021));
#9271=CARTESIAN_POINT('',(0.0356260990861312,-0.0121575415355561,0.021));
#9272=CARTESIAN_POINT('',(0.0356260990861312,-0.0121575415355561,0.));
#9273=CARTESIAN_POINT('',(0.0369804251753151,-0.0129394620677169,0.));
#9274=CARTESIAN_POINT('',(0.0369804251753151,-0.0129394620677169,0.021));
#9275=CARTESIAN_POINT('',(0.0369804251753151,-0.0129394620677169,0.021));
#9276=CARTESIAN_POINT('',(0.0356260990861312,-0.0121575415355561,0.021));
#9277=CARTESIAN_POINT('',(0.0333382703124603,-0.0192478593392154,0.021));
#9278=CARTESIAN_POINT('',(0.0333382703124603,-0.0192478593392154,0.));
#9279=CARTESIAN_POINT('',(0.0296961154496055,-0.025556256610714,0.));
#9280=CARTESIAN_POINT('',(0.0296961154496055,-0.025556256610714,0.021));
#9281=CARTESIAN_POINT('',(0.0296961154496055,-0.025556256610714,0.021));
#9282=CARTESIAN_POINT('',(0.0333382703124603,-0.0192478593392154,0.021));
#9283=CARTESIAN_POINT('',(0.0283417893604217,-0.0247743360785532,0.021));
#9284=CARTESIAN_POINT('',(0.0283417893604217,-0.0247743360785532,0.));
#9285=CARTESIAN_POINT('',(0.0269874632712377,-0.0239924155463923,0.));
#9286=CARTESIAN_POINT('',(0.0269874632712377,-0.0239924155463923,0.021));
#9287=CARTESIAN_POINT('',(0.0269874632712377,-0.0239924155463923,0.021));
#9288=CARTESIAN_POINT('',(0.0283417893604217,-0.0247743360785532,0.021));
#9289=CARTESIAN_POINT('',(0.0284259419076217,-0.0215008974625731,0.021));
#9290=CARTESIAN_POINT('',(0.0284259419076217,-0.0215008974625731,0.));
#9291=CARTESIAN_POINT('',(0.0298644205440055,-0.0190093793787538,0.));
#9292=CARTESIAN_POINT('',(0.0298644205440055,-0.0190093793787538,0.021));
#9293=CARTESIAN_POINT('',(0.0298644205440055,-0.0190093793787538,0.021));
#9294=CARTESIAN_POINT('',(0.0284259419076217,-0.0215008974625731,0.021));
#9295=CARTESIAN_POINT('',(0.0288283174447395,-0.0184012174077518,0.021));
#9296=CARTESIAN_POINT('',(0.0288283174447395,-0.0184012174077518,0.));
#9297=CARTESIAN_POINT('',(0.0277922143454736,-0.0177930554367498,0.));
#9298=CARTESIAN_POINT('',(0.0277922143454736,-0.0177930554367498,0.021));
#9299=CARTESIAN_POINT('',(0.0277922143454736,-0.0177930554367498,0.021));
#9300=CARTESIAN_POINT('',(0.0288283174447395,-0.0184012174077518,0.021));
#9301=CARTESIAN_POINT('',(-2.89698820488127E-16,1.97758476261356E-16,0.021));
#9302=CARTESIAN_POINT('',(-2.89698820488127E-16,1.97758476261356E-16,0.));
#9303=CARTESIAN_POINT('',(0.0177930554367497,-0.0277922143454736,0.));
#9304=CARTESIAN_POINT('',(0.0177930554367497,-0.0277922143454736,0.021));
#9305=CARTESIAN_POINT('',(0.0177930554367497,-0.0277922143454736,0.021));
#9306=CARTESIAN_POINT('',(-2.89698820488127E-16,1.97758476261356E-16,0.021));
#9307=CARTESIAN_POINT('',(0.0184012174077517,-0.0288283174447396,0.021));
#9308=CARTESIAN_POINT('',(0.0184012174077517,-0.0288283174447396,0.));
#9309=CARTESIAN_POINT('',(0.0190093793787537,-0.0298644205440055,0.));
#9310=CARTESIAN_POINT('',(0.0190093793787537,-0.0298644205440055,0.021));
#9311=CARTESIAN_POINT('',(0.0190093793787537,-0.0298644205440055,0.021));
#9312=CARTESIAN_POINT('',(0.0184012174077517,-0.0288283174447396,0.021));
#9313=CARTESIAN_POINT('',(0.0215008974625731,-0.0284259419076217,0.021));
#9314=CARTESIAN_POINT('',(0.0215008974625731,-0.0284259419076217,0.));
#9315=CARTESIAN_POINT('',(0.0239924155463923,-0.0269874632712377,0.));
#9316=CARTESIAN_POINT('',(0.0239924155463923,-0.0269874632712377,0.021));
#9317=CARTESIAN_POINT('',(0.0239924155463923,-0.0269874632712377,0.021));
#9318=CARTESIAN_POINT('',(0.0215008974625731,-0.0284259419076217,0.021));
#9319=CARTESIAN_POINT('',(0.0247743360785532,-0.0283417893604217,0.021));
#9320=CARTESIAN_POINT('',(0.0247743360785532,-0.0283417893604217,0.));
#9321=CARTESIAN_POINT('',(0.025556256610714,-0.0296961154496055,0.));
#9322=CARTESIAN_POINT('',(0.025556256610714,-0.0296961154496055,0.021));
#9323=CARTESIAN_POINT('',(0.025556256610714,-0.0296961154496055,0.021));
#9324=CARTESIAN_POINT('',(0.0247743360785532,-0.0283417893604217,0.021));
#9325=CARTESIAN_POINT('',(0.0192478593392154,-0.0333382703124603,0.021));
#9326=CARTESIAN_POINT('',(0.0192478593392154,-0.0333382703124603,0.));
#9327=CARTESIAN_POINT('',(0.0129394620677169,-0.0369804251753151,0.));
#9328=CARTESIAN_POINT('',(0.0129394620677169,-0.0369804251753151,0.021));
#9329=CARTESIAN_POINT('',(0.0129394620677169,-0.0369804251753151,0.021));
#9330=CARTESIAN_POINT('',(0.0192478593392154,-0.0333382703124603,0.021));
#9331=CARTESIAN_POINT('',(0.0121575415355561,-0.0356260990861312,0.021));
#9332=CARTESIAN_POINT('',(0.0121575415355561,-0.0356260990861312,0.));
#9333=CARTESIAN_POINT('',(0.0113756210033952,-0.0342717729969474,0.));
#9334=CARTESIAN_POINT('',(0.0113756210033952,-0.0342717729969474,0.021));
#9335=CARTESIAN_POINT('',(0.0113756210033952,-0.0342717729969474,0.021));
#9336=CARTESIAN_POINT('',(0.0121575415355561,-0.0356260990861312,0.021));
#9337=CARTESIAN_POINT('',(0.0138671390872145,-0.0328332943605635,0.021));
#9338=CARTESIAN_POINT('',(0.0138671390872145,-0.0328332943605635,0.));
#9339=CARTESIAN_POINT('',(0.0163586571710338,-0.0313948157241795,0.));
#9340=CARTESIAN_POINT('',(0.0163586571710338,-0.0313948157241795,0.021));
#9341=CARTESIAN_POINT('',(0.0163586571710338,-0.0313948157241795,0.021));
#9342=CARTESIAN_POINT('',(0.0138671390872145,-0.0328332943605635,0.021));
#9343=CARTESIAN_POINT('',(0.0157654465516306,-0.0303500804580433,0.021));
#9344=CARTESIAN_POINT('',(0.0157654465516306,-0.0303500804580433,0.));
#9345=CARTESIAN_POINT('',(0.0151722359322275,-0.029305345191907,0.));
#9346=CARTESIAN_POINT('',(0.0151722359322275,-0.029305345191907,0.021));
#9347=CARTESIAN_POINT('',(0.0151722359322275,-0.029305345191907,0.021));
#9348=CARTESIAN_POINT('',(0.0157654465516306,-0.0303500804580433,0.021));
#9349=CARTESIAN_POINT('',(-4.25007251614318E-17,1.94289029309402E-16,0.021));
#9350=CARTESIAN_POINT('',(-4.25007251614318E-17,1.94289029309402E-16,0.));
#9351=CARTESIAN_POINT('',(0.00151313084643333,-0.0329652913689773,0.));
#9352=CARTESIAN_POINT('',(0.00151313084643333,-0.0329652913689773,0.021));
#9353=CARTESIAN_POINT('',(0.00151313084643333,-0.0329652913689773,0.021));
#9354=CARTESIAN_POINT('',(-4.25007251614318E-17,1.94289029309402E-16,0.021));
#9355=CARTESIAN_POINT('',(0.00152176301330368,-0.0341666639593824,0.021));
#9356=CARTESIAN_POINT('',(0.00152176301330368,-0.0341666639593824,0.));
#9357=CARTESIAN_POINT('',(0.00153039518017403,-0.0353680365497875,0.));
#9358=CARTESIAN_POINT('',(0.00153039518017403,-0.0353680365497875,0.021));
#9359=CARTESIAN_POINT('',(0.00153039518017403,-0.0353680365497875,0.021));
#9360=CARTESIAN_POINT('',(0.00152176301330368,-0.0341666639593824,0.021));
#9361=CARTESIAN_POINT('',(0.00440735245294179,-0.0353680365497875,0.021));
#9362=CARTESIAN_POINT('',(0.00440735245294179,-0.0353680365497875,0.));
#9363=CARTESIAN_POINT('',(0.00728430972570957,-0.0353680365497875,0.));
#9364=CARTESIAN_POINT('',(0.00728430972570957,-0.0353680365497875,0.021));
#9365=CARTESIAN_POINT('',(0.00728430972570957,-0.0353680365497875,0.021));
#9366=CARTESIAN_POINT('',(0.00440735245294179,-0.0353680365497875,0.021));
#9367=CARTESIAN_POINT('',(0.00728430972570957,-0.0369318776141093,0.021));
#9368=CARTESIAN_POINT('',(0.00728430972570957,-0.0369318776141093,0.));
#9369=CARTESIAN_POINT('',(0.00728430972570957,-0.0384957186784309,0.));
#9370=CARTESIAN_POINT('',(0.00728430972570957,-0.0384957186784309,0.021));
#9371=CARTESIAN_POINT('',(0.00728430972570957,-0.0384957186784309,0.021));
#9372=CARTESIAN_POINT('',(0.00728430972570957,-0.0369318776141093,0.021));
#9373=CARTESIAN_POINT('',(-2.60208521396521E-18,-0.0384957186784309,0.021));
#9374=CARTESIAN_POINT('',(-2.60208521396521E-18,-0.0384957186784309,0.));
#9375=CARTESIAN_POINT('',(-0.00728430972570958,-0.0384957186784309,0.));
#9376=CARTESIAN_POINT('',(-0.00728430972570958,-0.0384957186784309,0.021));
#9377=CARTESIAN_POINT('',(-0.00728430972570958,-0.0384957186784309,0.021));
#9378=CARTESIAN_POINT('',(-2.60208521396521E-18,-0.0384957186784309,0.021));
#9379=CARTESIAN_POINT('',(-0.00728430972570958,-0.0369318776141093,0.021));
#9380=CARTESIAN_POINT('',(-0.00728430972570958,-0.0369318776141093,0.));
#9381=CARTESIAN_POINT('',(-0.00728430972570958,-0.0353680365497875,0.));
#9382=CARTESIAN_POINT('',(-0.00728430972570958,-0.0353680365497875,0.021));
#9383=CARTESIAN_POINT('',(-0.00728430972570958,-0.0353680365497875,0.021));
#9384=CARTESIAN_POINT('',(-0.00728430972570958,-0.0369318776141093,0.021));
#9385=CARTESIAN_POINT('',(-0.0044073524529418,-0.0353680365497875,0.021));
#9386=CARTESIAN_POINT('',(-0.0044073524529418,-0.0353680365497875,0.));
#9387=CARTESIAN_POINT('',(-0.00153039518017403,-0.0353680365497875,0.));
#9388=CARTESIAN_POINT('',(-0.00153039518017403,-0.0353680365497875,0.021));
#9389=CARTESIAN_POINT('',(-0.00153039518017403,-0.0353680365497875,0.021));
#9390=CARTESIAN_POINT('',(-0.0044073524529418,-0.0353680365497875,0.021));
#9391=CARTESIAN_POINT('',(-0.00152176301330368,-0.0341666639593824,0.021));
#9392=CARTESIAN_POINT('',(-0.00152176301330368,-0.0341666639593824,0.));
#9393=CARTESIAN_POINT('',(-0.00151313084643334,-0.0329652913689773,0.));
#9394=CARTESIAN_POINT('',(-0.00151313084643334,-0.0329652913689773,0.021));
#9395=CARTESIAN_POINT('',(-0.00151313084643334,-0.0329652913689773,0.021));
#9396=CARTESIAN_POINT('',(-0.00152176301330368,-0.0341666639593824,0.021));
#9397=CARTESIAN_POINT('',(8.22909448916498E-17,5.759281940243E-16,0.021));
#9398=CARTESIAN_POINT('',(8.22909448916498E-17,5.759281940243E-16,0.));
#9399=CARTESIAN_POINT('',(-0.0151722359322275,-0.029305345191907,0.));
#9400=CARTESIAN_POINT('',(-0.0151722359322275,-0.029305345191907,0.021));
#9401=CARTESIAN_POINT('',(-0.0151722359322275,-0.029305345191907,0.021));
#9402=CARTESIAN_POINT('',(8.22909448916498E-17,5.759281940243E-16,0.021));
#9403=CARTESIAN_POINT('',(-0.0157654465516307,-0.0303500804580433,0.021));
#9404=CARTESIAN_POINT('',(-0.0157654465516307,-0.0303500804580433,0.));
#9405=CARTESIAN_POINT('',(-0.0163586571710338,-0.0313948157241795,0.));
#9406=CARTESIAN_POINT('',(-0.0163586571710338,-0.0313948157241795,0.021));
#9407=CARTESIAN_POINT('',(-0.0163586571710338,-0.0313948157241795,0.021));
#9408=CARTESIAN_POINT('',(-0.0157654465516307,-0.0303500804580433,0.021));
#9409=CARTESIAN_POINT('',(-0.0138671390872145,-0.0328332943605635,0.021));
#9410=CARTESIAN_POINT('',(-0.0138671390872145,-0.0328332943605635,0.));
#9411=CARTESIAN_POINT('',(-0.0113756210033952,-0.0342717729969474,0.));
#9412=CARTESIAN_POINT('',(-0.0113756210033952,-0.0342717729969474,0.021));
#9413=CARTESIAN_POINT('',(-0.0113756210033952,-0.0342717729969474,0.021));
#9414=CARTESIAN_POINT('',(-0.0138671390872145,-0.0328332943605635,0.021));
#9415=CARTESIAN_POINT('',(-0.0121575415355561,-0.0356260990861312,0.021));
#9416=CARTESIAN_POINT('',(-0.0121575415355561,-0.0356260990861312,0.));
#9417=CARTESIAN_POINT('',(-0.0129394620677169,-0.0369804251753151,0.));
#9418=CARTESIAN_POINT('',(-0.0129394620677169,-0.0369804251753151,0.021));
#9419=CARTESIAN_POINT('',(-0.0129394620677169,-0.0369804251753151,0.021));
#9420=CARTESIAN_POINT('',(-0.0121575415355561,-0.0356260990861312,0.021));
#9421=CARTESIAN_POINT('',(-0.0192478593392154,-0.0333382703124603,0.021));
#9422=CARTESIAN_POINT('',(-0.0192478593392154,-0.0333382703124603,0.));
#9423=CARTESIAN_POINT('',(-0.025556256610714,-0.0296961154496055,0.));
#9424=CARTESIAN_POINT('',(-0.025556256610714,-0.0296961154496055,0.021));
#9425=CARTESIAN_POINT('',(-0.025556256610714,-0.0296961154496055,0.021));
#9426=CARTESIAN_POINT('',(-0.0192478593392154,-0.0333382703124603,0.021));
#9427=CARTESIAN_POINT('',(-0.0247743360785532,-0.0283417893604216,0.021));
#9428=CARTESIAN_POINT('',(-0.0247743360785532,-0.0283417893604216,0.));
#9429=CARTESIAN_POINT('',(-0.0239924155463923,-0.0269874632712377,0.));
#9430=CARTESIAN_POINT('',(-0.0239924155463923,-0.0269874632712377,0.021));
#9431=CARTESIAN_POINT('',(-0.0239924155463923,-0.0269874632712377,0.021));
#9432=CARTESIAN_POINT('',(-0.0247743360785532,-0.0283417893604216,0.021));
#9433=CARTESIAN_POINT('',(-0.0215008974625731,-0.0284259419076217,0.021));
#9434=CARTESIAN_POINT('',(-0.0215008974625731,-0.0284259419076217,0.));
#9435=CARTESIAN_POINT('',(-0.0190093793787538,-0.0298644205440055,0.));
#9436=CARTESIAN_POINT('',(-0.0190093793787538,-0.0298644205440055,0.021));
#9437=CARTESIAN_POINT('',(-0.0190093793787538,-0.0298644205440055,0.021));
#9438=CARTESIAN_POINT('',(-0.0215008974625731,-0.0284259419076217,0.021));
#9439=CARTESIAN_POINT('',(0.,2.60237444818812E-18,0.021));
#9440=CARTESIAN_POINT('',(0.,2.60237444818812E-18,0.021));
#9441=CARTESIAN_POINT('',(0.0425,2.60237444818812E-18,0.021));
#9442=CARTESIAN_POINT('',(0.,2.60237444818812E-18,0.));
#9443=CARTESIAN_POINT('',(0.0425,2.60237444818812E-18,0.));
#9444=CARTESIAN_POINT('',(-0.0184012174077517,-0.0288283174447395,0.021));
#9445=CARTESIAN_POINT('',(-0.0184012174077517,-0.0288283174447395,0.));
#9446=CARTESIAN_POINT('',(-0.0184012174077517,-0.0288283174447395,0.021));
#9447=CARTESIAN_POINT('',(0.,0.,0.021));
#9448=CARTESIAN_POINT('',(0.,0.,0.));
#9449=CARTESIAN_POINT('',(3.46944695195361E-18,0.002,-9.77054196805888E-17));
#9450=CARTESIAN_POINT('',(0.000483066929234093,0.0230564993219451,0.000616735080177986));
#9451=CARTESIAN_POINT('',(0.000616735080178085,0.0230564993219451,-0.000483066929234185));
#9452=CARTESIAN_POINT('',(-0.000292574782222203,0.0230564993219451,0.000726715772533807));
#9453=MECHANICAL_DESIGN_GEOMETRIC_PRESENTATION_REPRESENTATION('',(#5578,
#5579,#5580,#5581),#9454);
#9454=(
GEOMETRIC_REPRESENTATION_CONTEXT(3)
GLOBAL_UNCERTAINTY_ASSIGNED_CONTEXT((#9459))
GLOBAL_UNIT_ASSIGNED_CONTEXT((#9466,#9465,#9464))
REPRESENTATION_CONTEXT('Assembly','TOP_LEVEL_ASSEMBLY_PART')
);
#9455=(
GEOMETRIC_REPRESENTATION_CONTEXT(3)
GLOBAL_UNCERTAINTY_ASSIGNED_CONTEXT((#9460))
GLOBAL_UNIT_ASSIGNED_CONTEXT((#9466,#9465,#9464))
REPRESENTATION_CONTEXT('Part 1','COMPONENT_PART')
);
#9456=(
GEOMETRIC_REPRESENTATION_CONTEXT(3)
GLOBAL_UNCERTAINTY_ASSIGNED_CONTEXT((#9461))
GLOBAL_UNIT_ASSIGNED_CONTEXT((#9466,#9465,#9464))
REPRESENTATION_CONTEXT('Part 1','COMPONENT_PART')
);
#9457=(
GEOMETRIC_REPRESENTATION_CONTEXT(3)
GLOBAL_UNCERTAINTY_ASSIGNED_CONTEXT((#9462))
GLOBAL_UNIT_ASSIGNED_CONTEXT((#9466,#9465,#9464))
REPRESENTATION_CONTEXT('Part 1','COMPONENT_PART')
);
#9458=(
GEOMETRIC_REPRESENTATION_CONTEXT(3)
GLOBAL_UNCERTAINTY_ASSIGNED_CONTEXT((#9463))
GLOBAL_UNIT_ASSIGNED_CONTEXT((#9466,#9465,#9464))
REPRESENTATION_CONTEXT('Part 1','COMPONENT_PART')
);
#9459=UNCERTAINTY_MEASURE_WITH_UNIT(LENGTH_MEASURE(1.E-8),#9466,
'DISTANCE_ACCURACY_VALUE','Maximum Tolerance applied to model');
#9460=UNCERTAINTY_MEASURE_WITH_UNIT(LENGTH_MEASURE(2.E-5),#9466,
'DISTANCE_ACCURACY_VALUE','Maximum Tolerance applied to model');
#9461=UNCERTAINTY_MEASURE_WITH_UNIT(LENGTH_MEASURE(2.E-5),#9466,
'DISTANCE_ACCURACY_VALUE','Maximum Tolerance applied to model');
#9462=UNCERTAINTY_MEASURE_WITH_UNIT(LENGTH_MEASURE(2.E-5),#9466,
'DISTANCE_ACCURACY_VALUE','Maximum Tolerance applied to model');
#9463=UNCERTAINTY_MEASURE_WITH_UNIT(LENGTH_MEASURE(1.E-8),#9466,
'DISTANCE_ACCURACY_VALUE','Maximum Tolerance applied to model');
#9464=(
NAMED_UNIT(*)
SI_UNIT($,.STERADIAN.)
SOLID_ANGLE_UNIT()
);
#9465=(
NAMED_UNIT(*)
PLANE_ANGLE_UNIT()
SI_UNIT($,.RADIAN.)
);
#9466=(
LENGTH_UNIT()
NAMED_UNIT(*)
SI_UNIT($,.METRE.)
);
#9467=PRODUCT_DEFINITION_SHAPE('','',#9488);
#9468=PRODUCT_DEFINITION_SHAPE('','',#9489);
#9469=PRODUCT_DEFINITION_SHAPE(' ','NAUO PRDDFN',#30);
#9470=PRODUCT_DEFINITION_SHAPE('','',#9490);
#9471=PRODUCT_DEFINITION_SHAPE(' ','NAUO PRDDFN',#31);
#9472=PRODUCT_DEFINITION_SHAPE(' ','NAUO PRDDFN',#32);
#9473=PRODUCT_DEFINITION_SHAPE(' ','NAUO PRDDFN',#33);
#9474=PRODUCT_DEFINITION_SHAPE('','',#9491);
#9475=PRODUCT_DEFINITION_SHAPE(' ','NAUO PRDDFN',#34);
#9476=PRODUCT_DEFINITION_SHAPE(' ','NAUO PRDDFN',#35);
#9477=PRODUCT_DEFINITION_SHAPE(' ','NAUO PRDDFN',#36);
#9478=PRODUCT_DEFINITION_SHAPE(' ','NAUO PRDDFN',#37);
#9479=PRODUCT_DEFINITION_SHAPE(' ','NAUO PRDDFN',#38);
#9480=PRODUCT_DEFINITION_SHAPE(' ','NAUO PRDDFN',#39);
#9481=PRODUCT_DEFINITION_SHAPE(' ','NAUO PRDDFN',#40);
#9482=PRODUCT_DEFINITION_SHAPE(' ','NAUO PRDDFN',#41);
#9483=PRODUCT_DEFINITION_SHAPE('','',#9492);
#9484=PRODUCT_DEFINITION_SHAPE(' ','NAUO PRDDFN',#42);
#9485=PRODUCT_DEFINITION_SHAPE(' ','NAUO PRDDFN',#43);
#9486=PRODUCT_DEFINITION_SHAPE(' ','NAUO PRDDFN',#44);
#9487=PRODUCT_DEFINITION_SHAPE(' ','NAUO PRDDFN',#45);
#9488=PRODUCT_DEFINITION('','',#9498,#9493);
#9489=PRODUCT_DEFINITION('','',#9499,#9494);
#9490=PRODUCT_DEFINITION('','',#9500,#9495);
#9491=PRODUCT_DEFINITION('','',#9501,#9496);
#9492=PRODUCT_DEFINITION('','',#9502,#9497);
#9493=PRODUCT_DEFINITION_CONTEXT('',#9524,'design');
#9494=PRODUCT_DEFINITION_CONTEXT('',#9524,'design');
#9495=PRODUCT_DEFINITION_CONTEXT('',#9524,'design');
#9496=PRODUCT_DEFINITION_CONTEXT('',#9524,'design');
#9497=PRODUCT_DEFINITION_CONTEXT('',#9524,'design');
#9498=PRODUCT_DEFINITION_FORMATION_WITH_SPECIFIED_SOURCE('','',#9508,
 .NOT_KNOWN.);
#9499=PRODUCT_DEFINITION_FORMATION_WITH_SPECIFIED_SOURCE('','',#9509,
 .NOT_KNOWN.);
#9500=PRODUCT_DEFINITION_FORMATION_WITH_SPECIFIED_SOURCE('','',#9510,
 .NOT_KNOWN.);
#9501=PRODUCT_DEFINITION_FORMATION_WITH_SPECIFIED_SOURCE('','',#9511,
 .NOT_KNOWN.);
#9502=PRODUCT_DEFINITION_FORMATION_WITH_SPECIFIED_SOURCE('','',#9512,
 .NOT_KNOWN.);
#9503=PRODUCT_RELATED_PRODUCT_CATEGORY('','',(#9508));
#9504=PRODUCT_RELATED_PRODUCT_CATEGORY('','',(#9509));
#9505=PRODUCT_RELATED_PRODUCT_CATEGORY('','',(#9510));
#9506=PRODUCT_RELATED_PRODUCT_CATEGORY('','',(#9511));
#9507=PRODUCT_RELATED_PRODUCT_CATEGORY('','',(#9512));
#9508=PRODUCT('Assembly','Assembly','Assembly',(#9518));
#9509=PRODUCT('Part 1','Part 1','Part 1',(#9519));
#9510=PRODUCT('Part 1','Part 1','Part 1',(#9520));
#9511=PRODUCT('Part 1','Part 1','Part 1',(#9521));
#9512=PRODUCT('Part 1','Part 1','Part 1',(#9522));
#9513=PRODUCT_CATEGORY('','');
#9514=PRODUCT_CATEGORY('','');
#9515=PRODUCT_CATEGORY('','');
#9516=PRODUCT_CATEGORY('','');
#9517=PRODUCT_CATEGORY('','');
#9518=PRODUCT_CONTEXT('',#9524,'mechanical');
#9519=PRODUCT_CONTEXT('',#9524,'mechanical');
#9520=PRODUCT_CONTEXT('',#9524,'mechanical');
#9521=PRODUCT_CONTEXT('',#9524,'mechanical');
#9522=PRODUCT_CONTEXT('',#9524,'mechanical');
#9523=APPLICATION_PROTOCOL_DEFINITION('international standard',
'ap242_managed_model_based_3d_engineering',2020,#9524);
#9524=APPLICATION_CONTEXT('managed model based 3d engineering');
ENDSEC;
END-ISO-10303-21;
