ISO-10303-21;
HEADER;
/* Generated by software containing ST-Developer
 * from STEP Tools, Inc. (www.steptools.com) 
 */
/* OPTION: using custom renumber hook */

FILE_DESCRIPTION(
/* description */ ('STEP AP242 Edition 2',
'CAx-IF Rec.Pracs.---Representation and Presentation of Product Manufa
cturing Information (PMI)---4.0---2014-10-13',
'CAx-IF Rec.Pracs.---3D Tessellated Geometry---0.4---2014-09-14','2;1',
'CAx-IF Rec.Pracs.---User Defined Attributes---1.5---2016-08-15'),
/* implementation_level */ '2;1');

FILE_NAME(
/* name */ 'Rotor',
/* time_stamp */ '2026-07-31T10:45:30Z',
/* author */ (''),
/* organization */ (''),
/* preprocessor_version */ 'ST-DEVELOPER v20',
/* originating_system */ 'ONSHAPE BY PTC INC, 1.218',
/* authorisation */ '  ');

FILE_SCHEMA (('AP242_MANAGED_MODEL_BASED_3D_ENGINEERING_MIM_LF { 1 0 10303 442 3 1 4 }'));
ENDSEC;

DATA;
#10=SHAPE_REPRESENTATION_RELATIONSHIP('','',#1999,#11);
#11=ADVANCED_BREP_SHAPE_REPRESENTATION('',(#1997),#3527);
#12=CONICAL_SURFACE('',#2152,0.006,0.785398163397449);
#13=CONICAL_SURFACE('',#2155,0.013,0.785398163397448);
#14=CONICAL_SURFACE('',#2156,0.005,0.78539816339745);
#15=CONICAL_SURFACE('',#2159,0.012,0.785398163397449);
#16=CONICAL_SURFACE('',#2160,0.006,0.785398163397449);
#17=CONICAL_SURFACE('',#2163,0.013,0.785398163397449);
#18=CONICAL_SURFACE('',#2164,0.005,0.78539816339745);
#19=CONICAL_SURFACE('',#2167,0.012,0.78539816339745);
#20=CONICAL_SURFACE('',#2168,0.006,0.785398163397449);
#21=CONICAL_SURFACE('',#2171,0.013,0.785398163397449);
#22=CONICAL_SURFACE('',#2172,0.005,0.78539816339745);
#23=CONICAL_SURFACE('',#2175,0.012,0.78539816339745);
#24=CONICAL_SURFACE('',#2176,0.006,0.785398163397448);
#25=CONICAL_SURFACE('',#2179,0.013,0.785398163397449);
#26=CONICAL_SURFACE('',#2180,0.005,0.785398163397449);
#27=CONICAL_SURFACE('',#2183,0.012,0.78539816339745);
#28=CONICAL_SURFACE('',#2184,0.006,0.785398163397449);
#29=CONICAL_SURFACE('',#2187,0.013,0.785398163397449);
#30=CONICAL_SURFACE('',#2188,0.005,0.78539816339745);
#31=CONICAL_SURFACE('',#2191,0.012,0.78539816339745);
#32=CONICAL_SURFACE('',#2192,0.0036,0.785398163397449);
#33=CONICAL_SURFACE('',#2193,0.0026,0.78539816339745);
#34=PLANE('',#2048);
#35=PLANE('',#2055);
#36=PLANE('',#2062);
#37=PLANE('',#2069);
#38=PLANE('',#2076);
#39=PLANE('',#2080);
#40=PLANE('',#2081);
#41=PLANE('',#2082);
#42=PLANE('',#2083);
#43=PLANE('',#2084);
#44=PLANE('',#2088);
#45=PLANE('',#2100);
#46=PLANE('',#2112);
#47=PLANE('',#2113);
#48=PLANE('',#2114);
#49=PLANE('',#2115);
#50=PLANE('',#2116);
#51=PLANE('',#2117);
#52=PLANE('',#2118);
#53=PLANE('',#2119);
#54=PLANE('',#2120);
#55=PLANE('',#2121);
#56=PLANE('',#2122);
#57=PLANE('',#2123);
#58=PLANE('',#2124);
#59=PLANE('',#2125);
#60=PLANE('',#2126);
#61=PLANE('',#2127);
#62=PLANE('',#2128);
#63=PLANE('',#2129);
#64=PLANE('',#2130);
#65=PLANE('',#2131);
#66=PLANE('',#2132);
#67=PLANE('',#2133);
#68=PLANE('',#2134);
#69=PLANE('',#2135);
#70=PLANE('',#2136);
#71=PLANE('',#2137);
#72=PLANE('',#2138);
#73=PLANE('',#2139);
#74=PLANE('',#2140);
#75=PLANE('',#2141);
#76=PLANE('',#2142);
#77=PLANE('',#2143);
#78=PLANE('',#2144);
#79=PLANE('',#2145);
#80=PLANE('',#2146);
#81=PLANE('',#2147);
#82=PLANE('',#2148);
#83=PLANE('',#2149);
#84=PLANE('',#2150);
#85=PLANE('',#2151);
#86=PLANE('',#2153);
#87=PLANE('',#2154);
#88=PLANE('',#2157);
#89=PLANE('',#2158);
#90=PLANE('',#2161);
#91=PLANE('',#2162);
#92=PLANE('',#2165);
#93=PLANE('',#2166);
#94=PLANE('',#2169);
#95=PLANE('',#2170);
#96=PLANE('',#2173);
#97=PLANE('',#2174);
#98=PLANE('',#2177);
#99=PLANE('',#2178);
#100=PLANE('',#2181);
#101=PLANE('',#2182);
#102=PLANE('',#2185);
#103=PLANE('',#2186);
#104=PLANE('',#2189);
#105=PLANE('',#2190);
#106=LINE('',#2839,#246);
#107=LINE('',#2841,#247);
#108=LINE('',#2845,#248);
#109=LINE('',#2847,#249);
#110=LINE('',#2851,#250);
#111=LINE('',#2853,#251);
#112=LINE('',#2857,#252);
#113=LINE('',#2859,#253);
#114=LINE('',#2863,#254);
#115=LINE('',#2865,#255);
#116=LINE('',#2869,#256);
#117=LINE('',#2871,#257);
#118=LINE('',#2875,#258);
#119=LINE('',#2877,#259);
#120=LINE('',#2975,#260);
#121=LINE('',#2976,#261);
#122=LINE('',#2978,#262);
#123=LINE('',#2983,#263);
#124=LINE('',#2987,#264);
#125=LINE('',#2989,#265);
#126=LINE('',#2991,#266);
#127=LINE('',#2995,#267);
#128=LINE('',#2999,#268);
#129=LINE('',#3004,#269);
#130=LINE('',#3008,#270);
#131=LINE('',#3010,#271);
#132=LINE('',#3012,#272);
#133=LINE('',#3016,#273);
#134=LINE('',#3020,#274);
#135=LINE('',#3025,#275);
#136=LINE('',#3029,#276);
#137=LINE('',#3031,#277);
#138=LINE('',#3033,#278);
#139=LINE('',#3037,#279);
#140=LINE('',#3041,#280);
#141=LINE('',#3046,#281);
#142=LINE('',#3050,#282);
#143=LINE('',#3052,#283);
#144=LINE('',#3054,#284);
#145=LINE('',#3058,#285);
#146=LINE('',#3062,#286);
#147=LINE('',#3067,#287);
#148=LINE('',#3071,#288);
#149=LINE('',#3073,#289);
#150=LINE('',#3075,#290);
#151=LINE('',#3079,#291);
#152=LINE('',#3083,#292);
#153=LINE('',#3084,#293);
#154=LINE('',#3086,#294);
#155=LINE('',#3087,#295);
#156=LINE('',#3089,#296);
#157=LINE('',#3090,#297);
#158=LINE('',#3092,#298);
#159=LINE('',#3093,#299);
#160=LINE('',#3095,#300);
#161=LINE('',#3096,#301);
#162=LINE('',#3103,#302);
#163=LINE('',#3108,#303);
#164=LINE('',#3111,#304);
#165=LINE('',#3116,#305);
#166=LINE('',#3119,#306);
#167=LINE('',#3124,#307);
#168=LINE('',#3127,#308);
#169=LINE('',#3132,#309);
#170=LINE('',#3135,#310);
#171=LINE('',#3140,#311);
#172=LINE('',#3146,#312);
#173=LINE('',#3151,#313);
#174=LINE('',#3154,#314);
#175=LINE('',#3159,#315);
#176=LINE('',#3162,#316);
#177=LINE('',#3167,#317);
#178=LINE('',#3170,#318);
#179=LINE('',#3175,#319);
#180=LINE('',#3178,#320);
#181=LINE('',#3183,#321);
#182=LINE('',#3189,#322);
#183=LINE('',#3191,#323);
#184=LINE('',#3193,#324);
#185=LINE('',#3195,#325);
#186=LINE('',#3197,#326);
#187=LINE('',#3199,#327);
#188=LINE('',#3201,#328);
#189=LINE('',#3203,#329);
#190=LINE('',#3206,#330);
#191=LINE('',#3208,#331);
#192=LINE('',#3210,#332);
#193=LINE('',#3212,#333);
#194=LINE('',#3214,#334);
#195=LINE('',#3216,#335);
#196=LINE('',#3218,#336);
#197=LINE('',#3220,#337);
#198=LINE('',#3223,#338);
#199=LINE('',#3225,#339);
#200=LINE('',#3227,#340);
#201=LINE('',#3229,#341);
#202=LINE('',#3231,#342);
#203=LINE('',#3233,#343);
#204=LINE('',#3235,#344);
#205=LINE('',#3237,#345);
#206=LINE('',#3240,#346);
#207=LINE('',#3242,#347);
#208=LINE('',#3244,#348);
#209=LINE('',#3246,#349);
#210=LINE('',#3248,#350);
#211=LINE('',#3250,#351);
#212=LINE('',#3252,#352);
#213=LINE('',#3254,#353);
#214=LINE('',#3257,#354);
#215=LINE('',#3259,#355);
#216=LINE('',#3261,#356);
#217=LINE('',#3263,#357);
#218=LINE('',#3265,#358);
#219=LINE('',#3267,#359);
#220=LINE('',#3269,#360);
#221=LINE('',#3271,#361);
#222=LINE('',#3274,#362);
#223=LINE('',#3276,#363);
#224=LINE('',#3278,#364);
#225=LINE('',#3280,#365);
#226=LINE('',#3282,#366);
#227=LINE('',#3284,#367);
#228=LINE('',#3286,#368);
#229=LINE('',#3288,#369);
#230=LINE('',#3291,#370);
#231=LINE('',#3293,#371);
#232=LINE('',#3295,#372);
#233=LINE('',#3297,#373);
#234=LINE('',#3299,#374);
#235=LINE('',#3301,#375);
#236=LINE('',#3303,#376);
#237=LINE('',#3305,#377);
#238=LINE('',#3308,#378);
#239=LINE('',#3310,#379);
#240=LINE('',#3312,#380);
#241=LINE('',#3314,#381);
#242=LINE('',#3316,#382);
#243=LINE('',#3318,#383);
#244=LINE('',#3320,#384);
#245=LINE('',#3322,#385);
#246=VECTOR('',#2234,1.);
#247=VECTOR('',#2235,1.);
#248=VECTOR('',#2240,1.);
#249=VECTOR('',#2241,1.);
#250=VECTOR('',#2246,1.);
#251=VECTOR('',#2247,1.);
#252=VECTOR('',#2252,1.);
#253=VECTOR('',#2253,1.);
#254=VECTOR('',#2258,1.);
#255=VECTOR('',#2259,1.);
#256=VECTOR('',#2264,1.);
#257=VECTOR('',#2265,1.);
#258=VECTOR('',#2270,1.);
#259=VECTOR('',#2271,1.);
#260=VECTOR('',#2298,1.);
#261=VECTOR('',#2299,1.);
#262=VECTOR('',#2302,1.);
#263=VECTOR('',#2305,1.);
#264=VECTOR('',#2310,1.);
#265=VECTOR('',#2311,1.);
#266=VECTOR('',#2312,1.);
#267=VECTOR('',#2317,1.);
#268=VECTOR('',#2322,1.);
#269=VECTOR('',#2325,1.);
#270=VECTOR('',#2330,1.);
#271=VECTOR('',#2331,1.);
#272=VECTOR('',#2332,1.);
#273=VECTOR('',#2337,1.);
#274=VECTOR('',#2342,1.);
#275=VECTOR('',#2345,1.);
#276=VECTOR('',#2350,1.);
#277=VECTOR('',#2351,1.);
#278=VECTOR('',#2352,1.);
#279=VECTOR('',#2357,1.);
#280=VECTOR('',#2362,1.);
#281=VECTOR('',#2365,1.);
#282=VECTOR('',#2370,1.);
#283=VECTOR('',#2371,1.);
#284=VECTOR('',#2372,1.);
#285=VECTOR('',#2377,1.);
#286=VECTOR('',#2382,1.);
#287=VECTOR('',#2385,1.);
#288=VECTOR('',#2390,1.);
#289=VECTOR('',#2391,1.);
#290=VECTOR('',#2392,1.);
#291=VECTOR('',#2397,1.);
#292=VECTOR('',#2402,1.);
#293=VECTOR('',#2403,1.);
#294=VECTOR('',#2406,1.);
#295=VECTOR('',#2407,1.);
#296=VECTOR('',#2410,1.);
#297=VECTOR('',#2411,1.);
#298=VECTOR('',#2414,1.);
#299=VECTOR('',#2415,1.);
#300=VECTOR('',#2418,1.);
#301=VECTOR('',#2419,1.);
#302=VECTOR('',#2428,1.);
#303=VECTOR('',#2431,1.);
#304=VECTOR('',#2434,1.);
#305=VECTOR('',#2437,1.);
#306=VECTOR('',#2440,1.);
#307=VECTOR('',#2443,1.);
#308=VECTOR('',#2446,1.);
#309=VECTOR('',#2449,1.);
#310=VECTOR('',#2452,1.);
#311=VECTOR('',#2455,1.);
#312=VECTOR('',#2462,1.);
#313=VECTOR('',#2465,1.);
#314=VECTOR('',#2468,1.);
#315=VECTOR('',#2471,1.);
#316=VECTOR('',#2474,1.);
#317=VECTOR('',#2477,1.);
#318=VECTOR('',#2480,1.);
#319=VECTOR('',#2483,1.);
#320=VECTOR('',#2486,1.);
#321=VECTOR('',#2489,1.);
#322=VECTOR('',#2496,1.);
#323=VECTOR('',#2497,1.);
#324=VECTOR('',#2498,1.);
#325=VECTOR('',#2501,1.);
#326=VECTOR('',#2502,1.);
#327=VECTOR('',#2505,1.);
#328=VECTOR('',#2506,1.);
#329=VECTOR('',#2509,1.);
#330=VECTOR('',#2514,1.);
#331=VECTOR('',#2515,1.);
#332=VECTOR('',#2516,1.);
#333=VECTOR('',#2519,1.);
#334=VECTOR('',#2520,1.);
#335=VECTOR('',#2523,1.);
#336=VECTOR('',#2524,1.);
#337=VECTOR('',#2527,1.);
#338=VECTOR('',#2532,1.);
#339=VECTOR('',#2533,1.);
#340=VECTOR('',#2534,1.);
#341=VECTOR('',#2537,1.);
#342=VECTOR('',#2538,1.);
#343=VECTOR('',#2541,1.);
#344=VECTOR('',#2542,1.);
#345=VECTOR('',#2545,1.);
#346=VECTOR('',#2550,1.);
#347=VECTOR('',#2551,1.);
#348=VECTOR('',#2552,1.);
#349=VECTOR('',#2555,1.);
#350=VECTOR('',#2556,1.);
#351=VECTOR('',#2559,1.);
#352=VECTOR('',#2560,1.);
#353=VECTOR('',#2563,1.);
#354=VECTOR('',#2568,1.);
#355=VECTOR('',#2569,1.);
#356=VECTOR('',#2570,1.);
#357=VECTOR('',#2573,1.);
#358=VECTOR('',#2574,1.);
#359=VECTOR('',#2577,1.);
#360=VECTOR('',#2578,1.);
#361=VECTOR('',#2581,1.);
#362=VECTOR('',#2586,1.);
#363=VECTOR('',#2587,1.);
#364=VECTOR('',#2588,1.);
#365=VECTOR('',#2591,1.);
#366=VECTOR('',#2592,1.);
#367=VECTOR('',#2595,1.);
#368=VECTOR('',#2596,1.);
#369=VECTOR('',#2599,1.);
#370=VECTOR('',#2604,1.);
#371=VECTOR('',#2605,1.);
#372=VECTOR('',#2606,1.);
#373=VECTOR('',#2609,1.);
#374=VECTOR('',#2610,1.);
#375=VECTOR('',#2613,1.);
#376=VECTOR('',#2614,1.);
#377=VECTOR('',#2617,1.);
#378=VECTOR('',#2622,1.);
#379=VECTOR('',#2623,1.);
#380=VECTOR('',#2624,1.);
#381=VECTOR('',#2627,1.);
#382=VECTOR('',#2628,1.);
#383=VECTOR('',#2631,1.);
#384=VECTOR('',#2632,1.);
#385=VECTOR('',#2635,1.);
#386=CYLINDRICAL_SURFACE('',#2019,0.019);
#387=CYLINDRICAL_SURFACE('',#2021,0.019);
#388=CYLINDRICAL_SURFACE('',#2023,0.019);
#389=CYLINDRICAL_SURFACE('',#2025,0.019);
#390=CYLINDRICAL_SURFACE('',#2027,0.019);
#391=CYLINDRICAL_SURFACE('',#2029,0.019);
#392=CYLINDRICAL_SURFACE('',#2031,0.019);
#393=CYLINDRICAL_SURFACE('',#2044,0.019);
#394=CYLINDRICAL_SURFACE('',#2045,0.012);
#395=CYLINDRICAL_SURFACE('',#2049,0.006);
#396=CYLINDRICAL_SURFACE('',#2052,0.012);
#397=CYLINDRICAL_SURFACE('',#2056,0.006);
#398=CYLINDRICAL_SURFACE('',#2059,0.012);
#399=CYLINDRICAL_SURFACE('',#2063,0.006);
#400=CYLINDRICAL_SURFACE('',#2066,0.012);
#401=CYLINDRICAL_SURFACE('',#2070,0.006);
#402=CYLINDRICAL_SURFACE('',#2073,0.012);
#403=CYLINDRICAL_SURFACE('',#2077,0.006);
#404=CYLINDRICAL_SURFACE('',#2085,0.0026);
#405=B_SPLINE_CURVE_WITH_KNOTS('',3,(#2729,#2730,#2731,#2732),
 .UNSPECIFIED.,.F.,.F.,(4,4),(0.,9.87464441407728E-5),.UNSPECIFIED.);
#406=B_SPLINE_CURVE_WITH_KNOTS('',3,(#2736,#2737,#2738,#2739),
 .UNSPECIFIED.,.F.,.F.,(4,4),(2.60208521396521E-18,9.87461115586419E-5),
 .UNSPECIFIED.);
#407=B_SPLINE_CURVE_WITH_KNOTS('',3,(#2743,#2744,#2745,#2746),
 .UNSPECIFIED.,.F.,.F.,(4,4),(0.,9.87464441407721E-5),.UNSPECIFIED.);
#408=B_SPLINE_CURVE_WITH_KNOTS('',3,(#2750,#2751,#2752,#2753),
 .UNSPECIFIED.,.F.,.F.,(4,4),(0.,9.87461115586452E-5),.UNSPECIFIED.);
#409=B_SPLINE_CURVE_WITH_KNOTS('',3,(#2757,#2758,#2759,#2760),
 .UNSPECIFIED.,.F.,.F.,(4,4),(0.,9.87464441407757E-5),.UNSPECIFIED.);
#410=B_SPLINE_CURVE_WITH_KNOTS('',3,(#2764,#2765,#2766,#2767),
 .UNSPECIFIED.,.F.,.F.,(4,4),(2.60208521396521E-18,9.87461115586361E-5),
 .UNSPECIFIED.);
#411=B_SPLINE_CURVE_WITH_KNOTS('',3,(#2771,#2772,#2773,#2774),
 .UNSPECIFIED.,.F.,.F.,(4,4),(0.,9.87464441407721E-5),.UNSPECIFIED.);
#412=B_SPLINE_CURVE_WITH_KNOTS('',3,(#2778,#2779,#2780,#2781),
 .UNSPECIFIED.,.F.,.F.,(4,4),(0.,9.87461115586452E-5),.UNSPECIFIED.);
#413=B_SPLINE_CURVE_WITH_KNOTS('',3,(#2785,#2786,#2787,#2788),
 .UNSPECIFIED.,.F.,.F.,(4,4),(0.,9.87464441407728E-5),.UNSPECIFIED.);
#414=B_SPLINE_CURVE_WITH_KNOTS('',3,(#2792,#2793,#2794,#2795),
 .UNSPECIFIED.,.F.,.F.,(4,4),(0.,9.87461115586438E-5),.UNSPECIFIED.);
#415=B_SPLINE_CURVE_WITH_KNOTS('',3,(#2799,#2800,#2801,#2802),
 .UNSPECIFIED.,.F.,.F.,(4,4),(0.,9.87464441407721E-5),.UNSPECIFIED.);
#416=B_SPLINE_CURVE_WITH_KNOTS('',3,(#2806,#2807,#2808,#2809),
 .UNSPECIFIED.,.F.,.F.,(4,4),(0.,9.87461115586452E-5),.UNSPECIFIED.);
#417=B_SPLINE_CURVE_WITH_KNOTS('',3,(#2813,#2814,#2815,#2816),
 .UNSPECIFIED.,.F.,.F.,(4,4),(0.,9.87464441407728E-5),.UNSPECIFIED.);
#418=B_SPLINE_CURVE_WITH_KNOTS('',3,(#2820,#2821,#2822,#2823),
 .UNSPECIFIED.,.F.,.F.,(4,4),(0.,9.87461115586438E-5),.UNSPECIFIED.);
#419=B_SPLINE_CURVE_WITH_KNOTS('',3,(#2827,#2828,#2829,#2830),
 .UNSPECIFIED.,.F.,.F.,(4,4),(0.,9.87464441407721E-5),.UNSPECIFIED.);
#420=B_SPLINE_CURVE_WITH_KNOTS('',3,(#2834,#2835,#2836,#2837),
 .UNSPECIFIED.,.F.,.F.,(4,4),(0.,9.87461115586452E-5),.UNSPECIFIED.);
#421=B_SPLINE_CURVE_WITH_KNOTS('',3,(#2886,#2887,#2888,#2889),
 .UNSPECIFIED.,.F.,.F.,(4,4),(0.,9.87464441407728E-5),.UNSPECIFIED.);
#422=B_SPLINE_CURVE_WITH_KNOTS('',3,(#2893,#2894,#2895,#2896),
 .UNSPECIFIED.,.F.,.F.,(4,4),(2.60208521396521E-18,9.87461115586419E-5),
 .UNSPECIFIED.);
#423=B_SPLINE_CURVE_WITH_KNOTS('',3,(#2897,#2898,#2899,#2900),
 .UNSPECIFIED.,.F.,.F.,(4,4),(0.,9.87464441407721E-5),.UNSPECIFIED.);
#424=B_SPLINE_CURVE_WITH_KNOTS('',3,(#2904,#2905,#2906,#2907),
 .UNSPECIFIED.,.F.,.F.,(4,4),(0.,9.87461115586452E-5),.UNSPECIFIED.);
#425=B_SPLINE_CURVE_WITH_KNOTS('',3,(#2908,#2909,#2910,#2911),
 .UNSPECIFIED.,.F.,.F.,(4,4),(0.,9.87464441407728E-5),.UNSPECIFIED.);
#426=B_SPLINE_CURVE_WITH_KNOTS('',3,(#2915,#2916,#2917,#2918),
 .UNSPECIFIED.,.F.,.F.,(4,4),(0.,9.87461115586438E-5),.UNSPECIFIED.);
#427=B_SPLINE_CURVE_WITH_KNOTS('',3,(#2919,#2920,#2921,#2922),
 .UNSPECIFIED.,.F.,.F.,(4,4),(0.,9.87464441407721E-5),.UNSPECIFIED.);
#428=B_SPLINE_CURVE_WITH_KNOTS('',3,(#2926,#2927,#2928,#2929),
 .UNSPECIFIED.,.F.,.F.,(4,4),(0.,9.87461115586452E-5),.UNSPECIFIED.);
#429=B_SPLINE_CURVE_WITH_KNOTS('',3,(#2930,#2931,#2932,#2933),
 .UNSPECIFIED.,.F.,.F.,(4,4),(0.,9.87464441407728E-5),.UNSPECIFIED.);
#430=B_SPLINE_CURVE_WITH_KNOTS('',3,(#2937,#2938,#2939,#2940),
 .UNSPECIFIED.,.F.,.F.,(4,4),(0.,9.87461115586438E-5),.UNSPECIFIED.);
#431=B_SPLINE_CURVE_WITH_KNOTS('',3,(#2941,#2942,#2943,#2944),
 .UNSPECIFIED.,.F.,.F.,(4,4),(0.,9.87464441407721E-5),.UNSPECIFIED.);
#432=B_SPLINE_CURVE_WITH_KNOTS('',3,(#2948,#2949,#2950,#2951),
 .UNSPECIFIED.,.F.,.F.,(4,4),(0.,9.87461115586452E-5),.UNSPECIFIED.);
#433=B_SPLINE_CURVE_WITH_KNOTS('',3,(#2952,#2953,#2954,#2955),
 .UNSPECIFIED.,.F.,.F.,(4,4),(0.,9.87464441407783E-5),.UNSPECIFIED.);
#434=B_SPLINE_CURVE_WITH_KNOTS('',3,(#2959,#2960,#2961,#2962),
 .UNSPECIFIED.,.F.,.F.,(4,4),(0.,9.87461115586419E-5),.UNSPECIFIED.);
#435=B_SPLINE_CURVE_WITH_KNOTS('',3,(#2963,#2964,#2965,#2966),
 .UNSPECIFIED.,.F.,.F.,(4,4),(0.,9.87464441407721E-5),.UNSPECIFIED.);
#436=B_SPLINE_CURVE_WITH_KNOTS('',3,(#2970,#2971,#2972,#2973),
 .UNSPECIFIED.,.F.,.F.,(4,4),(0.,9.87461115586452E-5),.UNSPECIFIED.);
#437=B_SPLINE_CURVE_WITH_KNOTS('',3,(#3325,#3326,#3327,#3328),
 .UNSPECIFIED.,.F.,.F.,(4,4),(0.,0.00160406198328608),.UNSPECIFIED.);
#438=B_SPLINE_CURVE_WITH_KNOTS('',3,(#3329,#3330,#3331,#3332),
 .UNSPECIFIED.,.F.,.F.,(4,4),(0.,0.00160406198328608),.UNSPECIFIED.);
#439=B_SPLINE_CURVE_WITH_KNOTS('',3,(#3334,#3335,#3336,#3337),
 .UNSPECIFIED.,.F.,.F.,(4,4),(0.,0.00181014225898965),.UNSPECIFIED.);
#440=B_SPLINE_CURVE_WITH_KNOTS('',3,(#3339,#3340,#3341,#3342),
 .UNSPECIFIED.,.F.,.F.,(4,4),(0.,0.00181014225898964),.UNSPECIFIED.);
#441=B_SPLINE_CURVE_WITH_KNOTS('',3,(#3345,#3346,#3347,#3348),
 .UNSPECIFIED.,.F.,.F.,(4,4),(0.,0.00160406198328608),.UNSPECIFIED.);
#442=B_SPLINE_CURVE_WITH_KNOTS('',3,(#3349,#3350,#3351,#3352),
 .UNSPECIFIED.,.F.,.F.,(4,4),(0.,0.00160406198328608),.UNSPECIFIED.);
#443=B_SPLINE_CURVE_WITH_KNOTS('',3,(#3354,#3355,#3356,#3357),
 .UNSPECIFIED.,.F.,.F.,(4,4),(0.,0.00181014225898965),.UNSPECIFIED.);
#444=B_SPLINE_CURVE_WITH_KNOTS('',3,(#3359,#3360,#3361,#3362),
 .UNSPECIFIED.,.F.,.F.,(4,4),(0.,0.00181014225898964),.UNSPECIFIED.);
#445=B_SPLINE_CURVE_WITH_KNOTS('',3,(#3365,#3366,#3367,#3368),
 .UNSPECIFIED.,.F.,.F.,(4,4),(0.,0.00160406198328608),.UNSPECIFIED.);
#446=B_SPLINE_CURVE_WITH_KNOTS('',3,(#3369,#3370,#3371,#3372),
 .UNSPECIFIED.,.F.,.F.,(4,4),(0.,0.00160406198328608),.UNSPECIFIED.);
#447=B_SPLINE_CURVE_WITH_KNOTS('',3,(#3374,#3375,#3376,#3377),
 .UNSPECIFIED.,.F.,.F.,(4,4),(0.,0.00181014225898964),.UNSPECIFIED.);
#448=B_SPLINE_CURVE_WITH_KNOTS('',3,(#3379,#3380,#3381,#3382),
 .UNSPECIFIED.,.F.,.F.,(4,4),(0.,0.00181014225898965),.UNSPECIFIED.);
#449=B_SPLINE_CURVE_WITH_KNOTS('',3,(#3385,#3386,#3387,#3388),
 .UNSPECIFIED.,.F.,.F.,(4,4),(0.,0.00160406198328608),.UNSPECIFIED.);
#450=B_SPLINE_CURVE_WITH_KNOTS('',3,(#3389,#3390,#3391,#3392),
 .UNSPECIFIED.,.F.,.F.,(4,4),(0.,0.00160406198328608),.UNSPECIFIED.);
#451=B_SPLINE_CURVE_WITH_KNOTS('',3,(#3394,#3395,#3396,#3397),
 .UNSPECIFIED.,.F.,.F.,(4,4),(0.,0.00181014225898964),.UNSPECIFIED.);
#452=B_SPLINE_CURVE_WITH_KNOTS('',3,(#3399,#3400,#3401,#3402),
 .UNSPECIFIED.,.F.,.F.,(4,4),(0.,0.00181014225898965),.UNSPECIFIED.);
#453=B_SPLINE_CURVE_WITH_KNOTS('',3,(#3405,#3406,#3407,#3408),
 .UNSPECIFIED.,.F.,.F.,(4,4),(0.,0.00160406198328608),.UNSPECIFIED.);
#454=B_SPLINE_CURVE_WITH_KNOTS('',3,(#3409,#3410,#3411,#3412),
 .UNSPECIFIED.,.F.,.F.,(4,4),(0.,0.00160406198328608),.UNSPECIFIED.);
#455=B_SPLINE_CURVE_WITH_KNOTS('',3,(#3414,#3415,#3416,#3417),
 .UNSPECIFIED.,.F.,.F.,(4,4),(0.,0.00181014225898965),.UNSPECIFIED.);
#456=B_SPLINE_CURVE_WITH_KNOTS('',3,(#3419,#3420,#3421,#3422),
 .UNSPECIFIED.,.F.,.F.,(4,4),(0.,0.00181014225898964),.UNSPECIFIED.);
#457=B_SPLINE_CURVE_WITH_KNOTS('',3,(#3425,#3426,#3427,#3428),
 .UNSPECIFIED.,.F.,.F.,(4,4),(0.,0.00160406198328608),.UNSPECIFIED.);
#458=B_SPLINE_CURVE_WITH_KNOTS('',3,(#3429,#3430,#3431,#3432),
 .UNSPECIFIED.,.F.,.F.,(4,4),(0.,0.00160406198328608),.UNSPECIFIED.);
#459=B_SPLINE_CURVE_WITH_KNOTS('',3,(#3434,#3435,#3436,#3437),
 .UNSPECIFIED.,.F.,.F.,(4,4),(0.,0.00181014225898965),.UNSPECIFIED.);
#460=B_SPLINE_CURVE_WITH_KNOTS('',3,(#3439,#3440,#3441,#3442),
 .UNSPECIFIED.,.F.,.F.,(4,4),(0.,0.00181014225898964),.UNSPECIFIED.);
#461=B_SPLINE_CURVE_WITH_KNOTS('',3,(#3445,#3446,#3447,#3448),
 .UNSPECIFIED.,.F.,.F.,(4,4),(0.,0.00160406198328608),.UNSPECIFIED.);
#462=B_SPLINE_CURVE_WITH_KNOTS('',3,(#3449,#3450,#3451,#3452),
 .UNSPECIFIED.,.F.,.F.,(4,4),(0.,0.00160406198328608),.UNSPECIFIED.);
#463=B_SPLINE_CURVE_WITH_KNOTS('',3,(#3454,#3455,#3456,#3457),
 .UNSPECIFIED.,.F.,.F.,(4,4),(0.,0.00181014225898965),.UNSPECIFIED.);
#464=B_SPLINE_CURVE_WITH_KNOTS('',3,(#3459,#3460,#3461,#3462),
 .UNSPECIFIED.,.F.,.F.,(4,4),(0.,0.00181014225898965),.UNSPECIFIED.);
#465=B_SPLINE_CURVE_WITH_KNOTS('',3,(#3465,#3466,#3467,#3468),
 .UNSPECIFIED.,.F.,.F.,(4,4),(0.,0.00160406198328608),.UNSPECIFIED.);
#466=B_SPLINE_CURVE_WITH_KNOTS('',3,(#3469,#3470,#3471,#3472),
 .UNSPECIFIED.,.F.,.F.,(4,4),(0.,0.00160406198328608),.UNSPECIFIED.);
#467=B_SPLINE_CURVE_WITH_KNOTS('',3,(#3474,#3475,#3476,#3477),
 .UNSPECIFIED.,.F.,.F.,(4,4),(0.,0.00181014225898965),.UNSPECIFIED.);
#468=B_SPLINE_CURVE_WITH_KNOTS('',3,(#3479,#3480,#3481,#3482),
 .UNSPECIFIED.,.F.,.F.,(4,4),(0.,0.00181014225898964),.UNSPECIFIED.);
#469=B_SPLINE_CURVE_WITH_KNOTS('',3,(#3485,#3486,#3487,#3488),
 .UNSPECIFIED.,.F.,.F.,(4,4),(0.,0.00160406198328608),.UNSPECIFIED.);
#470=B_SPLINE_CURVE_WITH_KNOTS('',3,(#3489,#3490,#3491,#3492),
 .UNSPECIFIED.,.F.,.F.,(4,4),(0.,0.00160406198328608),.UNSPECIFIED.);
#471=B_SPLINE_CURVE_WITH_KNOTS('',3,(#3494,#3495,#3496,#3497),
 .UNSPECIFIED.,.F.,.F.,(4,4),(0.,0.00181014225898966),.UNSPECIFIED.);
#472=B_SPLINE_CURVE_WITH_KNOTS('',3,(#3499,#3500,#3501,#3502),
 .UNSPECIFIED.,.F.,.F.,(4,4),(0.,0.00181014225898965),.UNSPECIFIED.);
#473=B_SPLINE_CURVE_WITH_KNOTS('',3,(#3505,#3506,#3507,#3508),
 .UNSPECIFIED.,.F.,.F.,(4,4),(0.,0.00160406198328608),.UNSPECIFIED.);
#474=B_SPLINE_CURVE_WITH_KNOTS('',3,(#3509,#3510,#3511,#3512),
 .UNSPECIFIED.,.F.,.F.,(4,4),(0.,0.00160406198328608),.UNSPECIFIED.);
#475=B_SPLINE_CURVE_WITH_KNOTS('',3,(#3514,#3515,#3516,#3517),
 .UNSPECIFIED.,.F.,.F.,(4,4),(0.,0.00181014225898966),.UNSPECIFIED.);
#476=B_SPLINE_CURVE_WITH_KNOTS('',3,(#3519,#3520,#3521,#3522),
 .UNSPECIFIED.,.F.,.F.,(4,4),(0.,0.00181014225898965),.UNSPECIFIED.);
#477=ORIENTED_EDGE('',*,*,#1057,.F.);
#478=ORIENTED_EDGE('',*,*,#1058,.F.);
#479=ORIENTED_EDGE('',*,*,#1059,.F.);
#480=ORIENTED_EDGE('',*,*,#1060,.F.);
#481=ORIENTED_EDGE('',*,*,#1061,.F.);
#482=ORIENTED_EDGE('',*,*,#1062,.F.);
#483=ORIENTED_EDGE('',*,*,#1063,.F.);
#484=ORIENTED_EDGE('',*,*,#1064,.F.);
#485=ORIENTED_EDGE('',*,*,#1065,.F.);
#486=ORIENTED_EDGE('',*,*,#1066,.F.);
#487=ORIENTED_EDGE('',*,*,#1067,.F.);
#488=ORIENTED_EDGE('',*,*,#1068,.F.);
#489=ORIENTED_EDGE('',*,*,#1069,.F.);
#490=ORIENTED_EDGE('',*,*,#1070,.F.);
#491=ORIENTED_EDGE('',*,*,#1071,.F.);
#492=ORIENTED_EDGE('',*,*,#1072,.F.);
#493=ORIENTED_EDGE('',*,*,#1073,.F.);
#494=ORIENTED_EDGE('',*,*,#1074,.F.);
#495=ORIENTED_EDGE('',*,*,#1075,.F.);
#496=ORIENTED_EDGE('',*,*,#1076,.F.);
#497=ORIENTED_EDGE('',*,*,#1077,.F.);
#498=ORIENTED_EDGE('',*,*,#1078,.F.);
#499=ORIENTED_EDGE('',*,*,#1079,.F.);
#500=ORIENTED_EDGE('',*,*,#1080,.F.);
#501=ORIENTED_EDGE('',*,*,#1081,.F.);
#502=ORIENTED_EDGE('',*,*,#1082,.F.);
#503=ORIENTED_EDGE('',*,*,#1083,.F.);
#504=ORIENTED_EDGE('',*,*,#1084,.F.);
#505=ORIENTED_EDGE('',*,*,#1085,.F.);
#506=ORIENTED_EDGE('',*,*,#1086,.F.);
#507=ORIENTED_EDGE('',*,*,#1087,.F.);
#508=ORIENTED_EDGE('',*,*,#1088,.F.);
#509=ORIENTED_EDGE('',*,*,#1089,.F.);
#510=ORIENTED_EDGE('',*,*,#1090,.F.);
#511=ORIENTED_EDGE('',*,*,#1058,.T.);
#512=ORIENTED_EDGE('',*,*,#1091,.T.);
#513=ORIENTED_EDGE('',*,*,#1092,.T.);
#514=ORIENTED_EDGE('',*,*,#1093,.F.);
#515=ORIENTED_EDGE('',*,*,#1086,.T.);
#516=ORIENTED_EDGE('',*,*,#1094,.T.);
#517=ORIENTED_EDGE('',*,*,#1095,.T.);
#518=ORIENTED_EDGE('',*,*,#1096,.F.);
#519=ORIENTED_EDGE('',*,*,#1082,.T.);
#520=ORIENTED_EDGE('',*,*,#1097,.T.);
#521=ORIENTED_EDGE('',*,*,#1098,.T.);
#522=ORIENTED_EDGE('',*,*,#1099,.F.);
#523=ORIENTED_EDGE('',*,*,#1078,.T.);
#524=ORIENTED_EDGE('',*,*,#1100,.T.);
#525=ORIENTED_EDGE('',*,*,#1101,.T.);
#526=ORIENTED_EDGE('',*,*,#1102,.F.);
#527=ORIENTED_EDGE('',*,*,#1074,.T.);
#528=ORIENTED_EDGE('',*,*,#1103,.T.);
#529=ORIENTED_EDGE('',*,*,#1104,.T.);
#530=ORIENTED_EDGE('',*,*,#1105,.F.);
#531=ORIENTED_EDGE('',*,*,#1070,.T.);
#532=ORIENTED_EDGE('',*,*,#1106,.T.);
#533=ORIENTED_EDGE('',*,*,#1107,.T.);
#534=ORIENTED_EDGE('',*,*,#1108,.F.);
#535=ORIENTED_EDGE('',*,*,#1066,.T.);
#536=ORIENTED_EDGE('',*,*,#1109,.T.);
#537=ORIENTED_EDGE('',*,*,#1110,.T.);
#538=ORIENTED_EDGE('',*,*,#1111,.F.);
#539=ORIENTED_EDGE('',*,*,#1112,.F.);
#540=ORIENTED_EDGE('',*,*,#1113,.F.);
#541=ORIENTED_EDGE('',*,*,#1114,.F.);
#542=ORIENTED_EDGE('',*,*,#1115,.F.);
#543=ORIENTED_EDGE('',*,*,#1092,.F.);
#544=ORIENTED_EDGE('',*,*,#1116,.F.);
#545=ORIENTED_EDGE('',*,*,#1117,.F.);
#546=ORIENTED_EDGE('',*,*,#1118,.F.);
#547=ORIENTED_EDGE('',*,*,#1095,.F.);
#548=ORIENTED_EDGE('',*,*,#1119,.F.);
#549=ORIENTED_EDGE('',*,*,#1120,.F.);
#550=ORIENTED_EDGE('',*,*,#1121,.F.);
#551=ORIENTED_EDGE('',*,*,#1098,.F.);
#552=ORIENTED_EDGE('',*,*,#1122,.F.);
#553=ORIENTED_EDGE('',*,*,#1123,.F.);
#554=ORIENTED_EDGE('',*,*,#1124,.F.);
#555=ORIENTED_EDGE('',*,*,#1101,.F.);
#556=ORIENTED_EDGE('',*,*,#1125,.F.);
#557=ORIENTED_EDGE('',*,*,#1126,.F.);
#558=ORIENTED_EDGE('',*,*,#1127,.F.);
#559=ORIENTED_EDGE('',*,*,#1104,.F.);
#560=ORIENTED_EDGE('',*,*,#1128,.F.);
#561=ORIENTED_EDGE('',*,*,#1129,.F.);
#562=ORIENTED_EDGE('',*,*,#1130,.F.);
#563=ORIENTED_EDGE('',*,*,#1107,.F.);
#564=ORIENTED_EDGE('',*,*,#1131,.F.);
#565=ORIENTED_EDGE('',*,*,#1132,.F.);
#566=ORIENTED_EDGE('',*,*,#1133,.F.);
#567=ORIENTED_EDGE('',*,*,#1110,.F.);
#568=ORIENTED_EDGE('',*,*,#1134,.F.);
#569=ORIENTED_EDGE('',*,*,#1135,.F.);
#570=ORIENTED_EDGE('',*,*,#1136,.F.);
#571=ORIENTED_EDGE('',*,*,#1137,.F.);
#572=ORIENTED_EDGE('',*,*,#1062,.T.);
#573=ORIENTED_EDGE('',*,*,#1138,.T.);
#574=ORIENTED_EDGE('',*,*,#1112,.T.);
#575=ORIENTED_EDGE('',*,*,#1139,.F.);
#576=ORIENTED_EDGE('',*,*,#1140,.T.);
#577=ORIENTED_EDGE('',*,*,#1141,.T.);
#578=ORIENTED_EDGE('',*,*,#1142,.T.);
#579=ORIENTED_EDGE('',*,*,#1141,.F.);
#580=ORIENTED_EDGE('',*,*,#1143,.T.);
#581=ORIENTED_EDGE('',*,*,#1144,.T.);
#582=ORIENTED_EDGE('',*,*,#1145,.T.);
#583=ORIENTED_EDGE('',*,*,#1144,.F.);
#584=ORIENTED_EDGE('',*,*,#1146,.T.);
#585=ORIENTED_EDGE('',*,*,#1147,.T.);
#586=ORIENTED_EDGE('',*,*,#1148,.T.);
#587=ORIENTED_EDGE('',*,*,#1149,.F.);
#588=ORIENTED_EDGE('',*,*,#1150,.T.);
#589=ORIENTED_EDGE('',*,*,#1151,.T.);
#590=ORIENTED_EDGE('',*,*,#1152,.T.);
#591=ORIENTED_EDGE('',*,*,#1151,.F.);
#592=ORIENTED_EDGE('',*,*,#1153,.T.);
#593=ORIENTED_EDGE('',*,*,#1154,.T.);
#594=ORIENTED_EDGE('',*,*,#1155,.T.);
#595=ORIENTED_EDGE('',*,*,#1154,.F.);
#596=ORIENTED_EDGE('',*,*,#1156,.T.);
#597=ORIENTED_EDGE('',*,*,#1157,.T.);
#598=ORIENTED_EDGE('',*,*,#1158,.T.);
#599=ORIENTED_EDGE('',*,*,#1159,.F.);
#600=ORIENTED_EDGE('',*,*,#1160,.T.);
#601=ORIENTED_EDGE('',*,*,#1161,.T.);
#602=ORIENTED_EDGE('',*,*,#1162,.T.);
#603=ORIENTED_EDGE('',*,*,#1161,.F.);
#604=ORIENTED_EDGE('',*,*,#1163,.T.);
#605=ORIENTED_EDGE('',*,*,#1164,.T.);
#606=ORIENTED_EDGE('',*,*,#1165,.T.);
#607=ORIENTED_EDGE('',*,*,#1164,.F.);
#608=ORIENTED_EDGE('',*,*,#1166,.T.);
#609=ORIENTED_EDGE('',*,*,#1167,.T.);
#610=ORIENTED_EDGE('',*,*,#1168,.T.);
#611=ORIENTED_EDGE('',*,*,#1169,.F.);
#612=ORIENTED_EDGE('',*,*,#1170,.T.);
#613=ORIENTED_EDGE('',*,*,#1171,.T.);
#614=ORIENTED_EDGE('',*,*,#1172,.T.);
#615=ORIENTED_EDGE('',*,*,#1171,.F.);
#616=ORIENTED_EDGE('',*,*,#1173,.T.);
#617=ORIENTED_EDGE('',*,*,#1174,.T.);
#618=ORIENTED_EDGE('',*,*,#1175,.T.);
#619=ORIENTED_EDGE('',*,*,#1174,.F.);
#620=ORIENTED_EDGE('',*,*,#1176,.T.);
#621=ORIENTED_EDGE('',*,*,#1177,.T.);
#622=ORIENTED_EDGE('',*,*,#1178,.T.);
#623=ORIENTED_EDGE('',*,*,#1179,.F.);
#624=ORIENTED_EDGE('',*,*,#1180,.T.);
#625=ORIENTED_EDGE('',*,*,#1181,.T.);
#626=ORIENTED_EDGE('',*,*,#1182,.T.);
#627=ORIENTED_EDGE('',*,*,#1181,.F.);
#628=ORIENTED_EDGE('',*,*,#1183,.T.);
#629=ORIENTED_EDGE('',*,*,#1184,.T.);
#630=ORIENTED_EDGE('',*,*,#1185,.T.);
#631=ORIENTED_EDGE('',*,*,#1184,.F.);
#632=ORIENTED_EDGE('',*,*,#1186,.T.);
#633=ORIENTED_EDGE('',*,*,#1187,.T.);
#634=ORIENTED_EDGE('',*,*,#1188,.T.);
#635=ORIENTED_EDGE('',*,*,#1147,.F.);
#636=ORIENTED_EDGE('',*,*,#1189,.T.);
#637=ORIENTED_EDGE('',*,*,#1139,.T.);
#638=ORIENTED_EDGE('',*,*,#1190,.T.);
#639=ORIENTED_EDGE('',*,*,#1157,.F.);
#640=ORIENTED_EDGE('',*,*,#1191,.T.);
#641=ORIENTED_EDGE('',*,*,#1149,.T.);
#642=ORIENTED_EDGE('',*,*,#1192,.T.);
#643=ORIENTED_EDGE('',*,*,#1167,.F.);
#644=ORIENTED_EDGE('',*,*,#1193,.T.);
#645=ORIENTED_EDGE('',*,*,#1159,.T.);
#646=ORIENTED_EDGE('',*,*,#1194,.T.);
#647=ORIENTED_EDGE('',*,*,#1177,.F.);
#648=ORIENTED_EDGE('',*,*,#1195,.T.);
#649=ORIENTED_EDGE('',*,*,#1169,.T.);
#650=ORIENTED_EDGE('',*,*,#1196,.T.);
#651=ORIENTED_EDGE('',*,*,#1187,.F.);
#652=ORIENTED_EDGE('',*,*,#1197,.T.);
#653=ORIENTED_EDGE('',*,*,#1179,.T.);
#654=ORIENTED_EDGE('',*,*,#1198,.T.);
#655=ORIENTED_EDGE('',*,*,#1199,.T.);
#656=ORIENTED_EDGE('',*,*,#1200,.T.);
#657=ORIENTED_EDGE('',*,*,#1201,.T.);
#658=ORIENTED_EDGE('',*,*,#1202,.T.);
#659=ORIENTED_EDGE('',*,*,#1203,.T.);
#660=ORIENTED_EDGE('',*,*,#1204,.T.);
#661=ORIENTED_EDGE('',*,*,#1205,.T.);
#662=ORIENTED_EDGE('',*,*,#1206,.T.);
#663=ORIENTED_EDGE('',*,*,#1207,.T.);
#664=ORIENTED_EDGE('',*,*,#1208,.T.);
#665=ORIENTED_EDGE('',*,*,#1209,.T.);
#666=ORIENTED_EDGE('',*,*,#1210,.T.);
#667=ORIENTED_EDGE('',*,*,#1211,.T.);
#668=ORIENTED_EDGE('',*,*,#1212,.T.);
#669=ORIENTED_EDGE('',*,*,#1213,.T.);
#670=ORIENTED_EDGE('',*,*,#1214,.T.);
#671=ORIENTED_EDGE('',*,*,#1215,.T.);
#672=ORIENTED_EDGE('',*,*,#1216,.T.);
#673=ORIENTED_EDGE('',*,*,#1217,.T.);
#674=ORIENTED_EDGE('',*,*,#1218,.T.);
#675=ORIENTED_EDGE('',*,*,#1219,.T.);
#676=ORIENTED_EDGE('',*,*,#1220,.T.);
#677=ORIENTED_EDGE('',*,*,#1221,.T.);
#678=ORIENTED_EDGE('',*,*,#1111,.T.);
#679=ORIENTED_EDGE('',*,*,#1222,.T.);
#680=ORIENTED_EDGE('',*,*,#1223,.T.);
#681=ORIENTED_EDGE('',*,*,#1224,.T.);
#682=ORIENTED_EDGE('',*,*,#1225,.T.);
#683=ORIENTED_EDGE('',*,*,#1226,.T.);
#684=ORIENTED_EDGE('',*,*,#1227,.T.);
#685=ORIENTED_EDGE('',*,*,#1228,.T.);
#686=ORIENTED_EDGE('',*,*,#1229,.T.);
#687=ORIENTED_EDGE('',*,*,#1230,.T.);
#688=ORIENTED_EDGE('',*,*,#1231,.T.);
#689=ORIENTED_EDGE('',*,*,#1232,.T.);
#690=ORIENTED_EDGE('',*,*,#1233,.T.);
#691=ORIENTED_EDGE('',*,*,#1234,.T.);
#692=ORIENTED_EDGE('',*,*,#1235,.T.);
#693=ORIENTED_EDGE('',*,*,#1236,.T.);
#694=ORIENTED_EDGE('',*,*,#1237,.T.);
#695=ORIENTED_EDGE('',*,*,#1238,.T.);
#696=ORIENTED_EDGE('',*,*,#1239,.T.);
#697=ORIENTED_EDGE('',*,*,#1240,.T.);
#698=ORIENTED_EDGE('',*,*,#1241,.T.);
#699=ORIENTED_EDGE('',*,*,#1242,.T.);
#700=ORIENTED_EDGE('',*,*,#1057,.T.);
#701=ORIENTED_EDGE('',*,*,#1243,.T.);
#702=ORIENTED_EDGE('',*,*,#1060,.T.);
#703=ORIENTED_EDGE('',*,*,#1244,.F.);
#704=ORIENTED_EDGE('',*,*,#1245,.T.);
#705=ORIENTED_EDGE('',*,*,#1244,.T.);
#706=ORIENTED_EDGE('',*,*,#1059,.T.);
#707=ORIENTED_EDGE('',*,*,#1090,.T.);
#708=ORIENTED_EDGE('',*,*,#1115,.T.);
#709=ORIENTED_EDGE('',*,*,#1246,.F.);
#710=ORIENTED_EDGE('',*,*,#1247,.F.);
#711=ORIENTED_EDGE('',*,*,#1246,.T.);
#712=ORIENTED_EDGE('',*,*,#1114,.T.);
#713=ORIENTED_EDGE('',*,*,#1248,.F.);
#714=ORIENTED_EDGE('',*,*,#1249,.F.);
#715=ORIENTED_EDGE('',*,*,#1138,.F.);
#716=ORIENTED_EDGE('',*,*,#1061,.T.);
#717=ORIENTED_EDGE('',*,*,#1243,.F.);
#718=ORIENTED_EDGE('',*,*,#1250,.T.);
#719=ORIENTED_EDGE('',*,*,#1248,.T.);
#720=ORIENTED_EDGE('',*,*,#1113,.T.);
#721=ORIENTED_EDGE('',*,*,#1245,.F.);
#722=ORIENTED_EDGE('',*,*,#1247,.T.);
#723=ORIENTED_EDGE('',*,*,#1249,.T.);
#724=ORIENTED_EDGE('',*,*,#1250,.F.);
#725=ORIENTED_EDGE('',*,*,#1251,.T.);
#726=ORIENTED_EDGE('',*,*,#1088,.T.);
#727=ORIENTED_EDGE('',*,*,#1252,.F.);
#728=ORIENTED_EDGE('',*,*,#1253,.T.);
#729=ORIENTED_EDGE('',*,*,#1252,.T.);
#730=ORIENTED_EDGE('',*,*,#1087,.T.);
#731=ORIENTED_EDGE('',*,*,#1093,.T.);
#732=ORIENTED_EDGE('',*,*,#1118,.T.);
#733=ORIENTED_EDGE('',*,*,#1254,.F.);
#734=ORIENTED_EDGE('',*,*,#1255,.F.);
#735=ORIENTED_EDGE('',*,*,#1254,.T.);
#736=ORIENTED_EDGE('',*,*,#1117,.T.);
#737=ORIENTED_EDGE('',*,*,#1256,.F.);
#738=ORIENTED_EDGE('',*,*,#1257,.F.);
#739=ORIENTED_EDGE('',*,*,#1091,.F.);
#740=ORIENTED_EDGE('',*,*,#1089,.T.);
#741=ORIENTED_EDGE('',*,*,#1251,.F.);
#742=ORIENTED_EDGE('',*,*,#1258,.T.);
#743=ORIENTED_EDGE('',*,*,#1256,.T.);
#744=ORIENTED_EDGE('',*,*,#1116,.T.);
#745=ORIENTED_EDGE('',*,*,#1253,.F.);
#746=ORIENTED_EDGE('',*,*,#1255,.T.);
#747=ORIENTED_EDGE('',*,*,#1257,.T.);
#748=ORIENTED_EDGE('',*,*,#1258,.F.);
#749=ORIENTED_EDGE('',*,*,#1259,.T.);
#750=ORIENTED_EDGE('',*,*,#1084,.T.);
#751=ORIENTED_EDGE('',*,*,#1260,.F.);
#752=ORIENTED_EDGE('',*,*,#1261,.T.);
#753=ORIENTED_EDGE('',*,*,#1260,.T.);
#754=ORIENTED_EDGE('',*,*,#1083,.T.);
#755=ORIENTED_EDGE('',*,*,#1096,.T.);
#756=ORIENTED_EDGE('',*,*,#1121,.T.);
#757=ORIENTED_EDGE('',*,*,#1262,.F.);
#758=ORIENTED_EDGE('',*,*,#1263,.F.);
#759=ORIENTED_EDGE('',*,*,#1262,.T.);
#760=ORIENTED_EDGE('',*,*,#1120,.T.);
#761=ORIENTED_EDGE('',*,*,#1264,.F.);
#762=ORIENTED_EDGE('',*,*,#1265,.F.);
#763=ORIENTED_EDGE('',*,*,#1094,.F.);
#764=ORIENTED_EDGE('',*,*,#1085,.T.);
#765=ORIENTED_EDGE('',*,*,#1259,.F.);
#766=ORIENTED_EDGE('',*,*,#1266,.T.);
#767=ORIENTED_EDGE('',*,*,#1264,.T.);
#768=ORIENTED_EDGE('',*,*,#1119,.T.);
#769=ORIENTED_EDGE('',*,*,#1261,.F.);
#770=ORIENTED_EDGE('',*,*,#1263,.T.);
#771=ORIENTED_EDGE('',*,*,#1265,.T.);
#772=ORIENTED_EDGE('',*,*,#1266,.F.);
#773=ORIENTED_EDGE('',*,*,#1267,.T.);
#774=ORIENTED_EDGE('',*,*,#1080,.T.);
#775=ORIENTED_EDGE('',*,*,#1268,.F.);
#776=ORIENTED_EDGE('',*,*,#1269,.T.);
#777=ORIENTED_EDGE('',*,*,#1268,.T.);
#778=ORIENTED_EDGE('',*,*,#1079,.T.);
#779=ORIENTED_EDGE('',*,*,#1099,.T.);
#780=ORIENTED_EDGE('',*,*,#1124,.T.);
#781=ORIENTED_EDGE('',*,*,#1270,.F.);
#782=ORIENTED_EDGE('',*,*,#1271,.F.);
#783=ORIENTED_EDGE('',*,*,#1270,.T.);
#784=ORIENTED_EDGE('',*,*,#1123,.T.);
#785=ORIENTED_EDGE('',*,*,#1272,.F.);
#786=ORIENTED_EDGE('',*,*,#1273,.F.);
#787=ORIENTED_EDGE('',*,*,#1097,.F.);
#788=ORIENTED_EDGE('',*,*,#1081,.T.);
#789=ORIENTED_EDGE('',*,*,#1267,.F.);
#790=ORIENTED_EDGE('',*,*,#1274,.T.);
#791=ORIENTED_EDGE('',*,*,#1272,.T.);
#792=ORIENTED_EDGE('',*,*,#1122,.T.);
#793=ORIENTED_EDGE('',*,*,#1269,.F.);
#794=ORIENTED_EDGE('',*,*,#1271,.T.);
#795=ORIENTED_EDGE('',*,*,#1273,.T.);
#796=ORIENTED_EDGE('',*,*,#1274,.F.);
#797=ORIENTED_EDGE('',*,*,#1275,.T.);
#798=ORIENTED_EDGE('',*,*,#1076,.T.);
#799=ORIENTED_EDGE('',*,*,#1276,.F.);
#800=ORIENTED_EDGE('',*,*,#1277,.T.);
#801=ORIENTED_EDGE('',*,*,#1276,.T.);
#802=ORIENTED_EDGE('',*,*,#1075,.T.);
#803=ORIENTED_EDGE('',*,*,#1102,.T.);
#804=ORIENTED_EDGE('',*,*,#1127,.T.);
#805=ORIENTED_EDGE('',*,*,#1278,.F.);
#806=ORIENTED_EDGE('',*,*,#1279,.F.);
#807=ORIENTED_EDGE('',*,*,#1278,.T.);
#808=ORIENTED_EDGE('',*,*,#1126,.T.);
#809=ORIENTED_EDGE('',*,*,#1280,.F.);
#810=ORIENTED_EDGE('',*,*,#1281,.F.);
#811=ORIENTED_EDGE('',*,*,#1100,.F.);
#812=ORIENTED_EDGE('',*,*,#1077,.T.);
#813=ORIENTED_EDGE('',*,*,#1275,.F.);
#814=ORIENTED_EDGE('',*,*,#1282,.T.);
#815=ORIENTED_EDGE('',*,*,#1280,.T.);
#816=ORIENTED_EDGE('',*,*,#1125,.T.);
#817=ORIENTED_EDGE('',*,*,#1277,.F.);
#818=ORIENTED_EDGE('',*,*,#1279,.T.);
#819=ORIENTED_EDGE('',*,*,#1281,.T.);
#820=ORIENTED_EDGE('',*,*,#1282,.F.);
#821=ORIENTED_EDGE('',*,*,#1283,.T.);
#822=ORIENTED_EDGE('',*,*,#1072,.T.);
#823=ORIENTED_EDGE('',*,*,#1284,.F.);
#824=ORIENTED_EDGE('',*,*,#1285,.T.);
#825=ORIENTED_EDGE('',*,*,#1284,.T.);
#826=ORIENTED_EDGE('',*,*,#1071,.T.);
#827=ORIENTED_EDGE('',*,*,#1105,.T.);
#828=ORIENTED_EDGE('',*,*,#1130,.T.);
#829=ORIENTED_EDGE('',*,*,#1286,.F.);
#830=ORIENTED_EDGE('',*,*,#1287,.F.);
#831=ORIENTED_EDGE('',*,*,#1286,.T.);
#832=ORIENTED_EDGE('',*,*,#1129,.T.);
#833=ORIENTED_EDGE('',*,*,#1288,.F.);
#834=ORIENTED_EDGE('',*,*,#1289,.F.);
#835=ORIENTED_EDGE('',*,*,#1103,.F.);
#836=ORIENTED_EDGE('',*,*,#1073,.T.);
#837=ORIENTED_EDGE('',*,*,#1283,.F.);
#838=ORIENTED_EDGE('',*,*,#1290,.T.);
#839=ORIENTED_EDGE('',*,*,#1288,.T.);
#840=ORIENTED_EDGE('',*,*,#1128,.T.);
#841=ORIENTED_EDGE('',*,*,#1285,.F.);
#842=ORIENTED_EDGE('',*,*,#1287,.T.);
#843=ORIENTED_EDGE('',*,*,#1289,.T.);
#844=ORIENTED_EDGE('',*,*,#1290,.F.);
#845=ORIENTED_EDGE('',*,*,#1291,.T.);
#846=ORIENTED_EDGE('',*,*,#1068,.T.);
#847=ORIENTED_EDGE('',*,*,#1292,.F.);
#848=ORIENTED_EDGE('',*,*,#1293,.T.);
#849=ORIENTED_EDGE('',*,*,#1292,.T.);
#850=ORIENTED_EDGE('',*,*,#1067,.T.);
#851=ORIENTED_EDGE('',*,*,#1108,.T.);
#852=ORIENTED_EDGE('',*,*,#1133,.T.);
#853=ORIENTED_EDGE('',*,*,#1294,.F.);
#854=ORIENTED_EDGE('',*,*,#1295,.F.);
#855=ORIENTED_EDGE('',*,*,#1294,.T.);
#856=ORIENTED_EDGE('',*,*,#1132,.T.);
#857=ORIENTED_EDGE('',*,*,#1296,.F.);
#858=ORIENTED_EDGE('',*,*,#1297,.F.);
#859=ORIENTED_EDGE('',*,*,#1106,.F.);
#860=ORIENTED_EDGE('',*,*,#1069,.T.);
#861=ORIENTED_EDGE('',*,*,#1291,.F.);
#862=ORIENTED_EDGE('',*,*,#1298,.T.);
#863=ORIENTED_EDGE('',*,*,#1296,.T.);
#864=ORIENTED_EDGE('',*,*,#1131,.T.);
#865=ORIENTED_EDGE('',*,*,#1293,.F.);
#866=ORIENTED_EDGE('',*,*,#1295,.T.);
#867=ORIENTED_EDGE('',*,*,#1297,.T.);
#868=ORIENTED_EDGE('',*,*,#1298,.F.);
#869=ORIENTED_EDGE('',*,*,#1299,.T.);
#870=ORIENTED_EDGE('',*,*,#1064,.T.);
#871=ORIENTED_EDGE('',*,*,#1300,.F.);
#872=ORIENTED_EDGE('',*,*,#1301,.T.);
#873=ORIENTED_EDGE('',*,*,#1300,.T.);
#874=ORIENTED_EDGE('',*,*,#1063,.T.);
#875=ORIENTED_EDGE('',*,*,#1137,.T.);
#876=ORIENTED_EDGE('',*,*,#1136,.T.);
#877=ORIENTED_EDGE('',*,*,#1302,.F.);
#878=ORIENTED_EDGE('',*,*,#1303,.F.);
#879=ORIENTED_EDGE('',*,*,#1302,.T.);
#880=ORIENTED_EDGE('',*,*,#1135,.T.);
#881=ORIENTED_EDGE('',*,*,#1304,.F.);
#882=ORIENTED_EDGE('',*,*,#1305,.F.);
#883=ORIENTED_EDGE('',*,*,#1109,.F.);
#884=ORIENTED_EDGE('',*,*,#1065,.T.);
#885=ORIENTED_EDGE('',*,*,#1299,.F.);
#886=ORIENTED_EDGE('',*,*,#1306,.T.);
#887=ORIENTED_EDGE('',*,*,#1304,.T.);
#888=ORIENTED_EDGE('',*,*,#1134,.T.);
#889=ORIENTED_EDGE('',*,*,#1301,.F.);
#890=ORIENTED_EDGE('',*,*,#1303,.T.);
#891=ORIENTED_EDGE('',*,*,#1305,.T.);
#892=ORIENTED_EDGE('',*,*,#1306,.F.);
#893=ORIENTED_EDGE('',*,*,#1307,.F.);
#894=ORIENTED_EDGE('',*,*,#1186,.F.);
#895=ORIENTED_EDGE('',*,*,#1308,.F.);
#896=ORIENTED_EDGE('',*,*,#1204,.F.);
#897=ORIENTED_EDGE('',*,*,#1308,.T.);
#898=ORIENTED_EDGE('',*,*,#1183,.F.);
#899=ORIENTED_EDGE('',*,*,#1309,.F.);
#900=ORIENTED_EDGE('',*,*,#1201,.F.);
#901=ORIENTED_EDGE('',*,*,#1307,.T.);
#902=ORIENTED_EDGE('',*,*,#1203,.F.);
#903=ORIENTED_EDGE('',*,*,#1310,.F.);
#904=ORIENTED_EDGE('',*,*,#1197,.F.);
#905=ORIENTED_EDGE('',*,*,#1309,.T.);
#906=ORIENTED_EDGE('',*,*,#1180,.F.);
#907=ORIENTED_EDGE('',*,*,#1310,.T.);
#908=ORIENTED_EDGE('',*,*,#1202,.F.);
#909=ORIENTED_EDGE('',*,*,#1311,.F.);
#910=ORIENTED_EDGE('',*,*,#1225,.F.);
#911=ORIENTED_EDGE('',*,*,#1312,.F.);
#912=ORIENTED_EDGE('',*,*,#1188,.F.);
#913=ORIENTED_EDGE('',*,*,#1312,.T.);
#914=ORIENTED_EDGE('',*,*,#1224,.F.);
#915=ORIENTED_EDGE('',*,*,#1313,.F.);
#916=ORIENTED_EDGE('',*,*,#1185,.F.);
#917=ORIENTED_EDGE('',*,*,#1311,.T.);
#918=ORIENTED_EDGE('',*,*,#1198,.F.);
#919=ORIENTED_EDGE('',*,*,#1314,.F.);
#920=ORIENTED_EDGE('',*,*,#1222,.F.);
#921=ORIENTED_EDGE('',*,*,#1313,.T.);
#922=ORIENTED_EDGE('',*,*,#1223,.F.);
#923=ORIENTED_EDGE('',*,*,#1314,.T.);
#924=ORIENTED_EDGE('',*,*,#1182,.F.);
#925=ORIENTED_EDGE('',*,*,#1315,.F.);
#926=ORIENTED_EDGE('',*,*,#1146,.F.);
#927=ORIENTED_EDGE('',*,*,#1316,.F.);
#928=ORIENTED_EDGE('',*,*,#1208,.F.);
#929=ORIENTED_EDGE('',*,*,#1316,.T.);
#930=ORIENTED_EDGE('',*,*,#1143,.F.);
#931=ORIENTED_EDGE('',*,*,#1317,.F.);
#932=ORIENTED_EDGE('',*,*,#1205,.F.);
#933=ORIENTED_EDGE('',*,*,#1315,.T.);
#934=ORIENTED_EDGE('',*,*,#1207,.F.);
#935=ORIENTED_EDGE('',*,*,#1318,.F.);
#936=ORIENTED_EDGE('',*,*,#1189,.F.);
#937=ORIENTED_EDGE('',*,*,#1317,.T.);
#938=ORIENTED_EDGE('',*,*,#1140,.F.);
#939=ORIENTED_EDGE('',*,*,#1318,.T.);
#940=ORIENTED_EDGE('',*,*,#1206,.F.);
#941=ORIENTED_EDGE('',*,*,#1319,.F.);
#942=ORIENTED_EDGE('',*,*,#1229,.F.);
#943=ORIENTED_EDGE('',*,*,#1320,.F.);
#944=ORIENTED_EDGE('',*,*,#1148,.F.);
#945=ORIENTED_EDGE('',*,*,#1320,.T.);
#946=ORIENTED_EDGE('',*,*,#1228,.F.);
#947=ORIENTED_EDGE('',*,*,#1321,.F.);
#948=ORIENTED_EDGE('',*,*,#1145,.F.);
#949=ORIENTED_EDGE('',*,*,#1319,.T.);
#950=ORIENTED_EDGE('',*,*,#1190,.F.);
#951=ORIENTED_EDGE('',*,*,#1322,.F.);
#952=ORIENTED_EDGE('',*,*,#1226,.F.);
#953=ORIENTED_EDGE('',*,*,#1321,.T.);
#954=ORIENTED_EDGE('',*,*,#1227,.F.);
#955=ORIENTED_EDGE('',*,*,#1322,.T.);
#956=ORIENTED_EDGE('',*,*,#1142,.F.);
#957=ORIENTED_EDGE('',*,*,#1323,.F.);
#958=ORIENTED_EDGE('',*,*,#1156,.F.);
#959=ORIENTED_EDGE('',*,*,#1324,.F.);
#960=ORIENTED_EDGE('',*,*,#1212,.F.);
#961=ORIENTED_EDGE('',*,*,#1324,.T.);
#962=ORIENTED_EDGE('',*,*,#1153,.F.);
#963=ORIENTED_EDGE('',*,*,#1325,.F.);
#964=ORIENTED_EDGE('',*,*,#1209,.F.);
#965=ORIENTED_EDGE('',*,*,#1323,.T.);
#966=ORIENTED_EDGE('',*,*,#1211,.F.);
#967=ORIENTED_EDGE('',*,*,#1326,.F.);
#968=ORIENTED_EDGE('',*,*,#1191,.F.);
#969=ORIENTED_EDGE('',*,*,#1325,.T.);
#970=ORIENTED_EDGE('',*,*,#1150,.F.);
#971=ORIENTED_EDGE('',*,*,#1326,.T.);
#972=ORIENTED_EDGE('',*,*,#1210,.F.);
#973=ORIENTED_EDGE('',*,*,#1327,.F.);
#974=ORIENTED_EDGE('',*,*,#1233,.F.);
#975=ORIENTED_EDGE('',*,*,#1328,.F.);
#976=ORIENTED_EDGE('',*,*,#1158,.F.);
#977=ORIENTED_EDGE('',*,*,#1328,.T.);
#978=ORIENTED_EDGE('',*,*,#1232,.F.);
#979=ORIENTED_EDGE('',*,*,#1329,.F.);
#980=ORIENTED_EDGE('',*,*,#1155,.F.);
#981=ORIENTED_EDGE('',*,*,#1327,.T.);
#982=ORIENTED_EDGE('',*,*,#1192,.F.);
#983=ORIENTED_EDGE('',*,*,#1330,.F.);
#984=ORIENTED_EDGE('',*,*,#1230,.F.);
#985=ORIENTED_EDGE('',*,*,#1329,.T.);
#986=ORIENTED_EDGE('',*,*,#1231,.F.);
#987=ORIENTED_EDGE('',*,*,#1330,.T.);
#988=ORIENTED_EDGE('',*,*,#1152,.F.);
#989=ORIENTED_EDGE('',*,*,#1331,.F.);
#990=ORIENTED_EDGE('',*,*,#1166,.F.);
#991=ORIENTED_EDGE('',*,*,#1332,.F.);
#992=ORIENTED_EDGE('',*,*,#1216,.F.);
#993=ORIENTED_EDGE('',*,*,#1332,.T.);
#994=ORIENTED_EDGE('',*,*,#1163,.F.);
#995=ORIENTED_EDGE('',*,*,#1333,.F.);
#996=ORIENTED_EDGE('',*,*,#1213,.F.);
#997=ORIENTED_EDGE('',*,*,#1331,.T.);
#998=ORIENTED_EDGE('',*,*,#1215,.F.);
#999=ORIENTED_EDGE('',*,*,#1334,.F.);
#1000=ORIENTED_EDGE('',*,*,#1193,.F.);
#1001=ORIENTED_EDGE('',*,*,#1333,.T.);
#1002=ORIENTED_EDGE('',*,*,#1160,.F.);
#1003=ORIENTED_EDGE('',*,*,#1334,.T.);
#1004=ORIENTED_EDGE('',*,*,#1214,.F.);
#1005=ORIENTED_EDGE('',*,*,#1335,.F.);
#1006=ORIENTED_EDGE('',*,*,#1237,.F.);
#1007=ORIENTED_EDGE('',*,*,#1336,.F.);
#1008=ORIENTED_EDGE('',*,*,#1168,.F.);
#1009=ORIENTED_EDGE('',*,*,#1336,.T.);
#1010=ORIENTED_EDGE('',*,*,#1236,.F.);
#1011=ORIENTED_EDGE('',*,*,#1337,.F.);
#1012=ORIENTED_EDGE('',*,*,#1165,.F.);
#1013=ORIENTED_EDGE('',*,*,#1335,.T.);
#1014=ORIENTED_EDGE('',*,*,#1194,.F.);
#1015=ORIENTED_EDGE('',*,*,#1338,.F.);
#1016=ORIENTED_EDGE('',*,*,#1234,.F.);
#1017=ORIENTED_EDGE('',*,*,#1337,.T.);
#1018=ORIENTED_EDGE('',*,*,#1235,.F.);
#1019=ORIENTED_EDGE('',*,*,#1338,.T.);
#1020=ORIENTED_EDGE('',*,*,#1162,.F.);
#1021=ORIENTED_EDGE('',*,*,#1339,.F.);
#1022=ORIENTED_EDGE('',*,*,#1176,.F.);
#1023=ORIENTED_EDGE('',*,*,#1340,.F.);
#1024=ORIENTED_EDGE('',*,*,#1220,.F.);
#1025=ORIENTED_EDGE('',*,*,#1340,.T.);
#1026=ORIENTED_EDGE('',*,*,#1173,.F.);
#1027=ORIENTED_EDGE('',*,*,#1341,.F.);
#1028=ORIENTED_EDGE('',*,*,#1217,.F.);
#1029=ORIENTED_EDGE('',*,*,#1339,.T.);
#1030=ORIENTED_EDGE('',*,*,#1219,.F.);
#1031=ORIENTED_EDGE('',*,*,#1342,.F.);
#1032=ORIENTED_EDGE('',*,*,#1195,.F.);
#1033=ORIENTED_EDGE('',*,*,#1341,.T.);
#1034=ORIENTED_EDGE('',*,*,#1170,.F.);
#1035=ORIENTED_EDGE('',*,*,#1342,.T.);
#1036=ORIENTED_EDGE('',*,*,#1218,.F.);
#1037=ORIENTED_EDGE('',*,*,#1343,.F.);
#1038=ORIENTED_EDGE('',*,*,#1241,.F.);
#1039=ORIENTED_EDGE('',*,*,#1344,.F.);
#1040=ORIENTED_EDGE('',*,*,#1178,.F.);
#1041=ORIENTED_EDGE('',*,*,#1344,.T.);
#1042=ORIENTED_EDGE('',*,*,#1240,.F.);
#1043=ORIENTED_EDGE('',*,*,#1345,.F.);
#1044=ORIENTED_EDGE('',*,*,#1175,.F.);
#1045=ORIENTED_EDGE('',*,*,#1343,.T.);
#1046=ORIENTED_EDGE('',*,*,#1196,.F.);
#1047=ORIENTED_EDGE('',*,*,#1346,.F.);
#1048=ORIENTED_EDGE('',*,*,#1238,.F.);
#1049=ORIENTED_EDGE('',*,*,#1345,.T.);
#1050=ORIENTED_EDGE('',*,*,#1239,.F.);
#1051=ORIENTED_EDGE('',*,*,#1346,.T.);
#1052=ORIENTED_EDGE('',*,*,#1172,.F.);
#1053=ORIENTED_EDGE('',*,*,#1199,.F.);
#1054=ORIENTED_EDGE('',*,*,#1221,.F.);
#1055=ORIENTED_EDGE('',*,*,#1242,.F.);
#1056=ORIENTED_EDGE('',*,*,#1200,.F.);
#1057=EDGE_CURVE('',#1347,#1347,#1529,.T.);
#1058=EDGE_CURVE('',#1348,#1349,#1530,.F.);
#1059=EDGE_CURVE('',#1350,#1348,#405,.T.);
#1060=EDGE_CURVE('',#1351,#1350,#1531,.T.);
#1061=EDGE_CURVE('',#1352,#1351,#406,.T.);
#1062=EDGE_CURVE('',#1353,#1352,#1532,.F.);
#1063=EDGE_CURVE('',#1354,#1353,#407,.T.);
#1064=EDGE_CURVE('',#1355,#1354,#1533,.T.);
#1065=EDGE_CURVE('',#1356,#1355,#408,.T.);
#1066=EDGE_CURVE('',#1357,#1356,#1534,.F.);
#1067=EDGE_CURVE('',#1358,#1357,#409,.T.);
#1068=EDGE_CURVE('',#1359,#1358,#1535,.T.);
#1069=EDGE_CURVE('',#1360,#1359,#410,.T.);
#1070=EDGE_CURVE('',#1361,#1360,#1536,.F.);
#1071=EDGE_CURVE('',#1362,#1361,#411,.T.);
#1072=EDGE_CURVE('',#1363,#1362,#1537,.T.);
#1073=EDGE_CURVE('',#1364,#1363,#412,.T.);
#1074=EDGE_CURVE('',#1365,#1364,#1538,.F.);
#1075=EDGE_CURVE('',#1366,#1365,#413,.T.);
#1076=EDGE_CURVE('',#1367,#1366,#1539,.T.);
#1077=EDGE_CURVE('',#1368,#1367,#414,.T.);
#1078=EDGE_CURVE('',#1369,#1368,#1540,.F.);
#1079=EDGE_CURVE('',#1370,#1369,#415,.T.);
#1080=EDGE_CURVE('',#1371,#1370,#1541,.T.);
#1081=EDGE_CURVE('',#1372,#1371,#416,.T.);
#1082=EDGE_CURVE('',#1373,#1372,#1542,.F.);
#1083=EDGE_CURVE('',#1374,#1373,#417,.T.);
#1084=EDGE_CURVE('',#1375,#1374,#1543,.T.);
#1085=EDGE_CURVE('',#1376,#1375,#418,.T.);
#1086=EDGE_CURVE('',#1377,#1376,#1544,.F.);
#1087=EDGE_CURVE('',#1378,#1377,#419,.T.);
#1088=EDGE_CURVE('',#1379,#1378,#1545,.T.);
#1089=EDGE_CURVE('',#1349,#1379,#420,.T.);
#1090=EDGE_CURVE('',#1348,#1380,#106,.F.);
#1091=EDGE_CURVE('',#1349,#1381,#107,.F.);
#1092=EDGE_CURVE('',#1381,#1380,#1546,.T.);
#1093=EDGE_CURVE('',#1377,#1382,#108,.F.);
#1094=EDGE_CURVE('',#1376,#1383,#109,.F.);
#1095=EDGE_CURVE('',#1383,#1382,#1547,.T.);
#1096=EDGE_CURVE('',#1373,#1384,#110,.F.);
#1097=EDGE_CURVE('',#1372,#1385,#111,.F.);
#1098=EDGE_CURVE('',#1385,#1384,#1548,.T.);
#1099=EDGE_CURVE('',#1369,#1386,#112,.F.);
#1100=EDGE_CURVE('',#1368,#1387,#113,.F.);
#1101=EDGE_CURVE('',#1387,#1386,#1549,.T.);
#1102=EDGE_CURVE('',#1365,#1388,#114,.F.);
#1103=EDGE_CURVE('',#1364,#1389,#115,.F.);
#1104=EDGE_CURVE('',#1389,#1388,#1550,.T.);
#1105=EDGE_CURVE('',#1361,#1390,#116,.F.);
#1106=EDGE_CURVE('',#1360,#1391,#117,.F.);
#1107=EDGE_CURVE('',#1391,#1390,#1551,.T.);
#1108=EDGE_CURVE('',#1357,#1392,#118,.F.);
#1109=EDGE_CURVE('',#1356,#1393,#119,.F.);
#1110=EDGE_CURVE('',#1393,#1392,#1552,.T.);
#1111=EDGE_CURVE('',#1394,#1394,#1553,.F.);
#1112=EDGE_CURVE('',#1395,#1396,#1554,.T.);
#1113=EDGE_CURVE('',#1397,#1395,#421,.T.);
#1114=EDGE_CURVE('',#1398,#1397,#1555,.F.);
#1115=EDGE_CURVE('',#1380,#1398,#422,.T.);
#1116=EDGE_CURVE('',#1399,#1381,#423,.T.);
#1117=EDGE_CURVE('',#1400,#1399,#1556,.F.);
#1118=EDGE_CURVE('',#1382,#1400,#424,.T.);
#1119=EDGE_CURVE('',#1401,#1383,#425,.T.);
#1120=EDGE_CURVE('',#1402,#1401,#1557,.F.);
#1121=EDGE_CURVE('',#1384,#1402,#426,.T.);
#1122=EDGE_CURVE('',#1403,#1385,#427,.T.);
#1123=EDGE_CURVE('',#1404,#1403,#1558,.F.);
#1124=EDGE_CURVE('',#1386,#1404,#428,.T.);
#1125=EDGE_CURVE('',#1405,#1387,#429,.T.);
#1126=EDGE_CURVE('',#1406,#1405,#1559,.F.);
#1127=EDGE_CURVE('',#1388,#1406,#430,.T.);
#1128=EDGE_CURVE('',#1407,#1389,#431,.T.);
#1129=EDGE_CURVE('',#1408,#1407,#1560,.F.);
#1130=EDGE_CURVE('',#1390,#1408,#432,.T.);
#1131=EDGE_CURVE('',#1409,#1391,#433,.T.);
#1132=EDGE_CURVE('',#1410,#1409,#1561,.F.);
#1133=EDGE_CURVE('',#1392,#1410,#434,.T.);
#1134=EDGE_CURVE('',#1411,#1393,#435,.T.);
#1135=EDGE_CURVE('',#1412,#1411,#1562,.F.);
#1136=EDGE_CURVE('',#1396,#1412,#436,.T.);
#1137=EDGE_CURVE('',#1353,#1396,#120,.F.);
#1138=EDGE_CURVE('',#1352,#1395,#121,.F.);
#1139=EDGE_CURVE('',#1413,#1414,#122,.T.);
#1140=EDGE_CURVE('',#1413,#1415,#1563,.F.);
#1141=EDGE_CURVE('',#1415,#1416,#123,.T.);
#1142=EDGE_CURVE('',#1416,#1414,#1564,.T.);
#1143=EDGE_CURVE('',#1415,#1417,#124,.T.);
#1144=EDGE_CURVE('',#1417,#1418,#125,.T.);
#1145=EDGE_CURVE('',#1418,#1416,#126,.T.);
#1146=EDGE_CURVE('',#1417,#1419,#1565,.T.);
#1147=EDGE_CURVE('',#1419,#1420,#127,.T.);
#1148=EDGE_CURVE('',#1420,#1418,#1566,.F.);
#1149=EDGE_CURVE('',#1421,#1422,#128,.T.);
#1150=EDGE_CURVE('',#1421,#1423,#1567,.F.);
#1151=EDGE_CURVE('',#1423,#1424,#129,.T.);
#1152=EDGE_CURVE('',#1424,#1422,#1568,.T.);
#1153=EDGE_CURVE('',#1423,#1425,#130,.T.);
#1154=EDGE_CURVE('',#1425,#1426,#131,.T.);
#1155=EDGE_CURVE('',#1426,#1424,#132,.T.);
#1156=EDGE_CURVE('',#1425,#1427,#1569,.T.);
#1157=EDGE_CURVE('',#1427,#1428,#133,.T.);
#1158=EDGE_CURVE('',#1428,#1426,#1570,.F.);
#1159=EDGE_CURVE('',#1429,#1430,#134,.T.);
#1160=EDGE_CURVE('',#1429,#1431,#1571,.F.);
#1161=EDGE_CURVE('',#1431,#1432,#135,.T.);
#1162=EDGE_CURVE('',#1432,#1430,#1572,.T.);
#1163=EDGE_CURVE('',#1431,#1433,#136,.T.);
#1164=EDGE_CURVE('',#1433,#1434,#137,.T.);
#1165=EDGE_CURVE('',#1434,#1432,#138,.T.);
#1166=EDGE_CURVE('',#1433,#1435,#1573,.T.);
#1167=EDGE_CURVE('',#1435,#1436,#139,.T.);
#1168=EDGE_CURVE('',#1436,#1434,#1574,.F.);
#1169=EDGE_CURVE('',#1437,#1438,#140,.T.);
#1170=EDGE_CURVE('',#1437,#1439,#1575,.F.);
#1171=EDGE_CURVE('',#1439,#1440,#141,.T.);
#1172=EDGE_CURVE('',#1440,#1438,#1576,.T.);
#1173=EDGE_CURVE('',#1439,#1441,#142,.T.);
#1174=EDGE_CURVE('',#1441,#1442,#143,.T.);
#1175=EDGE_CURVE('',#1442,#1440,#144,.T.);
#1176=EDGE_CURVE('',#1441,#1443,#1577,.T.);
#1177=EDGE_CURVE('',#1443,#1444,#145,.T.);
#1178=EDGE_CURVE('',#1444,#1442,#1578,.F.);
#1179=EDGE_CURVE('',#1445,#1446,#146,.T.);
#1180=EDGE_CURVE('',#1445,#1447,#1579,.F.);
#1181=EDGE_CURVE('',#1447,#1448,#147,.T.);
#1182=EDGE_CURVE('',#1448,#1446,#1580,.T.);
#1183=EDGE_CURVE('',#1447,#1449,#148,.T.);
#1184=EDGE_CURVE('',#1449,#1450,#149,.T.);
#1185=EDGE_CURVE('',#1450,#1448,#150,.T.);
#1186=EDGE_CURVE('',#1449,#1451,#1581,.T.);
#1187=EDGE_CURVE('',#1451,#1452,#151,.T.);
#1188=EDGE_CURVE('',#1452,#1450,#1582,.F.);
#1189=EDGE_CURVE('',#1419,#1413,#152,.T.);
#1190=EDGE_CURVE('',#1414,#1420,#153,.T.);
#1191=EDGE_CURVE('',#1427,#1421,#154,.T.);
#1192=EDGE_CURVE('',#1422,#1428,#155,.T.);
#1193=EDGE_CURVE('',#1435,#1429,#156,.T.);
#1194=EDGE_CURVE('',#1430,#1436,#157,.T.);
#1195=EDGE_CURVE('',#1443,#1437,#158,.T.);
#1196=EDGE_CURVE('',#1438,#1444,#159,.T.);
#1197=EDGE_CURVE('',#1451,#1445,#160,.T.);
#1198=EDGE_CURVE('',#1446,#1452,#161,.T.);
#1199=EDGE_CURVE('',#1453,#1453,#1583,.F.);
#1200=EDGE_CURVE('',#1454,#1454,#1584,.T.);
#1201=EDGE_CURVE('',#1455,#1456,#162,.T.);
#1202=EDGE_CURVE('',#1456,#1457,#1585,.T.);
#1203=EDGE_CURVE('',#1457,#1458,#163,.T.);
#1204=EDGE_CURVE('',#1458,#1455,#1586,.F.);
#1205=EDGE_CURVE('',#1459,#1460,#164,.T.);
#1206=EDGE_CURVE('',#1460,#1461,#1587,.T.);
#1207=EDGE_CURVE('',#1461,#1462,#165,.T.);
#1208=EDGE_CURVE('',#1462,#1459,#1588,.F.);
#1209=EDGE_CURVE('',#1463,#1464,#166,.T.);
#1210=EDGE_CURVE('',#1464,#1465,#1589,.T.);
#1211=EDGE_CURVE('',#1465,#1466,#167,.T.);
#1212=EDGE_CURVE('',#1466,#1463,#1590,.F.);
#1213=EDGE_CURVE('',#1467,#1468,#168,.T.);
#1214=EDGE_CURVE('',#1468,#1469,#1591,.T.);
#1215=EDGE_CURVE('',#1469,#1470,#169,.T.);
#1216=EDGE_CURVE('',#1470,#1467,#1592,.F.);
#1217=EDGE_CURVE('',#1471,#1472,#170,.T.);
#1218=EDGE_CURVE('',#1472,#1473,#1593,.T.);
#1219=EDGE_CURVE('',#1473,#1474,#171,.T.);
#1220=EDGE_CURVE('',#1474,#1471,#1594,.F.);
#1221=EDGE_CURVE('',#1475,#1475,#1595,.T.);
#1222=EDGE_CURVE('',#1476,#1477,#172,.T.);
#1223=EDGE_CURVE('',#1477,#1478,#1596,.F.);
#1224=EDGE_CURVE('',#1478,#1479,#173,.T.);
#1225=EDGE_CURVE('',#1479,#1476,#1597,.T.);
#1226=EDGE_CURVE('',#1480,#1481,#174,.T.);
#1227=EDGE_CURVE('',#1481,#1482,#1598,.F.);
#1228=EDGE_CURVE('',#1482,#1483,#175,.T.);
#1229=EDGE_CURVE('',#1483,#1480,#1599,.T.);
#1230=EDGE_CURVE('',#1484,#1485,#176,.T.);
#1231=EDGE_CURVE('',#1485,#1486,#1600,.F.);
#1232=EDGE_CURVE('',#1486,#1487,#177,.T.);
#1233=EDGE_CURVE('',#1487,#1484,#1601,.T.);
#1234=EDGE_CURVE('',#1488,#1489,#178,.T.);
#1235=EDGE_CURVE('',#1489,#1490,#1602,.F.);
#1236=EDGE_CURVE('',#1490,#1491,#179,.T.);
#1237=EDGE_CURVE('',#1491,#1488,#1603,.T.);
#1238=EDGE_CURVE('',#1492,#1493,#180,.T.);
#1239=EDGE_CURVE('',#1493,#1494,#1604,.F.);
#1240=EDGE_CURVE('',#1494,#1495,#181,.T.);
#1241=EDGE_CURVE('',#1495,#1492,#1605,.T.);
#1242=EDGE_CURVE('',#1496,#1496,#1606,.F.);
#1243=EDGE_CURVE('',#1497,#1351,#182,.T.);
#1244=EDGE_CURVE('',#1498,#1350,#183,.T.);
#1245=EDGE_CURVE('',#1498,#1497,#184,.T.);
#1246=EDGE_CURVE('',#1499,#1398,#185,.T.);
#1247=EDGE_CURVE('',#1498,#1499,#186,.T.);
#1248=EDGE_CURVE('',#1500,#1397,#187,.T.);
#1249=EDGE_CURVE('',#1499,#1500,#188,.T.);
#1250=EDGE_CURVE('',#1497,#1500,#189,.T.);
#1251=EDGE_CURVE('',#1501,#1379,#190,.T.);
#1252=EDGE_CURVE('',#1502,#1378,#191,.T.);
#1253=EDGE_CURVE('',#1502,#1501,#192,.T.);
#1254=EDGE_CURVE('',#1503,#1400,#193,.T.);
#1255=EDGE_CURVE('',#1502,#1503,#194,.T.);
#1256=EDGE_CURVE('',#1504,#1399,#195,.T.);
#1257=EDGE_CURVE('',#1503,#1504,#196,.T.);
#1258=EDGE_CURVE('',#1501,#1504,#197,.T.);
#1259=EDGE_CURVE('',#1505,#1375,#198,.T.);
#1260=EDGE_CURVE('',#1506,#1374,#199,.T.);
#1261=EDGE_CURVE('',#1506,#1505,#200,.T.);
#1262=EDGE_CURVE('',#1507,#1402,#201,.T.);
#1263=EDGE_CURVE('',#1506,#1507,#202,.T.);
#1264=EDGE_CURVE('',#1508,#1401,#203,.T.);
#1265=EDGE_CURVE('',#1507,#1508,#204,.T.);
#1266=EDGE_CURVE('',#1505,#1508,#205,.T.);
#1267=EDGE_CURVE('',#1509,#1371,#206,.T.);
#1268=EDGE_CURVE('',#1510,#1370,#207,.T.);
#1269=EDGE_CURVE('',#1510,#1509,#208,.T.);
#1270=EDGE_CURVE('',#1511,#1404,#209,.T.);
#1271=EDGE_CURVE('',#1510,#1511,#210,.T.);
#1272=EDGE_CURVE('',#1512,#1403,#211,.T.);
#1273=EDGE_CURVE('',#1511,#1512,#212,.T.);
#1274=EDGE_CURVE('',#1509,#1512,#213,.T.);
#1275=EDGE_CURVE('',#1513,#1367,#214,.T.);
#1276=EDGE_CURVE('',#1514,#1366,#215,.T.);
#1277=EDGE_CURVE('',#1514,#1513,#216,.T.);
#1278=EDGE_CURVE('',#1515,#1406,#217,.T.);
#1279=EDGE_CURVE('',#1514,#1515,#218,.T.);
#1280=EDGE_CURVE('',#1516,#1405,#219,.T.);
#1281=EDGE_CURVE('',#1515,#1516,#220,.T.);
#1282=EDGE_CURVE('',#1513,#1516,#221,.T.);
#1283=EDGE_CURVE('',#1517,#1363,#222,.T.);
#1284=EDGE_CURVE('',#1518,#1362,#223,.T.);
#1285=EDGE_CURVE('',#1518,#1517,#224,.T.);
#1286=EDGE_CURVE('',#1519,#1408,#225,.T.);
#1287=EDGE_CURVE('',#1518,#1519,#226,.T.);
#1288=EDGE_CURVE('',#1520,#1407,#227,.T.);
#1289=EDGE_CURVE('',#1519,#1520,#228,.T.);
#1290=EDGE_CURVE('',#1517,#1520,#229,.T.);
#1291=EDGE_CURVE('',#1521,#1359,#230,.T.);
#1292=EDGE_CURVE('',#1522,#1358,#231,.T.);
#1293=EDGE_CURVE('',#1522,#1521,#232,.T.);
#1294=EDGE_CURVE('',#1523,#1410,#233,.T.);
#1295=EDGE_CURVE('',#1522,#1523,#234,.T.);
#1296=EDGE_CURVE('',#1524,#1409,#235,.T.);
#1297=EDGE_CURVE('',#1523,#1524,#236,.T.);
#1298=EDGE_CURVE('',#1521,#1524,#237,.T.);
#1299=EDGE_CURVE('',#1525,#1355,#238,.T.);
#1300=EDGE_CURVE('',#1526,#1354,#239,.T.);
#1301=EDGE_CURVE('',#1526,#1525,#240,.T.);
#1302=EDGE_CURVE('',#1527,#1412,#241,.T.);
#1303=EDGE_CURVE('',#1526,#1527,#242,.T.);
#1304=EDGE_CURVE('',#1528,#1411,#243,.T.);
#1305=EDGE_CURVE('',#1527,#1528,#244,.T.);
#1306=EDGE_CURVE('',#1525,#1528,#245,.T.);
#1307=EDGE_CURVE('',#1451,#1458,#437,.F.);
#1308=EDGE_CURVE('',#1455,#1449,#438,.T.);
#1309=EDGE_CURVE('',#1456,#1447,#439,.F.);
#1310=EDGE_CURVE('',#1445,#1457,#440,.F.);
#1311=EDGE_CURVE('',#1476,#1452,#441,.F.);
#1312=EDGE_CURVE('',#1450,#1479,#442,.T.);
#1313=EDGE_CURVE('',#1448,#1478,#443,.F.);
#1314=EDGE_CURVE('',#1477,#1446,#444,.F.);
#1315=EDGE_CURVE('',#1419,#1462,#445,.F.);
#1316=EDGE_CURVE('',#1459,#1417,#446,.T.);
#1317=EDGE_CURVE('',#1460,#1415,#447,.F.);
#1318=EDGE_CURVE('',#1413,#1461,#448,.F.);
#1319=EDGE_CURVE('',#1480,#1420,#449,.F.);
#1320=EDGE_CURVE('',#1418,#1483,#450,.T.);
#1321=EDGE_CURVE('',#1416,#1482,#451,.F.);
#1322=EDGE_CURVE('',#1481,#1414,#452,.F.);
#1323=EDGE_CURVE('',#1427,#1466,#453,.F.);
#1324=EDGE_CURVE('',#1463,#1425,#454,.T.);
#1325=EDGE_CURVE('',#1464,#1423,#455,.F.);
#1326=EDGE_CURVE('',#1421,#1465,#456,.F.);
#1327=EDGE_CURVE('',#1484,#1428,#457,.F.);
#1328=EDGE_CURVE('',#1426,#1487,#458,.T.);
#1329=EDGE_CURVE('',#1424,#1486,#459,.F.);
#1330=EDGE_CURVE('',#1485,#1422,#460,.F.);
#1331=EDGE_CURVE('',#1435,#1470,#461,.F.);
#1332=EDGE_CURVE('',#1467,#1433,#462,.T.);
#1333=EDGE_CURVE('',#1468,#1431,#463,.F.);
#1334=EDGE_CURVE('',#1429,#1469,#464,.F.);
#1335=EDGE_CURVE('',#1488,#1436,#465,.F.);
#1336=EDGE_CURVE('',#1434,#1491,#466,.T.);
#1337=EDGE_CURVE('',#1432,#1490,#467,.F.);
#1338=EDGE_CURVE('',#1489,#1430,#468,.F.);
#1339=EDGE_CURVE('',#1443,#1474,#469,.F.);
#1340=EDGE_CURVE('',#1471,#1441,#470,.T.);
#1341=EDGE_CURVE('',#1472,#1439,#471,.F.);
#1342=EDGE_CURVE('',#1437,#1473,#472,.F.);
#1343=EDGE_CURVE('',#1492,#1444,#473,.F.);
#1344=EDGE_CURVE('',#1442,#1495,#474,.T.);
#1345=EDGE_CURVE('',#1440,#1494,#475,.F.);
#1346=EDGE_CURVE('',#1493,#1438,#476,.F.);
#1347=VERTEX_POINT('',#2725);
#1348=VERTEX_POINT('',#2727);
#1349=VERTEX_POINT('',#2728);
#1350=VERTEX_POINT('',#2733);
#1351=VERTEX_POINT('',#2735);
#1352=VERTEX_POINT('',#2740);
#1353=VERTEX_POINT('',#2742);
#1354=VERTEX_POINT('',#2747);
#1355=VERTEX_POINT('',#2749);
#1356=VERTEX_POINT('',#2754);
#1357=VERTEX_POINT('',#2756);
#1358=VERTEX_POINT('',#2761);
#1359=VERTEX_POINT('',#2763);
#1360=VERTEX_POINT('',#2768);
#1361=VERTEX_POINT('',#2770);
#1362=VERTEX_POINT('',#2775);
#1363=VERTEX_POINT('',#2777);
#1364=VERTEX_POINT('',#2782);
#1365=VERTEX_POINT('',#2784);
#1366=VERTEX_POINT('',#2789);
#1367=VERTEX_POINT('',#2791);
#1368=VERTEX_POINT('',#2796);
#1369=VERTEX_POINT('',#2798);
#1370=VERTEX_POINT('',#2803);
#1371=VERTEX_POINT('',#2805);
#1372=VERTEX_POINT('',#2810);
#1373=VERTEX_POINT('',#2812);
#1374=VERTEX_POINT('',#2817);
#1375=VERTEX_POINT('',#2819);
#1376=VERTEX_POINT('',#2824);
#1377=VERTEX_POINT('',#2826);
#1378=VERTEX_POINT('',#2831);
#1379=VERTEX_POINT('',#2833);
#1380=VERTEX_POINT('',#2840);
#1381=VERTEX_POINT('',#2842);
#1382=VERTEX_POINT('',#2846);
#1383=VERTEX_POINT('',#2848);
#1384=VERTEX_POINT('',#2852);
#1385=VERTEX_POINT('',#2854);
#1386=VERTEX_POINT('',#2858);
#1387=VERTEX_POINT('',#2860);
#1388=VERTEX_POINT('',#2864);
#1389=VERTEX_POINT('',#2866);
#1390=VERTEX_POINT('',#2870);
#1391=VERTEX_POINT('',#2872);
#1392=VERTEX_POINT('',#2876);
#1393=VERTEX_POINT('',#2878);
#1394=VERTEX_POINT('',#2882);
#1395=VERTEX_POINT('',#2884);
#1396=VERTEX_POINT('',#2885);
#1397=VERTEX_POINT('',#2890);
#1398=VERTEX_POINT('',#2892);
#1399=VERTEX_POINT('',#2901);
#1400=VERTEX_POINT('',#2903);
#1401=VERTEX_POINT('',#2912);
#1402=VERTEX_POINT('',#2914);
#1403=VERTEX_POINT('',#2923);
#1404=VERTEX_POINT('',#2925);
#1405=VERTEX_POINT('',#2934);
#1406=VERTEX_POINT('',#2936);
#1407=VERTEX_POINT('',#2945);
#1408=VERTEX_POINT('',#2947);
#1409=VERTEX_POINT('',#2956);
#1410=VERTEX_POINT('',#2958);
#1411=VERTEX_POINT('',#2967);
#1412=VERTEX_POINT('',#2969);
#1413=VERTEX_POINT('',#2979);
#1414=VERTEX_POINT('',#2980);
#1415=VERTEX_POINT('',#2982);
#1416=VERTEX_POINT('',#2984);
#1417=VERTEX_POINT('',#2988);
#1418=VERTEX_POINT('',#2990);
#1419=VERTEX_POINT('',#2994);
#1420=VERTEX_POINT('',#2996);
#1421=VERTEX_POINT('',#3000);
#1422=VERTEX_POINT('',#3001);
#1423=VERTEX_POINT('',#3003);
#1424=VERTEX_POINT('',#3005);
#1425=VERTEX_POINT('',#3009);
#1426=VERTEX_POINT('',#3011);
#1427=VERTEX_POINT('',#3015);
#1428=VERTEX_POINT('',#3017);
#1429=VERTEX_POINT('',#3021);
#1430=VERTEX_POINT('',#3022);
#1431=VERTEX_POINT('',#3024);
#1432=VERTEX_POINT('',#3026);
#1433=VERTEX_POINT('',#3030);
#1434=VERTEX_POINT('',#3032);
#1435=VERTEX_POINT('',#3036);
#1436=VERTEX_POINT('',#3038);
#1437=VERTEX_POINT('',#3042);
#1438=VERTEX_POINT('',#3043);
#1439=VERTEX_POINT('',#3045);
#1440=VERTEX_POINT('',#3047);
#1441=VERTEX_POINT('',#3051);
#1442=VERTEX_POINT('',#3053);
#1443=VERTEX_POINT('',#3057);
#1444=VERTEX_POINT('',#3059);
#1445=VERTEX_POINT('',#3063);
#1446=VERTEX_POINT('',#3064);
#1447=VERTEX_POINT('',#3066);
#1448=VERTEX_POINT('',#3068);
#1449=VERTEX_POINT('',#3072);
#1450=VERTEX_POINT('',#3074);
#1451=VERTEX_POINT('',#3078);
#1452=VERTEX_POINT('',#3080);
#1453=VERTEX_POINT('',#3099);
#1454=VERTEX_POINT('',#3101);
#1455=VERTEX_POINT('',#3104);
#1456=VERTEX_POINT('',#3105);
#1457=VERTEX_POINT('',#3107);
#1458=VERTEX_POINT('',#3109);
#1459=VERTEX_POINT('',#3112);
#1460=VERTEX_POINT('',#3113);
#1461=VERTEX_POINT('',#3115);
#1462=VERTEX_POINT('',#3117);
#1463=VERTEX_POINT('',#3120);
#1464=VERTEX_POINT('',#3121);
#1465=VERTEX_POINT('',#3123);
#1466=VERTEX_POINT('',#3125);
#1467=VERTEX_POINT('',#3128);
#1468=VERTEX_POINT('',#3129);
#1469=VERTEX_POINT('',#3131);
#1470=VERTEX_POINT('',#3133);
#1471=VERTEX_POINT('',#3136);
#1472=VERTEX_POINT('',#3137);
#1473=VERTEX_POINT('',#3139);
#1474=VERTEX_POINT('',#3141);
#1475=VERTEX_POINT('',#3144);
#1476=VERTEX_POINT('',#3147);
#1477=VERTEX_POINT('',#3148);
#1478=VERTEX_POINT('',#3150);
#1479=VERTEX_POINT('',#3152);
#1480=VERTEX_POINT('',#3155);
#1481=VERTEX_POINT('',#3156);
#1482=VERTEX_POINT('',#3158);
#1483=VERTEX_POINT('',#3160);
#1484=VERTEX_POINT('',#3163);
#1485=VERTEX_POINT('',#3164);
#1486=VERTEX_POINT('',#3166);
#1487=VERTEX_POINT('',#3168);
#1488=VERTEX_POINT('',#3171);
#1489=VERTEX_POINT('',#3172);
#1490=VERTEX_POINT('',#3174);
#1491=VERTEX_POINT('',#3176);
#1492=VERTEX_POINT('',#3179);
#1493=VERTEX_POINT('',#3180);
#1494=VERTEX_POINT('',#3182);
#1495=VERTEX_POINT('',#3184);
#1496=VERTEX_POINT('',#3187);
#1497=VERTEX_POINT('',#3190);
#1498=VERTEX_POINT('',#3192);
#1499=VERTEX_POINT('',#3196);
#1500=VERTEX_POINT('',#3200);
#1501=VERTEX_POINT('',#3207);
#1502=VERTEX_POINT('',#3209);
#1503=VERTEX_POINT('',#3213);
#1504=VERTEX_POINT('',#3217);
#1505=VERTEX_POINT('',#3224);
#1506=VERTEX_POINT('',#3226);
#1507=VERTEX_POINT('',#3230);
#1508=VERTEX_POINT('',#3234);
#1509=VERTEX_POINT('',#3241);
#1510=VERTEX_POINT('',#3243);
#1511=VERTEX_POINT('',#3247);
#1512=VERTEX_POINT('',#3251);
#1513=VERTEX_POINT('',#3258);
#1514=VERTEX_POINT('',#3260);
#1515=VERTEX_POINT('',#3264);
#1516=VERTEX_POINT('',#3268);
#1517=VERTEX_POINT('',#3275);
#1518=VERTEX_POINT('',#3277);
#1519=VERTEX_POINT('',#3281);
#1520=VERTEX_POINT('',#3285);
#1521=VERTEX_POINT('',#3292);
#1522=VERTEX_POINT('',#3294);
#1523=VERTEX_POINT('',#3298);
#1524=VERTEX_POINT('',#3302);
#1525=VERTEX_POINT('',#3309);
#1526=VERTEX_POINT('',#3311);
#1527=VERTEX_POINT('',#3315);
#1528=VERTEX_POINT('',#3319);
#1529=CIRCLE('',#2002,0.014);
#1530=CIRCLE('',#2003,0.019);
#1531=CIRCLE('',#2004,0.01899899989998);
#1532=CIRCLE('',#2005,0.019);
#1533=CIRCLE('',#2006,0.01899899989998);
#1534=CIRCLE('',#2007,0.019);
#1535=CIRCLE('',#2008,0.01899899989998);
#1536=CIRCLE('',#2009,0.019);
#1537=CIRCLE('',#2010,0.01899899989998);
#1538=CIRCLE('',#2011,0.019);
#1539=CIRCLE('',#2012,0.01899899989998);
#1540=CIRCLE('',#2013,0.019);
#1541=CIRCLE('',#2014,0.01899899989998);
#1542=CIRCLE('',#2015,0.019);
#1543=CIRCLE('',#2016,0.01899899989998);
#1544=CIRCLE('',#2017,0.019);
#1545=CIRCLE('',#2018,0.01899899989998);
#1546=CIRCLE('',#2020,0.019);
#1547=CIRCLE('',#2022,0.019);
#1548=CIRCLE('',#2024,0.019);
#1549=CIRCLE('',#2026,0.019);
#1550=CIRCLE('',#2028,0.019);
#1551=CIRCLE('',#2030,0.019);
#1552=CIRCLE('',#2032,0.019);
#1553=CIRCLE('',#2034,0.014);
#1554=CIRCLE('',#2035,0.019);
#1555=CIRCLE('',#2036,0.01899899989998);
#1556=CIRCLE('',#2037,0.01899899989998);
#1557=CIRCLE('',#2038,0.01899899989998);
#1558=CIRCLE('',#2039,0.01899899989998);
#1559=CIRCLE('',#2040,0.01899899989998);
#1560=CIRCLE('',#2041,0.01899899989998);
#1561=CIRCLE('',#2042,0.01899899989998);
#1562=CIRCLE('',#2043,0.01899899989998);
#1563=CIRCLE('',#2046,0.012);
#1564=CIRCLE('',#2047,0.012);
#1565=CIRCLE('',#2050,0.006);
#1566=CIRCLE('',#2051,0.006);
#1567=CIRCLE('',#2053,0.012);
#1568=CIRCLE('',#2054,0.012);
#1569=CIRCLE('',#2057,0.006);
#1570=CIRCLE('',#2058,0.006);
#1571=CIRCLE('',#2060,0.012);
#1572=CIRCLE('',#2061,0.012);
#1573=CIRCLE('',#2064,0.006);
#1574=CIRCLE('',#2065,0.006);
#1575=CIRCLE('',#2067,0.012);
#1576=CIRCLE('',#2068,0.012);
#1577=CIRCLE('',#2071,0.006);
#1578=CIRCLE('',#2072,0.006);
#1579=CIRCLE('',#2074,0.012);
#1580=CIRCLE('',#2075,0.012);
#1581=CIRCLE('',#2078,0.006);
#1582=CIRCLE('',#2079,0.006);
#1583=CIRCLE('',#2086,0.0026);
#1584=CIRCLE('',#2087,0.0026);
#1585=CIRCLE('',#2089,0.013);
#1586=CIRCLE('',#2090,0.005);
#1587=CIRCLE('',#2091,0.013);
#1588=CIRCLE('',#2092,0.005);
#1589=CIRCLE('',#2093,0.013);
#1590=CIRCLE('',#2094,0.005);
#1591=CIRCLE('',#2095,0.013);
#1592=CIRCLE('',#2096,0.005);
#1593=CIRCLE('',#2097,0.013);
#1594=CIRCLE('',#2098,0.005);
#1595=CIRCLE('',#2099,0.0036);
#1596=CIRCLE('',#2101,0.013);
#1597=CIRCLE('',#2102,0.005);
#1598=CIRCLE('',#2103,0.013);
#1599=CIRCLE('',#2104,0.005);
#1600=CIRCLE('',#2105,0.013);
#1601=CIRCLE('',#2106,0.005);
#1602=CIRCLE('',#2107,0.013);
#1603=CIRCLE('',#2108,0.005);
#1604=CIRCLE('',#2109,0.013);
#1605=CIRCLE('',#2110,0.005);
#1606=CIRCLE('',#2111,0.0036);
#1607=EDGE_LOOP('',(#477));
#1608=EDGE_LOOP('',(#478,#479,#480,#481,#482,#483,#484,#485,#486,#487,#488,
#489,#490,#491,#492,#493,#494,#495,#496,#497,#498,#499,#500,#501,#502,#503,
#504,#505,#506,#507,#508,#509));
#1609=EDGE_LOOP('',(#510,#511,#512,#513));
#1610=EDGE_LOOP('',(#514,#515,#516,#517));
#1611=EDGE_LOOP('',(#518,#519,#520,#521));
#1612=EDGE_LOOP('',(#522,#523,#524,#525));
#1613=EDGE_LOOP('',(#526,#527,#528,#529));
#1614=EDGE_LOOP('',(#530,#531,#532,#533));
#1615=EDGE_LOOP('',(#534,#535,#536,#537));
#1616=EDGE_LOOP('',(#538));
#1617=EDGE_LOOP('',(#539,#540,#541,#542,#543,#544,#545,#546,#547,#548,#549,
#550,#551,#552,#553,#554,#555,#556,#557,#558,#559,#560,#561,#562,#563,#564,
#565,#566,#567,#568,#569,#570));
#1618=EDGE_LOOP('',(#571,#572,#573,#574));
#1619=EDGE_LOOP('',(#575,#576,#577,#578));
#1620=EDGE_LOOP('',(#579,#580,#581,#582));
#1621=EDGE_LOOP('',(#583,#584,#585,#586));
#1622=EDGE_LOOP('',(#587,#588,#589,#590));
#1623=EDGE_LOOP('',(#591,#592,#593,#594));
#1624=EDGE_LOOP('',(#595,#596,#597,#598));
#1625=EDGE_LOOP('',(#599,#600,#601,#602));
#1626=EDGE_LOOP('',(#603,#604,#605,#606));
#1627=EDGE_LOOP('',(#607,#608,#609,#610));
#1628=EDGE_LOOP('',(#611,#612,#613,#614));
#1629=EDGE_LOOP('',(#615,#616,#617,#618));
#1630=EDGE_LOOP('',(#619,#620,#621,#622));
#1631=EDGE_LOOP('',(#623,#624,#625,#626));
#1632=EDGE_LOOP('',(#627,#628,#629,#630));
#1633=EDGE_LOOP('',(#631,#632,#633,#634));
#1634=EDGE_LOOP('',(#635,#636,#637,#638));
#1635=EDGE_LOOP('',(#639,#640,#641,#642));
#1636=EDGE_LOOP('',(#643,#644,#645,#646));
#1637=EDGE_LOOP('',(#647,#648,#649,#650));
#1638=EDGE_LOOP('',(#651,#652,#653,#654));
#1639=EDGE_LOOP('',(#655));
#1640=EDGE_LOOP('',(#656));
#1641=EDGE_LOOP('',(#657,#658,#659,#660));
#1642=EDGE_LOOP('',(#661,#662,#663,#664));
#1643=EDGE_LOOP('',(#665,#666,#667,#668));
#1644=EDGE_LOOP('',(#669,#670,#671,#672));
#1645=EDGE_LOOP('',(#673,#674,#675,#676));
#1646=EDGE_LOOP('',(#677));
#1647=EDGE_LOOP('',(#678));
#1648=EDGE_LOOP('',(#679,#680,#681,#682));
#1649=EDGE_LOOP('',(#683,#684,#685,#686));
#1650=EDGE_LOOP('',(#687,#688,#689,#690));
#1651=EDGE_LOOP('',(#691,#692,#693,#694));
#1652=EDGE_LOOP('',(#695,#696,#697,#698));
#1653=EDGE_LOOP('',(#699));
#1654=EDGE_LOOP('',(#700));
#1655=EDGE_LOOP('',(#701,#702,#703,#704));
#1656=EDGE_LOOP('',(#705,#706,#707,#708,#709,#710));
#1657=EDGE_LOOP('',(#711,#712,#713,#714));
#1658=EDGE_LOOP('',(#715,#716,#717,#718,#719,#720));
#1659=EDGE_LOOP('',(#721,#722,#723,#724));
#1660=EDGE_LOOP('',(#725,#726,#727,#728));
#1661=EDGE_LOOP('',(#729,#730,#731,#732,#733,#734));
#1662=EDGE_LOOP('',(#735,#736,#737,#738));
#1663=EDGE_LOOP('',(#739,#740,#741,#742,#743,#744));
#1664=EDGE_LOOP('',(#745,#746,#747,#748));
#1665=EDGE_LOOP('',(#749,#750,#751,#752));
#1666=EDGE_LOOP('',(#753,#754,#755,#756,#757,#758));
#1667=EDGE_LOOP('',(#759,#760,#761,#762));
#1668=EDGE_LOOP('',(#763,#764,#765,#766,#767,#768));
#1669=EDGE_LOOP('',(#769,#770,#771,#772));
#1670=EDGE_LOOP('',(#773,#774,#775,#776));
#1671=EDGE_LOOP('',(#777,#778,#779,#780,#781,#782));
#1672=EDGE_LOOP('',(#783,#784,#785,#786));
#1673=EDGE_LOOP('',(#787,#788,#789,#790,#791,#792));
#1674=EDGE_LOOP('',(#793,#794,#795,#796));
#1675=EDGE_LOOP('',(#797,#798,#799,#800));
#1676=EDGE_LOOP('',(#801,#802,#803,#804,#805,#806));
#1677=EDGE_LOOP('',(#807,#808,#809,#810));
#1678=EDGE_LOOP('',(#811,#812,#813,#814,#815,#816));
#1679=EDGE_LOOP('',(#817,#818,#819,#820));
#1680=EDGE_LOOP('',(#821,#822,#823,#824));
#1681=EDGE_LOOP('',(#825,#826,#827,#828,#829,#830));
#1682=EDGE_LOOP('',(#831,#832,#833,#834));
#1683=EDGE_LOOP('',(#835,#836,#837,#838,#839,#840));
#1684=EDGE_LOOP('',(#841,#842,#843,#844));
#1685=EDGE_LOOP('',(#845,#846,#847,#848));
#1686=EDGE_LOOP('',(#849,#850,#851,#852,#853,#854));
#1687=EDGE_LOOP('',(#855,#856,#857,#858));
#1688=EDGE_LOOP('',(#859,#860,#861,#862,#863,#864));
#1689=EDGE_LOOP('',(#865,#866,#867,#868));
#1690=EDGE_LOOP('',(#869,#870,#871,#872));
#1691=EDGE_LOOP('',(#873,#874,#875,#876,#877,#878));
#1692=EDGE_LOOP('',(#879,#880,#881,#882));
#1693=EDGE_LOOP('',(#883,#884,#885,#886,#887,#888));
#1694=EDGE_LOOP('',(#889,#890,#891,#892));
#1695=EDGE_LOOP('',(#893,#894,#895,#896));
#1696=EDGE_LOOP('',(#897,#898,#899,#900));
#1697=EDGE_LOOP('',(#901,#902,#903,#904));
#1698=EDGE_LOOP('',(#905,#906,#907,#908));
#1699=EDGE_LOOP('',(#909,#910,#911,#912));
#1700=EDGE_LOOP('',(#913,#914,#915,#916));
#1701=EDGE_LOOP('',(#917,#918,#919,#920));
#1702=EDGE_LOOP('',(#921,#922,#923,#924));
#1703=EDGE_LOOP('',(#925,#926,#927,#928));
#1704=EDGE_LOOP('',(#929,#930,#931,#932));
#1705=EDGE_LOOP('',(#933,#934,#935,#936));
#1706=EDGE_LOOP('',(#937,#938,#939,#940));
#1707=EDGE_LOOP('',(#941,#942,#943,#944));
#1708=EDGE_LOOP('',(#945,#946,#947,#948));
#1709=EDGE_LOOP('',(#949,#950,#951,#952));
#1710=EDGE_LOOP('',(#953,#954,#955,#956));
#1711=EDGE_LOOP('',(#957,#958,#959,#960));
#1712=EDGE_LOOP('',(#961,#962,#963,#964));
#1713=EDGE_LOOP('',(#965,#966,#967,#968));
#1714=EDGE_LOOP('',(#969,#970,#971,#972));
#1715=EDGE_LOOP('',(#973,#974,#975,#976));
#1716=EDGE_LOOP('',(#977,#978,#979,#980));
#1717=EDGE_LOOP('',(#981,#982,#983,#984));
#1718=EDGE_LOOP('',(#985,#986,#987,#988));
#1719=EDGE_LOOP('',(#989,#990,#991,#992));
#1720=EDGE_LOOP('',(#993,#994,#995,#996));
#1721=EDGE_LOOP('',(#997,#998,#999,#1000));
#1722=EDGE_LOOP('',(#1001,#1002,#1003,#1004));
#1723=EDGE_LOOP('',(#1005,#1006,#1007,#1008));
#1724=EDGE_LOOP('',(#1009,#1010,#1011,#1012));
#1725=EDGE_LOOP('',(#1013,#1014,#1015,#1016));
#1726=EDGE_LOOP('',(#1017,#1018,#1019,#1020));
#1727=EDGE_LOOP('',(#1021,#1022,#1023,#1024));
#1728=EDGE_LOOP('',(#1025,#1026,#1027,#1028));
#1729=EDGE_LOOP('',(#1029,#1030,#1031,#1032));
#1730=EDGE_LOOP('',(#1033,#1034,#1035,#1036));
#1731=EDGE_LOOP('',(#1037,#1038,#1039,#1040));
#1732=EDGE_LOOP('',(#1041,#1042,#1043,#1044));
#1733=EDGE_LOOP('',(#1045,#1046,#1047,#1048));
#1734=EDGE_LOOP('',(#1049,#1050,#1051,#1052));
#1735=EDGE_LOOP('',(#1053));
#1736=EDGE_LOOP('',(#1054));
#1737=EDGE_LOOP('',(#1055));
#1738=EDGE_LOOP('',(#1056));
#1739=FACE_BOUND('',#1607,.T.);
#1740=FACE_BOUND('',#1608,.T.);
#1741=FACE_BOUND('',#1609,.T.);
#1742=FACE_BOUND('',#1610,.T.);
#1743=FACE_BOUND('',#1611,.T.);
#1744=FACE_BOUND('',#1612,.T.);
#1745=FACE_BOUND('',#1613,.T.);
#1746=FACE_BOUND('',#1614,.T.);
#1747=FACE_BOUND('',#1615,.T.);
#1748=FACE_BOUND('',#1616,.T.);
#1749=FACE_BOUND('',#1617,.T.);
#1750=FACE_BOUND('',#1618,.T.);
#1751=FACE_BOUND('',#1619,.T.);
#1752=FACE_BOUND('',#1620,.T.);
#1753=FACE_BOUND('',#1621,.T.);
#1754=FACE_BOUND('',#1622,.T.);
#1755=FACE_BOUND('',#1623,.T.);
#1756=FACE_BOUND('',#1624,.T.);
#1757=FACE_BOUND('',#1625,.T.);
#1758=FACE_BOUND('',#1626,.T.);
#1759=FACE_BOUND('',#1627,.T.);
#1760=FACE_BOUND('',#1628,.T.);
#1761=FACE_BOUND('',#1629,.T.);
#1762=FACE_BOUND('',#1630,.T.);
#1763=FACE_BOUND('',#1631,.T.);
#1764=FACE_BOUND('',#1632,.T.);
#1765=FACE_BOUND('',#1633,.T.);
#1766=FACE_BOUND('',#1634,.T.);
#1767=FACE_BOUND('',#1635,.T.);
#1768=FACE_BOUND('',#1636,.T.);
#1769=FACE_BOUND('',#1637,.T.);
#1770=FACE_BOUND('',#1638,.T.);
#1771=FACE_BOUND('',#1639,.T.);
#1772=FACE_BOUND('',#1640,.T.);
#1773=FACE_BOUND('',#1641,.T.);
#1774=FACE_BOUND('',#1642,.T.);
#1775=FACE_BOUND('',#1643,.T.);
#1776=FACE_BOUND('',#1644,.T.);
#1777=FACE_BOUND('',#1645,.T.);
#1778=FACE_BOUND('',#1646,.T.);
#1779=FACE_BOUND('',#1647,.T.);
#1780=FACE_BOUND('',#1648,.T.);
#1781=FACE_BOUND('',#1649,.T.);
#1782=FACE_BOUND('',#1650,.T.);
#1783=FACE_BOUND('',#1651,.T.);
#1784=FACE_BOUND('',#1652,.T.);
#1785=FACE_BOUND('',#1653,.T.);
#1786=FACE_BOUND('',#1654,.T.);
#1787=FACE_BOUND('',#1655,.T.);
#1788=FACE_BOUND('',#1656,.T.);
#1789=FACE_BOUND('',#1657,.T.);
#1790=FACE_BOUND('',#1658,.T.);
#1791=FACE_BOUND('',#1659,.T.);
#1792=FACE_BOUND('',#1660,.T.);
#1793=FACE_BOUND('',#1661,.T.);
#1794=FACE_BOUND('',#1662,.T.);
#1795=FACE_BOUND('',#1663,.T.);
#1796=FACE_BOUND('',#1664,.T.);
#1797=FACE_BOUND('',#1665,.T.);
#1798=FACE_BOUND('',#1666,.T.);
#1799=FACE_BOUND('',#1667,.T.);
#1800=FACE_BOUND('',#1668,.T.);
#1801=FACE_BOUND('',#1669,.T.);
#1802=FACE_BOUND('',#1670,.T.);
#1803=FACE_BOUND('',#1671,.T.);
#1804=FACE_BOUND('',#1672,.T.);
#1805=FACE_BOUND('',#1673,.T.);
#1806=FACE_BOUND('',#1674,.T.);
#1807=FACE_BOUND('',#1675,.T.);
#1808=FACE_BOUND('',#1676,.T.);
#1809=FACE_BOUND('',#1677,.T.);
#1810=FACE_BOUND('',#1678,.T.);
#1811=FACE_BOUND('',#1679,.T.);
#1812=FACE_BOUND('',#1680,.T.);
#1813=FACE_BOUND('',#1681,.T.);
#1814=FACE_BOUND('',#1682,.T.);
#1815=FACE_BOUND('',#1683,.T.);
#1816=FACE_BOUND('',#1684,.T.);
#1817=FACE_BOUND('',#1685,.T.);
#1818=FACE_BOUND('',#1686,.T.);
#1819=FACE_BOUND('',#1687,.T.);
#1820=FACE_BOUND('',#1688,.T.);
#1821=FACE_BOUND('',#1689,.T.);
#1822=FACE_BOUND('',#1690,.T.);
#1823=FACE_BOUND('',#1691,.T.);
#1824=FACE_BOUND('',#1692,.T.);
#1825=FACE_BOUND('',#1693,.T.);
#1826=FACE_BOUND('',#1694,.T.);
#1827=FACE_BOUND('',#1695,.T.);
#1828=FACE_BOUND('',#1696,.T.);
#1829=FACE_BOUND('',#1697,.T.);
#1830=FACE_BOUND('',#1698,.T.);
#1831=FACE_BOUND('',#1699,.T.);
#1832=FACE_BOUND('',#1700,.T.);
#1833=FACE_BOUND('',#1701,.T.);
#1834=FACE_BOUND('',#1702,.T.);
#1835=FACE_BOUND('',#1703,.T.);
#1836=FACE_BOUND('',#1704,.T.);
#1837=FACE_BOUND('',#1705,.T.);
#1838=FACE_BOUND('',#1706,.T.);
#1839=FACE_BOUND('',#1707,.T.);
#1840=FACE_BOUND('',#1708,.T.);
#1841=FACE_BOUND('',#1709,.T.);
#1842=FACE_BOUND('',#1710,.T.);
#1843=FACE_BOUND('',#1711,.T.);
#1844=FACE_BOUND('',#1712,.T.);
#1845=FACE_BOUND('',#1713,.T.);
#1846=FACE_BOUND('',#1714,.T.);
#1847=FACE_BOUND('',#1715,.T.);
#1848=FACE_BOUND('',#1716,.T.);
#1849=FACE_BOUND('',#1717,.T.);
#1850=FACE_BOUND('',#1718,.T.);
#1851=FACE_BOUND('',#1719,.T.);
#1852=FACE_BOUND('',#1720,.T.);
#1853=FACE_BOUND('',#1721,.T.);
#1854=FACE_BOUND('',#1722,.T.);
#1855=FACE_BOUND('',#1723,.T.);
#1856=FACE_BOUND('',#1724,.T.);
#1857=FACE_BOUND('',#1725,.T.);
#1858=FACE_BOUND('',#1726,.T.);
#1859=FACE_BOUND('',#1727,.T.);
#1860=FACE_BOUND('',#1728,.T.);
#1861=FACE_BOUND('',#1729,.T.);
#1862=FACE_BOUND('',#1730,.T.);
#1863=FACE_BOUND('',#1731,.T.);
#1864=FACE_BOUND('',#1732,.T.);
#1865=FACE_BOUND('',#1733,.T.);
#1866=FACE_BOUND('',#1734,.T.);
#1867=FACE_BOUND('',#1735,.T.);
#1868=FACE_BOUND('',#1736,.T.);
#1869=FACE_BOUND('',#1737,.T.);
#1870=FACE_BOUND('',#1738,.T.);
#1871=TOROIDAL_SURFACE('',#2001,0.014,0.005);
#1872=TOROIDAL_SURFACE('',#2033,0.014,0.005);
#1873=ADVANCED_FACE('',(#1739,#1740),#1871,.T.);
#1874=ADVANCED_FACE('',(#1741),#386,.T.);
#1875=ADVANCED_FACE('',(#1742),#387,.T.);
#1876=ADVANCED_FACE('',(#1743),#388,.T.);
#1877=ADVANCED_FACE('',(#1744),#389,.T.);
#1878=ADVANCED_FACE('',(#1745),#390,.T.);
#1879=ADVANCED_FACE('',(#1746),#391,.T.);
#1880=ADVANCED_FACE('',(#1747),#392,.T.);
#1881=ADVANCED_FACE('',(#1748,#1749),#1872,.T.);
#1882=ADVANCED_FACE('',(#1750),#393,.T.);
#1883=ADVANCED_FACE('',(#1751),#394,.F.);
#1884=ADVANCED_FACE('',(#1752),#34,.T.);
#1885=ADVANCED_FACE('',(#1753),#395,.T.);
#1886=ADVANCED_FACE('',(#1754),#396,.F.);
#1887=ADVANCED_FACE('',(#1755),#35,.T.);
#1888=ADVANCED_FACE('',(#1756),#397,.T.);
#1889=ADVANCED_FACE('',(#1757),#398,.F.);
#1890=ADVANCED_FACE('',(#1758),#36,.T.);
#1891=ADVANCED_FACE('',(#1759),#399,.T.);
#1892=ADVANCED_FACE('',(#1760),#400,.F.);
#1893=ADVANCED_FACE('',(#1761),#37,.T.);
#1894=ADVANCED_FACE('',(#1762),#401,.T.);
#1895=ADVANCED_FACE('',(#1763),#402,.F.);
#1896=ADVANCED_FACE('',(#1764),#38,.T.);
#1897=ADVANCED_FACE('',(#1765),#403,.T.);
#1898=ADVANCED_FACE('',(#1766),#39,.F.);
#1899=ADVANCED_FACE('',(#1767),#40,.F.);
#1900=ADVANCED_FACE('',(#1768),#41,.F.);
#1901=ADVANCED_FACE('',(#1769),#42,.F.);
#1902=ADVANCED_FACE('',(#1770),#43,.F.);
#1903=ADVANCED_FACE('',(#1771,#1772),#404,.F.);
#1904=ADVANCED_FACE('',(#1773,#1774,#1775,#1776,#1777,#1778,#1779),#44,
 .F.);
#1905=ADVANCED_FACE('',(#1780,#1781,#1782,#1783,#1784,#1785,#1786),#45,
 .T.);
#1906=ADVANCED_FACE('',(#1787),#46,.T.);
#1907=ADVANCED_FACE('',(#1788),#47,.F.);
#1908=ADVANCED_FACE('',(#1789),#48,.F.);
#1909=ADVANCED_FACE('',(#1790),#49,.T.);
#1910=ADVANCED_FACE('',(#1791),#50,.T.);
#1911=ADVANCED_FACE('',(#1792),#51,.T.);
#1912=ADVANCED_FACE('',(#1793),#52,.F.);
#1913=ADVANCED_FACE('',(#1794),#53,.F.);
#1914=ADVANCED_FACE('',(#1795),#54,.T.);
#1915=ADVANCED_FACE('',(#1796),#55,.T.);
#1916=ADVANCED_FACE('',(#1797),#56,.T.);
#1917=ADVANCED_FACE('',(#1798),#57,.F.);
#1918=ADVANCED_FACE('',(#1799),#58,.F.);
#1919=ADVANCED_FACE('',(#1800),#59,.T.);
#1920=ADVANCED_FACE('',(#1801),#60,.T.);
#1921=ADVANCED_FACE('',(#1802),#61,.T.);
#1922=ADVANCED_FACE('',(#1803),#62,.F.);
#1923=ADVANCED_FACE('',(#1804),#63,.F.);
#1924=ADVANCED_FACE('',(#1805),#64,.T.);
#1925=ADVANCED_FACE('',(#1806),#65,.T.);
#1926=ADVANCED_FACE('',(#1807),#66,.T.);
#1927=ADVANCED_FACE('',(#1808),#67,.F.);
#1928=ADVANCED_FACE('',(#1809),#68,.F.);
#1929=ADVANCED_FACE('',(#1810),#69,.T.);
#1930=ADVANCED_FACE('',(#1811),#70,.T.);
#1931=ADVANCED_FACE('',(#1812),#71,.T.);
#1932=ADVANCED_FACE('',(#1813),#72,.F.);
#1933=ADVANCED_FACE('',(#1814),#73,.F.);
#1934=ADVANCED_FACE('',(#1815),#74,.T.);
#1935=ADVANCED_FACE('',(#1816),#75,.T.);
#1936=ADVANCED_FACE('',(#1817),#76,.T.);
#1937=ADVANCED_FACE('',(#1818),#77,.F.);
#1938=ADVANCED_FACE('',(#1819),#78,.F.);
#1939=ADVANCED_FACE('',(#1820),#79,.T.);
#1940=ADVANCED_FACE('',(#1821),#80,.T.);
#1941=ADVANCED_FACE('',(#1822),#81,.T.);
#1942=ADVANCED_FACE('',(#1823),#82,.F.);
#1943=ADVANCED_FACE('',(#1824),#83,.F.);
#1944=ADVANCED_FACE('',(#1825),#84,.T.);
#1945=ADVANCED_FACE('',(#1826),#85,.T.);
#1946=ADVANCED_FACE('',(#1827),#12,.T.);
#1947=ADVANCED_FACE('',(#1828),#86,.T.);
#1948=ADVANCED_FACE('',(#1829),#87,.F.);
#1949=ADVANCED_FACE('',(#1830),#13,.F.);
#1950=ADVANCED_FACE('',(#1831),#14,.T.);
#1951=ADVANCED_FACE('',(#1832),#88,.F.);
#1952=ADVANCED_FACE('',(#1833),#89,.T.);
#1953=ADVANCED_FACE('',(#1834),#15,.F.);
#1954=ADVANCED_FACE('',(#1835),#16,.T.);
#1955=ADVANCED_FACE('',(#1836),#90,.T.);
#1956=ADVANCED_FACE('',(#1837),#91,.F.);
#1957=ADVANCED_FACE('',(#1838),#17,.F.);
#1958=ADVANCED_FACE('',(#1839),#18,.T.);
#1959=ADVANCED_FACE('',(#1840),#92,.F.);
#1960=ADVANCED_FACE('',(#1841),#93,.T.);
#1961=ADVANCED_FACE('',(#1842),#19,.F.);
#1962=ADVANCED_FACE('',(#1843),#20,.T.);
#1963=ADVANCED_FACE('',(#1844),#94,.T.);
#1964=ADVANCED_FACE('',(#1845),#95,.F.);
#1965=ADVANCED_FACE('',(#1846),#21,.F.);
#1966=ADVANCED_FACE('',(#1847),#22,.T.);
#1967=ADVANCED_FACE('',(#1848),#96,.F.);
#1968=ADVANCED_FACE('',(#1849),#97,.T.);
#1969=ADVANCED_FACE('',(#1850),#23,.F.);
#1970=ADVANCED_FACE('',(#1851),#24,.T.);
#1971=ADVANCED_FACE('',(#1852),#98,.T.);
#1972=ADVANCED_FACE('',(#1853),#99,.F.);
#1973=ADVANCED_FACE('',(#1854),#25,.F.);
#1974=ADVANCED_FACE('',(#1855),#26,.T.);
#1975=ADVANCED_FACE('',(#1856),#100,.F.);
#1976=ADVANCED_FACE('',(#1857),#101,.T.);
#1977=ADVANCED_FACE('',(#1858),#27,.F.);
#1978=ADVANCED_FACE('',(#1859),#28,.T.);
#1979=ADVANCED_FACE('',(#1860),#102,.T.);
#1980=ADVANCED_FACE('',(#1861),#103,.F.);
#1981=ADVANCED_FACE('',(#1862),#29,.F.);
#1982=ADVANCED_FACE('',(#1863),#30,.T.);
#1983=ADVANCED_FACE('',(#1864),#104,.F.);
#1984=ADVANCED_FACE('',(#1865),#105,.T.);
#1985=ADVANCED_FACE('',(#1866),#31,.F.);
#1986=ADVANCED_FACE('',(#1867,#1868),#32,.F.);
#1987=ADVANCED_FACE('',(#1869,#1870),#33,.F.);
#1988=CLOSED_SHELL('',(#1873,#1874,#1875,#1876,#1877,#1878,#1879,#1880,
#1881,#1882,#1883,#1884,#1885,#1886,#1887,#1888,#1889,#1890,#1891,#1892,
#1893,#1894,#1895,#1896,#1897,#1898,#1899,#1900,#1901,#1902,#1903,#1904,
#1905,#1906,#1907,#1908,#1909,#1910,#1911,#1912,#1913,#1914,#1915,#1916,
#1917,#1918,#1919,#1920,#1921,#1922,#1923,#1924,#1925,#1926,#1927,#1928,
#1929,#1930,#1931,#1932,#1933,#1934,#1935,#1936,#1937,#1938,#1939,#1940,
#1941,#1942,#1943,#1944,#1945,#1946,#1947,#1948,#1949,#1950,#1951,#1952,
#1953,#1954,#1955,#1956,#1957,#1958,#1959,#1960,#1961,#1962,#1963,#1964,
#1965,#1966,#1967,#1968,#1969,#1970,#1971,#1972,#1973,#1974,#1975,#1976,
#1977,#1978,#1979,#1980,#1981,#1982,#1983,#1984,#1985,#1986,#1987));
#1989=STYLED_ITEM('',(#1990),#1997);
#1990=PRESENTATION_STYLE_ASSIGNMENT((#1991));
#1991=SURFACE_STYLE_USAGE(.BOTH.,#1992);
#1992=SURFACE_SIDE_STYLE('',(#1993));
#1993=SURFACE_STYLE_FILL_AREA(#1994);
#1994=FILL_AREA_STYLE('',(#1995));
#1995=FILL_AREA_STYLE_COLOUR('',#1996);
#1996=COLOUR_RGB('',0.615686274509804,0.811764705882353,0.929411764705882);
#1997=MANIFOLD_SOLID_BREP('Part 1',#1988);
#1998=SHAPE_DEFINITION_REPRESENTATION(#3532,#1999);
#1999=SHAPE_REPRESENTATION('Part 1',(#2000),#3527);
#2000=AXIS2_PLACEMENT_3D('',#2722,#2194,#2195);
#2001=AXIS2_PLACEMENT_3D('',#2723,#2196,#2197);
#2002=AXIS2_PLACEMENT_3D('',#2724,#2198,#2199);
#2003=AXIS2_PLACEMENT_3D('',#2726,#2200,#2201);
#2004=AXIS2_PLACEMENT_3D('',#2734,#2202,#2203);
#2005=AXIS2_PLACEMENT_3D('',#2741,#2204,#2205);
#2006=AXIS2_PLACEMENT_3D('',#2748,#2206,#2207);
#2007=AXIS2_PLACEMENT_3D('',#2755,#2208,#2209);
#2008=AXIS2_PLACEMENT_3D('',#2762,#2210,#2211);
#2009=AXIS2_PLACEMENT_3D('',#2769,#2212,#2213);
#2010=AXIS2_PLACEMENT_3D('',#2776,#2214,#2215);
#2011=AXIS2_PLACEMENT_3D('',#2783,#2216,#2217);
#2012=AXIS2_PLACEMENT_3D('',#2790,#2218,#2219);
#2013=AXIS2_PLACEMENT_3D('',#2797,#2220,#2221);
#2014=AXIS2_PLACEMENT_3D('',#2804,#2222,#2223);
#2015=AXIS2_PLACEMENT_3D('',#2811,#2224,#2225);
#2016=AXIS2_PLACEMENT_3D('',#2818,#2226,#2227);
#2017=AXIS2_PLACEMENT_3D('',#2825,#2228,#2229);
#2018=AXIS2_PLACEMENT_3D('',#2832,#2230,#2231);
#2019=AXIS2_PLACEMENT_3D('',#2838,#2232,#2233);
#2020=AXIS2_PLACEMENT_3D('',#2843,#2236,#2237);
#2021=AXIS2_PLACEMENT_3D('',#2844,#2238,#2239);
#2022=AXIS2_PLACEMENT_3D('',#2849,#2242,#2243);
#2023=AXIS2_PLACEMENT_3D('',#2850,#2244,#2245);
#2024=AXIS2_PLACEMENT_3D('',#2855,#2248,#2249);
#2025=AXIS2_PLACEMENT_3D('',#2856,#2250,#2251);
#2026=AXIS2_PLACEMENT_3D('',#2861,#2254,#2255);
#2027=AXIS2_PLACEMENT_3D('',#2862,#2256,#2257);
#2028=AXIS2_PLACEMENT_3D('',#2867,#2260,#2261);
#2029=AXIS2_PLACEMENT_3D('',#2868,#2262,#2263);
#2030=AXIS2_PLACEMENT_3D('',#2873,#2266,#2267);
#2031=AXIS2_PLACEMENT_3D('',#2874,#2268,#2269);
#2032=AXIS2_PLACEMENT_3D('',#2879,#2272,#2273);
#2033=AXIS2_PLACEMENT_3D('',#2880,#2274,#2275);
#2034=AXIS2_PLACEMENT_3D('',#2881,#2276,#2277);
#2035=AXIS2_PLACEMENT_3D('',#2883,#2278,#2279);
#2036=AXIS2_PLACEMENT_3D('',#2891,#2280,#2281);
#2037=AXIS2_PLACEMENT_3D('',#2902,#2282,#2283);
#2038=AXIS2_PLACEMENT_3D('',#2913,#2284,#2285);
#2039=AXIS2_PLACEMENT_3D('',#2924,#2286,#2287);
#2040=AXIS2_PLACEMENT_3D('',#2935,#2288,#2289);
#2041=AXIS2_PLACEMENT_3D('',#2946,#2290,#2291);
#2042=AXIS2_PLACEMENT_3D('',#2957,#2292,#2293);
#2043=AXIS2_PLACEMENT_3D('',#2968,#2294,#2295);
#2044=AXIS2_PLACEMENT_3D('',#2974,#2296,#2297);
#2045=AXIS2_PLACEMENT_3D('',#2977,#2300,#2301);
#2046=AXIS2_PLACEMENT_3D('',#2981,#2303,#2304);
#2047=AXIS2_PLACEMENT_3D('',#2985,#2306,#2307);
#2048=AXIS2_PLACEMENT_3D('',#2986,#2308,#2309);
#2049=AXIS2_PLACEMENT_3D('',#2992,#2313,#2314);
#2050=AXIS2_PLACEMENT_3D('',#2993,#2315,#2316);
#2051=AXIS2_PLACEMENT_3D('',#2997,#2318,#2319);
#2052=AXIS2_PLACEMENT_3D('',#2998,#2320,#2321);
#2053=AXIS2_PLACEMENT_3D('',#3002,#2323,#2324);
#2054=AXIS2_PLACEMENT_3D('',#3006,#2326,#2327);
#2055=AXIS2_PLACEMENT_3D('',#3007,#2328,#2329);
#2056=AXIS2_PLACEMENT_3D('',#3013,#2333,#2334);
#2057=AXIS2_PLACEMENT_3D('',#3014,#2335,#2336);
#2058=AXIS2_PLACEMENT_3D('',#3018,#2338,#2339);
#2059=AXIS2_PLACEMENT_3D('',#3019,#2340,#2341);
#2060=AXIS2_PLACEMENT_3D('',#3023,#2343,#2344);
#2061=AXIS2_PLACEMENT_3D('',#3027,#2346,#2347);
#2062=AXIS2_PLACEMENT_3D('',#3028,#2348,#2349);
#2063=AXIS2_PLACEMENT_3D('',#3034,#2353,#2354);
#2064=AXIS2_PLACEMENT_3D('',#3035,#2355,#2356);
#2065=AXIS2_PLACEMENT_3D('',#3039,#2358,#2359);
#2066=AXIS2_PLACEMENT_3D('',#3040,#2360,#2361);
#2067=AXIS2_PLACEMENT_3D('',#3044,#2363,#2364);
#2068=AXIS2_PLACEMENT_3D('',#3048,#2366,#2367);
#2069=AXIS2_PLACEMENT_3D('',#3049,#2368,#2369);
#2070=AXIS2_PLACEMENT_3D('',#3055,#2373,#2374);
#2071=AXIS2_PLACEMENT_3D('',#3056,#2375,#2376);
#2072=AXIS2_PLACEMENT_3D('',#3060,#2378,#2379);
#2073=AXIS2_PLACEMENT_3D('',#3061,#2380,#2381);
#2074=AXIS2_PLACEMENT_3D('',#3065,#2383,#2384);
#2075=AXIS2_PLACEMENT_3D('',#3069,#2386,#2387);
#2076=AXIS2_PLACEMENT_3D('',#3070,#2388,#2389);
#2077=AXIS2_PLACEMENT_3D('',#3076,#2393,#2394);
#2078=AXIS2_PLACEMENT_3D('',#3077,#2395,#2396);
#2079=AXIS2_PLACEMENT_3D('',#3081,#2398,#2399);
#2080=AXIS2_PLACEMENT_3D('',#3082,#2400,#2401);
#2081=AXIS2_PLACEMENT_3D('',#3085,#2404,#2405);
#2082=AXIS2_PLACEMENT_3D('',#3088,#2408,#2409);
#2083=AXIS2_PLACEMENT_3D('',#3091,#2412,#2413);
#2084=AXIS2_PLACEMENT_3D('',#3094,#2416,#2417);
#2085=AXIS2_PLACEMENT_3D('',#3097,#2420,#2421);
#2086=AXIS2_PLACEMENT_3D('',#3098,#2422,#2423);
#2087=AXIS2_PLACEMENT_3D('',#3100,#2424,#2425);
#2088=AXIS2_PLACEMENT_3D('',#3102,#2426,#2427);
#2089=AXIS2_PLACEMENT_3D('',#3106,#2429,#2430);
#2090=AXIS2_PLACEMENT_3D('',#3110,#2432,#2433);
#2091=AXIS2_PLACEMENT_3D('',#3114,#2435,#2436);
#2092=AXIS2_PLACEMENT_3D('',#3118,#2438,#2439);
#2093=AXIS2_PLACEMENT_3D('',#3122,#2441,#2442);
#2094=AXIS2_PLACEMENT_3D('',#3126,#2444,#2445);
#2095=AXIS2_PLACEMENT_3D('',#3130,#2447,#2448);
#2096=AXIS2_PLACEMENT_3D('',#3134,#2450,#2451);
#2097=AXIS2_PLACEMENT_3D('',#3138,#2453,#2454);
#2098=AXIS2_PLACEMENT_3D('',#3142,#2456,#2457);
#2099=AXIS2_PLACEMENT_3D('',#3143,#2458,#2459);
#2100=AXIS2_PLACEMENT_3D('',#3145,#2460,#2461);
#2101=AXIS2_PLACEMENT_3D('',#3149,#2463,#2464);
#2102=AXIS2_PLACEMENT_3D('',#3153,#2466,#2467);
#2103=AXIS2_PLACEMENT_3D('',#3157,#2469,#2470);
#2104=AXIS2_PLACEMENT_3D('',#3161,#2472,#2473);
#2105=AXIS2_PLACEMENT_3D('',#3165,#2475,#2476);
#2106=AXIS2_PLACEMENT_3D('',#3169,#2478,#2479);
#2107=AXIS2_PLACEMENT_3D('',#3173,#2481,#2482);
#2108=AXIS2_PLACEMENT_3D('',#3177,#2484,#2485);
#2109=AXIS2_PLACEMENT_3D('',#3181,#2487,#2488);
#2110=AXIS2_PLACEMENT_3D('',#3185,#2490,#2491);
#2111=AXIS2_PLACEMENT_3D('',#3186,#2492,#2493);
#2112=AXIS2_PLACEMENT_3D('',#3188,#2494,#2495);
#2113=AXIS2_PLACEMENT_3D('',#3194,#2499,#2500);
#2114=AXIS2_PLACEMENT_3D('',#3198,#2503,#2504);
#2115=AXIS2_PLACEMENT_3D('',#3202,#2507,#2508);
#2116=AXIS2_PLACEMENT_3D('',#3204,#2510,#2511);
#2117=AXIS2_PLACEMENT_3D('',#3205,#2512,#2513);
#2118=AXIS2_PLACEMENT_3D('',#3211,#2517,#2518);
#2119=AXIS2_PLACEMENT_3D('',#3215,#2521,#2522);
#2120=AXIS2_PLACEMENT_3D('',#3219,#2525,#2526);
#2121=AXIS2_PLACEMENT_3D('',#3221,#2528,#2529);
#2122=AXIS2_PLACEMENT_3D('',#3222,#2530,#2531);
#2123=AXIS2_PLACEMENT_3D('',#3228,#2535,#2536);
#2124=AXIS2_PLACEMENT_3D('',#3232,#2539,#2540);
#2125=AXIS2_PLACEMENT_3D('',#3236,#2543,#2544);
#2126=AXIS2_PLACEMENT_3D('',#3238,#2546,#2547);
#2127=AXIS2_PLACEMENT_3D('',#3239,#2548,#2549);
#2128=AXIS2_PLACEMENT_3D('',#3245,#2553,#2554);
#2129=AXIS2_PLACEMENT_3D('',#3249,#2557,#2558);
#2130=AXIS2_PLACEMENT_3D('',#3253,#2561,#2562);
#2131=AXIS2_PLACEMENT_3D('',#3255,#2564,#2565);
#2132=AXIS2_PLACEMENT_3D('',#3256,#2566,#2567);
#2133=AXIS2_PLACEMENT_3D('',#3262,#2571,#2572);
#2134=AXIS2_PLACEMENT_3D('',#3266,#2575,#2576);
#2135=AXIS2_PLACEMENT_3D('',#3270,#2579,#2580);
#2136=AXIS2_PLACEMENT_3D('',#3272,#2582,#2583);
#2137=AXIS2_PLACEMENT_3D('',#3273,#2584,#2585);
#2138=AXIS2_PLACEMENT_3D('',#3279,#2589,#2590);
#2139=AXIS2_PLACEMENT_3D('',#3283,#2593,#2594);
#2140=AXIS2_PLACEMENT_3D('',#3287,#2597,#2598);
#2141=AXIS2_PLACEMENT_3D('',#3289,#2600,#2601);
#2142=AXIS2_PLACEMENT_3D('',#3290,#2602,#2603);
#2143=AXIS2_PLACEMENT_3D('',#3296,#2607,#2608);
#2144=AXIS2_PLACEMENT_3D('',#3300,#2611,#2612);
#2145=AXIS2_PLACEMENT_3D('',#3304,#2615,#2616);
#2146=AXIS2_PLACEMENT_3D('',#3306,#2618,#2619);
#2147=AXIS2_PLACEMENT_3D('',#3307,#2620,#2621);
#2148=AXIS2_PLACEMENT_3D('',#3313,#2625,#2626);
#2149=AXIS2_PLACEMENT_3D('',#3317,#2629,#2630);
#2150=AXIS2_PLACEMENT_3D('',#3321,#2633,#2634);
#2151=AXIS2_PLACEMENT_3D('',#3323,#2636,#2637);
#2152=AXIS2_PLACEMENT_3D('',#3324,#2638,#2639);
#2153=AXIS2_PLACEMENT_3D('',#3333,#2640,#2641);
#2154=AXIS2_PLACEMENT_3D('',#3338,#2642,#2643);
#2155=AXIS2_PLACEMENT_3D('',#3343,#2644,#2645);
#2156=AXIS2_PLACEMENT_3D('',#3344,#2646,#2647);
#2157=AXIS2_PLACEMENT_3D('',#3353,#2648,#2649);
#2158=AXIS2_PLACEMENT_3D('',#3358,#2650,#2651);
#2159=AXIS2_PLACEMENT_3D('',#3363,#2652,#2653);
#2160=AXIS2_PLACEMENT_3D('',#3364,#2654,#2655);
#2161=AXIS2_PLACEMENT_3D('',#3373,#2656,#2657);
#2162=AXIS2_PLACEMENT_3D('',#3378,#2658,#2659);
#2163=AXIS2_PLACEMENT_3D('',#3383,#2660,#2661);
#2164=AXIS2_PLACEMENT_3D('',#3384,#2662,#2663);
#2165=AXIS2_PLACEMENT_3D('',#3393,#2664,#2665);
#2166=AXIS2_PLACEMENT_3D('',#3398,#2666,#2667);
#2167=AXIS2_PLACEMENT_3D('',#3403,#2668,#2669);
#2168=AXIS2_PLACEMENT_3D('',#3404,#2670,#2671);
#2169=AXIS2_PLACEMENT_3D('',#3413,#2672,#2673);
#2170=AXIS2_PLACEMENT_3D('',#3418,#2674,#2675);
#2171=AXIS2_PLACEMENT_3D('',#3423,#2676,#2677);
#2172=AXIS2_PLACEMENT_3D('',#3424,#2678,#2679);
#2173=AXIS2_PLACEMENT_3D('',#3433,#2680,#2681);
#2174=AXIS2_PLACEMENT_3D('',#3438,#2682,#2683);
#2175=AXIS2_PLACEMENT_3D('',#3443,#2684,#2685);
#2176=AXIS2_PLACEMENT_3D('',#3444,#2686,#2687);
#2177=AXIS2_PLACEMENT_3D('',#3453,#2688,#2689);
#2178=AXIS2_PLACEMENT_3D('',#3458,#2690,#2691);
#2179=AXIS2_PLACEMENT_3D('',#3463,#2692,#2693);
#2180=AXIS2_PLACEMENT_3D('',#3464,#2694,#2695);
#2181=AXIS2_PLACEMENT_3D('',#3473,#2696,#2697);
#2182=AXIS2_PLACEMENT_3D('',#3478,#2698,#2699);
#2183=AXIS2_PLACEMENT_3D('',#3483,#2700,#2701);
#2184=AXIS2_PLACEMENT_3D('',#3484,#2702,#2703);
#2185=AXIS2_PLACEMENT_3D('',#3493,#2704,#2705);
#2186=AXIS2_PLACEMENT_3D('',#3498,#2706,#2707);
#2187=AXIS2_PLACEMENT_3D('',#3503,#2708,#2709);
#2188=AXIS2_PLACEMENT_3D('',#3504,#2710,#2711);
#2189=AXIS2_PLACEMENT_3D('',#3513,#2712,#2713);
#2190=AXIS2_PLACEMENT_3D('',#3518,#2714,#2715);
#2191=AXIS2_PLACEMENT_3D('',#3523,#2716,#2717);
#2192=AXIS2_PLACEMENT_3D('',#3524,#2718,#2719);
#2193=AXIS2_PLACEMENT_3D('',#3525,#2720,#2721);
#2194=DIRECTION('',(0.,0.,1.));
#2195=DIRECTION('',(1.,0.,0.));
#2196=DIRECTION('',(0.,0.,1.));
#2197=DIRECTION('',(1.,0.,0.));
#2198=DIRECTION('',(0.,0.,1.));
#2199=DIRECTION('',(1.,0.,0.));
#2200=DIRECTION('',(0.,0.,1.));
#2201=DIRECTION('',(1.,0.,0.));
#2202=DIRECTION('',(0.,0.,-1.));
#2203=DIRECTION('',(-1.,0.,0.));
#2204=DIRECTION('',(0.,0.,1.));
#2205=DIRECTION('',(1.,0.,0.));
#2206=DIRECTION('',(0.,0.,-1.));
#2207=DIRECTION('',(-1.,0.,0.));
#2208=DIRECTION('',(0.,0.,1.));
#2209=DIRECTION('',(1.,0.,0.));
#2210=DIRECTION('',(0.,0.,-1.));
#2211=DIRECTION('',(-1.,0.,0.));
#2212=DIRECTION('',(0.,0.,1.));
#2213=DIRECTION('',(1.,0.,0.));
#2214=DIRECTION('',(0.,0.,-1.));
#2215=DIRECTION('',(-1.,0.,0.));
#2216=DIRECTION('',(0.,0.,1.));
#2217=DIRECTION('',(1.,0.,0.));
#2218=DIRECTION('',(0.,0.,-1.));
#2219=DIRECTION('',(-1.,0.,0.));
#2220=DIRECTION('',(0.,0.,1.));
#2221=DIRECTION('',(1.,0.,0.));
#2222=DIRECTION('',(0.,0.,-1.));
#2223=DIRECTION('',(-1.,0.,0.));
#2224=DIRECTION('',(0.,0.,1.));
#2225=DIRECTION('',(1.,0.,0.));
#2226=DIRECTION('',(0.,0.,-1.));
#2227=DIRECTION('',(-1.,0.,0.));
#2228=DIRECTION('',(0.,0.,1.));
#2229=DIRECTION('',(1.,0.,0.));
#2230=DIRECTION('',(0.,0.,-1.));
#2231=DIRECTION('',(-1.,0.,0.));
#2232=DIRECTION('',(0.,0.,1.));
#2233=DIRECTION('',(1.,0.,0.));
#2234=DIRECTION('',(0.,0.,1.));
#2235=DIRECTION('',(0.,0.,1.));
#2236=DIRECTION('',(0.,0.,1.));
#2237=DIRECTION('',(1.,0.,0.));
#2238=DIRECTION('',(0.,0.,1.));
#2239=DIRECTION('',(1.,0.,0.));
#2240=DIRECTION('',(0.,0.,1.));
#2241=DIRECTION('',(0.,0.,1.));
#2242=DIRECTION('',(0.,0.,1.));
#2243=DIRECTION('',(1.,0.,0.));
#2244=DIRECTION('',(0.,0.,1.));
#2245=DIRECTION('',(1.,0.,0.));
#2246=DIRECTION('',(0.,0.,1.));
#2247=DIRECTION('',(0.,0.,1.));
#2248=DIRECTION('',(0.,0.,1.));
#2249=DIRECTION('',(1.,0.,0.));
#2250=DIRECTION('',(0.,0.,1.));
#2251=DIRECTION('',(1.,0.,0.));
#2252=DIRECTION('',(0.,0.,1.));
#2253=DIRECTION('',(0.,0.,1.));
#2254=DIRECTION('',(0.,0.,1.));
#2255=DIRECTION('',(1.,0.,0.));
#2256=DIRECTION('',(0.,0.,1.));
#2257=DIRECTION('',(1.,0.,0.));
#2258=DIRECTION('',(0.,0.,1.));
#2259=DIRECTION('',(0.,0.,1.));
#2260=DIRECTION('',(0.,0.,1.));
#2261=DIRECTION('',(1.,0.,0.));
#2262=DIRECTION('',(0.,0.,1.));
#2263=DIRECTION('',(1.,0.,0.));
#2264=DIRECTION('',(0.,0.,1.));
#2265=DIRECTION('',(0.,0.,1.));
#2266=DIRECTION('',(0.,0.,1.));
#2267=DIRECTION('',(1.,0.,0.));
#2268=DIRECTION('',(0.,0.,1.));
#2269=DIRECTION('',(1.,0.,0.));
#2270=DIRECTION('',(0.,0.,1.));
#2271=DIRECTION('',(0.,0.,1.));
#2272=DIRECTION('',(0.,0.,1.));
#2273=DIRECTION('',(1.,0.,0.));
#2274=DIRECTION('',(0.,0.,1.));
#2275=DIRECTION('',(1.,0.,0.));
#2276=DIRECTION('',(0.,0.,1.));
#2277=DIRECTION('',(1.,0.,0.));
#2278=DIRECTION('',(0.,0.,1.));
#2279=DIRECTION('',(1.,0.,0.));
#2280=DIRECTION('',(0.,0.,-1.));
#2281=DIRECTION('',(-1.,0.,0.));
#2282=DIRECTION('',(0.,0.,-1.));
#2283=DIRECTION('',(-1.,0.,0.));
#2284=DIRECTION('',(0.,0.,-1.));
#2285=DIRECTION('',(-1.,0.,0.));
#2286=DIRECTION('',(0.,0.,-1.));
#2287=DIRECTION('',(-1.,0.,0.));
#2288=DIRECTION('',(0.,0.,-1.));
#2289=DIRECTION('',(-1.,0.,0.));
#2290=DIRECTION('',(0.,0.,-1.));
#2291=DIRECTION('',(-1.,0.,0.));
#2292=DIRECTION('',(0.,0.,-1.));
#2293=DIRECTION('',(-1.,0.,0.));
#2294=DIRECTION('',(0.,0.,-1.));
#2295=DIRECTION('',(-1.,0.,0.));
#2296=DIRECTION('',(0.,0.,1.));
#2297=DIRECTION('',(1.,0.,0.));
#2298=DIRECTION('',(0.,0.,1.));
#2299=DIRECTION('',(0.,0.,1.));
#2300=DIRECTION('',(0.,0.,1.));
#2301=DIRECTION('',(1.,0.,0.));
#2302=DIRECTION('',(0.,0.,1.));
#2303=DIRECTION('',(0.,0.,1.));
#2304=DIRECTION('',(1.,0.,0.));
#2305=DIRECTION('',(0.,0.,1.));
#2306=DIRECTION('',(0.,0.,1.));
#2307=DIRECTION('',(1.,0.,0.));
#2308=DIRECTION('',(0.587785252292473,-0.809016994374948,0.));
#2309=DIRECTION('',(0.809016994374948,0.587785252292473,0.));
#2310=DIRECTION('',(0.809016994374948,0.587785252292473,0.));
#2311=DIRECTION('',(0.,0.,1.));
#2312=DIRECTION('',(-0.809016994374948,-0.587785252292473,0.));
#2313=DIRECTION('',(0.,0.,1.));
#2314=DIRECTION('',(1.,0.,0.));
#2315=DIRECTION('',(0.,0.,1.));
#2316=DIRECTION('',(1.,0.,0.));
#2317=DIRECTION('',(0.,0.,1.));
#2318=DIRECTION('',(0.,0.,1.));
#2319=DIRECTION('',(1.,0.,0.));
#2320=DIRECTION('',(0.,0.,1.));
#2321=DIRECTION('',(1.,0.,0.));
#2322=DIRECTION('',(0.,0.,1.));
#2323=DIRECTION('',(0.,0.,1.));
#2324=DIRECTION('',(1.,0.,0.));
#2325=DIRECTION('',(0.,0.,1.));
#2326=DIRECTION('',(0.,0.,1.));
#2327=DIRECTION('',(1.,0.,0.));
#2328=DIRECTION('',(-0.587785252292473,-0.809016994374947,0.));
#2329=DIRECTION('',(0.809016994374947,-0.587785252292473,0.));
#2330=DIRECTION('',(0.809016994374947,-0.587785252292473,0.));
#2331=DIRECTION('',(0.,0.,1.));
#2332=DIRECTION('',(-0.809016994374947,0.587785252292473,0.));
#2333=DIRECTION('',(0.,0.,1.));
#2334=DIRECTION('',(1.,0.,0.));
#2335=DIRECTION('',(0.,0.,1.));
#2336=DIRECTION('',(1.,0.,0.));
#2337=DIRECTION('',(0.,0.,1.));
#2338=DIRECTION('',(0.,0.,1.));
#2339=DIRECTION('',(1.,0.,0.));
#2340=DIRECTION('',(0.,0.,1.));
#2341=DIRECTION('',(1.,0.,0.));
#2342=DIRECTION('',(0.,0.,1.));
#2343=DIRECTION('',(0.,0.,1.));
#2344=DIRECTION('',(1.,0.,0.));
#2345=DIRECTION('',(0.,0.,1.));
#2346=DIRECTION('',(0.,0.,1.));
#2347=DIRECTION('',(1.,0.,0.));
#2348=DIRECTION('',(-0.951056516295154,0.309016994374948,0.));
#2349=DIRECTION('',(-0.309016994374948,-0.951056516295154,0.));
#2350=DIRECTION('',(-0.309016994374948,-0.951056516295154,0.));
#2351=DIRECTION('',(0.,0.,1.));
#2352=DIRECTION('',(0.309016994374948,0.951056516295154,0.));
#2353=DIRECTION('',(0.,0.,1.));
#2354=DIRECTION('',(1.,0.,0.));
#2355=DIRECTION('',(0.,0.,1.));
#2356=DIRECTION('',(1.,0.,0.));
#2357=DIRECTION('',(0.,0.,1.));
#2358=DIRECTION('',(0.,0.,1.));
#2359=DIRECTION('',(1.,0.,0.));
#2360=DIRECTION('',(0.,0.,1.));
#2361=DIRECTION('',(1.,0.,0.));
#2362=DIRECTION('',(0.,0.,1.));
#2363=DIRECTION('',(0.,0.,1.));
#2364=DIRECTION('',(1.,0.,0.));
#2365=DIRECTION('',(0.,0.,1.));
#2366=DIRECTION('',(0.,0.,1.));
#2367=DIRECTION('',(1.,0.,0.));
#2368=DIRECTION('',(1.40431243605208E-16,1.,0.));
#2369=DIRECTION('',(-1.,1.40431243605208E-16,0.));
#2370=DIRECTION('',(-1.,1.40431243605208E-16,0.));
#2371=DIRECTION('',(0.,0.,1.));
#2372=DIRECTION('',(1.,-1.40431243605208E-16,0.));
#2373=DIRECTION('',(0.,0.,1.));
#2374=DIRECTION('',(1.,0.,0.));
#2375=DIRECTION('',(0.,0.,1.));
#2376=DIRECTION('',(1.,0.,0.));
#2377=DIRECTION('',(0.,0.,1.));
#2378=DIRECTION('',(0.,0.,1.));
#2379=DIRECTION('',(1.,0.,0.));
#2380=DIRECTION('',(0.,0.,1.));
#2381=DIRECTION('',(1.,0.,0.));
#2382=DIRECTION('',(0.,0.,1.));
#2383=DIRECTION('',(0.,0.,1.));
#2384=DIRECTION('',(1.,0.,0.));
#2385=DIRECTION('',(0.,0.,1.));
#2386=DIRECTION('',(0.,0.,1.));
#2387=DIRECTION('',(1.,0.,0.));
#2388=DIRECTION('',(0.951056516295154,0.309016994374947,0.));
#2389=DIRECTION('',(-0.309016994374947,0.951056516295154,0.));
#2390=DIRECTION('',(-0.309016994374947,0.951056516295154,0.));
#2391=DIRECTION('',(0.,0.,1.));
#2392=DIRECTION('',(0.309016994374947,-0.951056516295154,0.));
#2393=DIRECTION('',(0.,0.,1.));
#2394=DIRECTION('',(1.,0.,0.));
#2395=DIRECTION('',(0.,0.,1.));
#2396=DIRECTION('',(1.,0.,0.));
#2397=DIRECTION('',(0.,0.,1.));
#2398=DIRECTION('',(0.,0.,1.));
#2399=DIRECTION('',(1.,0.,0.));
#2400=DIRECTION('',(0.951056516295154,0.309016994374948,0.));
#2401=DIRECTION('',(-0.309016994374948,0.951056516295154,0.));
#2402=DIRECTION('',(0.309016994374948,-0.951056516295154,0.));
#2403=DIRECTION('',(-0.309016994374948,0.951056516295154,0.));
#2404=DIRECTION('',(0.587785252292473,-0.809016994374948,0.));
#2405=DIRECTION('',(0.809016994374948,0.587785252292473,0.));
#2406=DIRECTION('',(-0.809016994374948,-0.587785252292473,0.));
#2407=DIRECTION('',(0.809016994374948,0.587785252292473,0.));
#2408=DIRECTION('',(-0.587785252292473,-0.809016994374947,0.));
#2409=DIRECTION('',(0.809016994374947,-0.587785252292473,0.));
#2410=DIRECTION('',(-0.809016994374947,0.587785252292473,0.));
#2411=DIRECTION('',(0.809016994374947,-0.587785252292473,0.));
#2412=DIRECTION('',(-0.951056516295154,0.309016994374948,0.));
#2413=DIRECTION('',(-0.309016994374948,-0.951056516295154,0.));
#2414=DIRECTION('',(0.309016994374948,0.951056516295154,0.));
#2415=DIRECTION('',(-0.309016994374948,-0.951056516295154,0.));
#2416=DIRECTION('',(1.40431243605208E-16,1.,0.));
#2417=DIRECTION('',(-1.,1.40431243605208E-16,0.));
#2418=DIRECTION('',(1.,-1.40431243605208E-16,0.));
#2419=DIRECTION('',(-1.,1.40431243605208E-16,0.));
#2420=DIRECTION('',(0.,0.,1.));
#2421=DIRECTION('',(1.,0.,0.));
#2422=DIRECTION('',(0.,0.,1.));
#2423=DIRECTION('',(1.,0.,0.));
#2424=DIRECTION('',(0.,0.,1.));
#2425=DIRECTION('',(1.,0.,0.));
#2426=DIRECTION('',(0.,0.,1.));
#2427=DIRECTION('',(1.,0.,0.));
#2428=DIRECTION('',(0.309016994374947,-0.951056516295154,0.));
#2429=DIRECTION('',(0.,0.,1.));
#2430=DIRECTION('',(1.,0.,0.));
#2431=DIRECTION('',(-1.,1.40431243605208E-16,0.));
#2432=DIRECTION('',(0.,0.,1.));
#2433=DIRECTION('',(1.,0.,0.));
#2434=DIRECTION('',(-0.809016994374948,-0.587785252292473,0.));
#2435=DIRECTION('',(0.,0.,1.));
#2436=DIRECTION('',(1.,0.,0.));
#2437=DIRECTION('',(-0.309016994374948,0.951056516295154,0.));
#2438=DIRECTION('',(0.,0.,1.));
#2439=DIRECTION('',(1.,0.,0.));
#2440=DIRECTION('',(-0.809016994374947,0.587785252292473,0.));
#2441=DIRECTION('',(0.,0.,1.));
#2442=DIRECTION('',(1.,0.,0.));
#2443=DIRECTION('',(0.809016994374948,0.587785252292473,0.));
#2444=DIRECTION('',(0.,0.,1.));
#2445=DIRECTION('',(1.,0.,0.));
#2446=DIRECTION('',(0.309016994374948,0.951056516295154,0.));
#2447=DIRECTION('',(0.,0.,1.));
#2448=DIRECTION('',(1.,0.,0.));
#2449=DIRECTION('',(0.809016994374947,-0.587785252292473,0.));
#2450=DIRECTION('',(0.,0.,1.));
#2451=DIRECTION('',(1.,0.,0.));
#2452=DIRECTION('',(1.,-1.40431243605208E-16,0.));
#2453=DIRECTION('',(0.,0.,1.));
#2454=DIRECTION('',(1.,0.,0.));
#2455=DIRECTION('',(-0.309016994374948,-0.951056516295154,0.));
#2456=DIRECTION('',(0.,0.,1.));
#2457=DIRECTION('',(1.,0.,0.));
#2458=DIRECTION('',(0.,0.,1.));
#2459=DIRECTION('',(1.,0.,0.));
#2460=DIRECTION('',(0.,0.,1.));
#2461=DIRECTION('',(1.,0.,0.));
#2462=DIRECTION('',(1.,-1.40431243605208E-16,0.));
#2463=DIRECTION('',(0.,0.,1.));
#2464=DIRECTION('',(1.,0.,0.));
#2465=DIRECTION('',(-0.309016994374947,0.951056516295154,0.));
#2466=DIRECTION('',(0.,0.,1.));
#2467=DIRECTION('',(1.,0.,0.));
#2468=DIRECTION('',(0.309016994374948,-0.951056516295154,0.));
#2469=DIRECTION('',(0.,0.,1.));
#2470=DIRECTION('',(1.,0.,0.));
#2471=DIRECTION('',(0.809016994374948,0.587785252292473,0.));
#2472=DIRECTION('',(0.,0.,1.));
#2473=DIRECTION('',(1.,0.,0.));
#2474=DIRECTION('',(-0.809016994374948,-0.587785252292473,0.));
#2475=DIRECTION('',(0.,0.,1.));
#2476=DIRECTION('',(1.,0.,0.));
#2477=DIRECTION('',(0.809016994374947,-0.587785252292473,0.));
#2478=DIRECTION('',(0.,0.,1.));
#2479=DIRECTION('',(1.,0.,0.));
#2480=DIRECTION('',(-0.809016994374947,0.587785252292473,0.));
#2481=DIRECTION('',(0.,0.,1.));
#2482=DIRECTION('',(1.,0.,0.));
#2483=DIRECTION('',(-0.309016994374948,-0.951056516295154,0.));
#2484=DIRECTION('',(0.,0.,1.));
#2485=DIRECTION('',(1.,0.,0.));
#2486=DIRECTION('',(0.309016994374948,0.951056516295154,0.));
#2487=DIRECTION('',(0.,0.,1.));
#2488=DIRECTION('',(1.,0.,0.));
#2489=DIRECTION('',(-1.,1.40431243605208E-16,0.));
#2490=DIRECTION('',(0.,0.,1.));
#2491=DIRECTION('',(1.,0.,0.));
#2492=DIRECTION('',(0.,0.,1.));
#2493=DIRECTION('',(1.,0.,0.));
#2494=DIRECTION('',(0.,0.,-1.));
#2495=DIRECTION('',(-0.707106781186548,0.707106781186548,0.));
#2496=DIRECTION('',(-0.707106781186548,-0.707106781186548,0.));
#2497=DIRECTION('',(-0.707106781186548,-0.707106781186548,0.));
#2498=DIRECTION('',(0.707106781186548,-0.707106781186548,0.));
#2499=DIRECTION('',(-0.707106781186548,0.707106781186548,2.12588661271667E-16));
#2500=DIRECTION('',(1.50322883988566E-16,-1.50322883988566E-16,1.));
#2501=DIRECTION('',(-0.707106781186548,-0.707106781186548,0.));
#2502=DIRECTION('',(-1.50322883988566E-16,1.50322883988566E-16,-1.));
#2503=DIRECTION('',(0.,0.,-1.));
#2504=DIRECTION('',(-0.707106781186548,0.707106781186548,0.));
#2505=DIRECTION('',(-0.707106781186548,-0.707106781186548,0.));
#2506=DIRECTION('',(0.707106781186548,-0.707106781186548,0.));
#2507=DIRECTION('',(-0.707106781186548,0.707106781186548,2.12588661271667E-16));
#2508=DIRECTION('',(1.50322883988566E-16,-1.50322883988566E-16,1.));
#2509=DIRECTION('',(-1.50322883988566E-16,1.50322883988566E-16,-1.));
#2510=DIRECTION('',(-0.707106781186548,-0.707106781186548,0.));
#2511=DIRECTION('',(0.707106781186548,-0.707106781186548,0.));
#2512=DIRECTION('',(0.,0.,-1.));
#2513=DIRECTION('',(0.,1.,0.));
#2514=DIRECTION('',(-1.,0.,0.));
#2515=DIRECTION('',(-1.,0.,0.));
#2516=DIRECTION('',(0.,-1.,0.));
#2517=DIRECTION('',(0.,1.,2.12588661271667E-16));
#2518=DIRECTION('',(0.,-2.12588661271667E-16,1.));
#2519=DIRECTION('',(-1.,0.,0.));
#2520=DIRECTION('',(0.,2.12588661271667E-16,-1.));
#2521=DIRECTION('',(0.,0.,-1.));
#2522=DIRECTION('',(0.,1.,0.));
#2523=DIRECTION('',(-1.,0.,0.));
#2524=DIRECTION('',(0.,-1.,0.));
#2525=DIRECTION('',(0.,1.,2.12588661271667E-16));
#2526=DIRECTION('',(0.,-2.12588661271667E-16,1.));
#2527=DIRECTION('',(0.,2.12588661271667E-16,-1.));
#2528=DIRECTION('',(-1.,0.,0.));
#2529=DIRECTION('',(0.,-1.,0.));
#2530=DIRECTION('',(0.,0.,-1.));
#2531=DIRECTION('',(0.707106781186548,0.707106781186548,0.));
#2532=DIRECTION('',(-0.707106781186548,0.707106781186548,0.));
#2533=DIRECTION('',(-0.707106781186548,0.707106781186548,0.));
#2534=DIRECTION('',(-0.707106781186548,-0.707106781186548,0.));
#2535=DIRECTION('',(0.707106781186548,0.707106781186548,2.12588661271667E-16));
#2536=DIRECTION('',(-1.50322883988566E-16,-1.50322883988566E-16,1.));
#2537=DIRECTION('',(-0.707106781186548,0.707106781186548,0.));
#2538=DIRECTION('',(1.50322883988566E-16,1.50322883988566E-16,-1.));
#2539=DIRECTION('',(0.,0.,-1.));
#2540=DIRECTION('',(0.707106781186548,0.707106781186548,0.));
#2541=DIRECTION('',(-0.707106781186548,0.707106781186548,0.));
#2542=DIRECTION('',(-0.707106781186548,-0.707106781186548,0.));
#2543=DIRECTION('',(0.707106781186548,0.707106781186548,2.12588661271667E-16));
#2544=DIRECTION('',(-1.50322883988566E-16,-1.50322883988566E-16,1.));
#2545=DIRECTION('',(1.50322883988566E-16,1.50322883988566E-16,-1.));
#2546=DIRECTION('',(-0.707106781186548,0.707106781186548,0.));
#2547=DIRECTION('',(-0.707106781186548,-0.707106781186548,0.));
#2548=DIRECTION('',(0.,0.,-1.));
#2549=DIRECTION('',(1.,2.22044604925032E-16,0.));
#2550=DIRECTION('',(-2.22044604925032E-16,1.,0.));
#2551=DIRECTION('',(-2.22044604925032E-16,1.,0.));
#2552=DIRECTION('',(-1.,-2.22044604925032E-16,0.));
#2553=DIRECTION('',(1.,2.22044604925032E-16,2.12588661271667E-16));
#2554=DIRECTION('',(-2.12588661271667E-16,-4.72041653036087E-32,1.));
#2555=DIRECTION('',(-2.22044604925032E-16,1.,0.));
#2556=DIRECTION('',(2.12588661271667E-16,4.72041653036087E-32,-1.));
#2557=DIRECTION('',(0.,0.,-1.));
#2558=DIRECTION('',(1.,2.22044604925032E-16,0.));
#2559=DIRECTION('',(-2.22044604925032E-16,1.,0.));
#2560=DIRECTION('',(-1.,-2.22044604925032E-16,0.));
#2561=DIRECTION('',(1.,2.22044604925032E-16,2.12588661271667E-16));
#2562=DIRECTION('',(-2.12588661271667E-16,-4.72041653036087E-32,1.));
#2563=DIRECTION('',(2.12588661271667E-16,4.72041653036087E-32,-1.));
#2564=DIRECTION('',(-2.22044604925032E-16,1.,0.));
#2565=DIRECTION('',(-1.,-2.22044604925032E-16,0.));
#2566=DIRECTION('',(0.,0.,-1.));
#2567=DIRECTION('',(0.707106781186548,-0.707106781186548,0.));
#2568=DIRECTION('',(0.707106781186548,0.707106781186548,0.));
#2569=DIRECTION('',(0.707106781186548,0.707106781186548,0.));
#2570=DIRECTION('',(-0.707106781186548,0.707106781186548,0.));
#2571=DIRECTION('',(0.707106781186548,-0.707106781186548,2.12588661271667E-16));
#2572=DIRECTION('',(-1.50322883988566E-16,1.50322883988566E-16,1.));
#2573=DIRECTION('',(0.707106781186548,0.707106781186548,0.));
#2574=DIRECTION('',(1.50322883988566E-16,-1.50322883988566E-16,-1.));
#2575=DIRECTION('',(0.,0.,-1.));
#2576=DIRECTION('',(0.707106781186548,-0.707106781186548,0.));
#2577=DIRECTION('',(0.707106781186548,0.707106781186548,0.));
#2578=DIRECTION('',(-0.707106781186548,0.707106781186548,0.));
#2579=DIRECTION('',(0.707106781186548,-0.707106781186548,2.12588661271667E-16));
#2580=DIRECTION('',(-1.50322883988566E-16,1.50322883988566E-16,1.));
#2581=DIRECTION('',(1.50322883988566E-16,-1.50322883988566E-16,-1.));
#2582=DIRECTION('',(0.707106781186548,0.707106781186548,0.));
#2583=DIRECTION('',(-0.707106781186548,0.707106781186548,0.));
#2584=DIRECTION('',(0.,0.,-1.));
#2585=DIRECTION('',(2.22044604925032E-16,-1.,0.));
#2586=DIRECTION('',(1.,2.22044604925032E-16,0.));
#2587=DIRECTION('',(1.,2.22044604925032E-16,0.));
#2588=DIRECTION('',(-2.22044604925032E-16,1.,0.));
#2589=DIRECTION('',(2.22044604925032E-16,-1.,2.12588661271667E-16));
#2590=DIRECTION('',(-4.72041653036087E-32,2.12588661271667E-16,1.));
#2591=DIRECTION('',(1.,2.22044604925032E-16,0.));
#2592=DIRECTION('',(4.72041653036087E-32,-2.12588661271667E-16,-1.));
#2593=DIRECTION('',(0.,0.,-1.));
#2594=DIRECTION('',(2.22044604925032E-16,-1.,0.));
#2595=DIRECTION('',(1.,2.22044604925032E-16,0.));
#2596=DIRECTION('',(-2.22044604925032E-16,1.,0.));
#2597=DIRECTION('',(2.22044604925032E-16,-1.,2.12588661271667E-16));
#2598=DIRECTION('',(-4.72041653036087E-32,2.12588661271667E-16,1.));
#2599=DIRECTION('',(4.72041653036087E-32,-2.12588661271667E-16,-1.));
#2600=DIRECTION('',(1.,2.22044604925032E-16,0.));
#2601=DIRECTION('',(-2.22044604925032E-16,1.,0.));
#2602=DIRECTION('',(0.,0.,-1.));
#2603=DIRECTION('',(-0.707106781186548,-0.707106781186548,0.));
#2604=DIRECTION('',(0.707106781186548,-0.707106781186548,0.));
#2605=DIRECTION('',(0.707106781186548,-0.707106781186548,0.));
#2606=DIRECTION('',(0.707106781186548,0.707106781186548,0.));
#2607=DIRECTION('',(-0.707106781186548,-0.707106781186548,2.12588661271667E-16));
#2608=DIRECTION('',(1.50322883988566E-16,1.50322883988566E-16,1.));
#2609=DIRECTION('',(0.707106781186548,-0.707106781186548,0.));
#2610=DIRECTION('',(-1.50322883988566E-16,-1.50322883988566E-16,-1.));
#2611=DIRECTION('',(0.,0.,-1.));
#2612=DIRECTION('',(-0.707106781186548,-0.707106781186548,0.));
#2613=DIRECTION('',(0.707106781186548,-0.707106781186548,0.));
#2614=DIRECTION('',(0.707106781186548,0.707106781186548,0.));
#2615=DIRECTION('',(-0.707106781186548,-0.707106781186548,2.12588661271667E-16));
#2616=DIRECTION('',(1.50322883988566E-16,1.50322883988566E-16,1.));
#2617=DIRECTION('',(-1.50322883988566E-16,-1.50322883988566E-16,-1.));
#2618=DIRECTION('',(0.707106781186548,-0.707106781186548,0.));
#2619=DIRECTION('',(0.707106781186548,0.707106781186548,0.));
#2620=DIRECTION('',(0.,0.,-1.));
#2621=DIRECTION('',(-1.,0.,0.));
#2622=DIRECTION('',(0.,-1.,0.));
#2623=DIRECTION('',(0.,-1.,0.));
#2624=DIRECTION('',(1.,0.,0.));
#2625=DIRECTION('',(-1.,0.,2.12588661271667E-16));
#2626=DIRECTION('',(2.12588661271667E-16,0.,1.));
#2627=DIRECTION('',(0.,-1.,0.));
#2628=DIRECTION('',(-2.12588661271667E-16,0.,-1.));
#2629=DIRECTION('',(0.,0.,-1.));
#2630=DIRECTION('',(-1.,0.,0.));
#2631=DIRECTION('',(0.,-1.,0.));
#2632=DIRECTION('',(1.,0.,0.));
#2633=DIRECTION('',(-1.,0.,2.12588661271667E-16));
#2634=DIRECTION('',(2.12588661271667E-16,0.,1.));
#2635=DIRECTION('',(-2.12588661271667E-16,0.,-1.));
#2636=DIRECTION('',(0.,-1.,0.));
#2637=DIRECTION('',(1.,0.,0.));
#2638=DIRECTION('',(0.,0.,1.));
#2639=DIRECTION('',(1.,0.,0.));
#2640=DIRECTION('',(0.672498511963957,0.21850801222441,-0.707106781186548));
#2641=DIRECTION('',(0.309016994374947,-0.951056516295154,0.));
#2642=DIRECTION('',(9.92998846437028E-17,0.707106781186547,0.707106781186548));
#2643=DIRECTION('',(-1.,1.40431243605208E-16,0.));
#2644=DIRECTION('',(0.,0.,-1.));
#2645=DIRECTION('',(-1.,0.,0.));
#2646=DIRECTION('',(0.,0.,-1.));
#2647=DIRECTION('',(-1.,0.,0.));
#2648=DIRECTION('',(-0.672498511963957,-0.21850801222441,-0.707106781186549));
#2649=DIRECTION('',(-0.309016994374947,0.951056516295154,0.));
#2650=DIRECTION('',(-9.92998846437027E-17,-0.707106781186547,0.707106781186548));
#2651=DIRECTION('',(1.,-1.40431243605208E-16,0.));
#2652=DIRECTION('',(0.,0.,1.));
#2653=DIRECTION('',(1.,0.,0.));
#2654=DIRECTION('',(0.,0.,1.));
#2655=DIRECTION('',(1.,0.,0.));
#2656=DIRECTION('',(0.415626937777453,-0.572061402817684,-0.707106781186548));
#2657=DIRECTION('',(-0.809016994374948,-0.587785252292473,0.));
#2658=DIRECTION('',(0.672498511963957,0.21850801222441,0.707106781186548));
#2659=DIRECTION('',(-0.309016994374948,0.951056516295154,0.));
#2660=DIRECTION('',(0.,0.,-1.));
#2661=DIRECTION('',(-1.,0.,0.));
#2662=DIRECTION('',(0.,0.,-1.));
#2663=DIRECTION('',(-1.,0.,0.));
#2664=DIRECTION('',(-0.415626937777452,0.572061402817684,-0.707106781186549));
#2665=DIRECTION('',(0.809016994374948,0.587785252292473,0.));
#2666=DIRECTION('',(-0.672498511963956,-0.21850801222441,0.707106781186549));
#2667=DIRECTION('',(0.309016994374948,-0.951056516295154,0.));
#2668=DIRECTION('',(0.,0.,1.));
#2669=DIRECTION('',(1.,0.,0.));
#2670=DIRECTION('',(0.,0.,1.));
#2671=DIRECTION('',(1.,0.,0.));
#2672=DIRECTION('',(-0.415626937777453,-0.572061402817684,-0.707106781186548));
#2673=DIRECTION('',(-0.809016994374947,0.587785252292473,0.));
#2674=DIRECTION('',(0.415626937777453,-0.572061402817684,0.707106781186548));
#2675=DIRECTION('',(0.809016994374948,0.587785252292473,0.));
#2676=DIRECTION('',(0.,0.,-1.));
#2677=DIRECTION('',(-1.,0.,0.));
#2678=DIRECTION('',(0.,0.,-1.));
#2679=DIRECTION('',(-1.,0.,0.));
#2680=DIRECTION('',(0.415626937777453,0.572061402817683,-0.707106781186549));
#2681=DIRECTION('',(0.809016994374947,-0.587785252292473,0.));
#2682=DIRECTION('',(-0.415626937777453,0.572061402817684,0.707106781186548));
#2683=DIRECTION('',(-0.809016994374948,-0.587785252292473,0.));
#2684=DIRECTION('',(0.,0.,1.));
#2685=DIRECTION('',(1.,0.,0.));
#2686=DIRECTION('',(0.,0.,1.));
#2687=DIRECTION('',(1.,0.,0.));
#2688=DIRECTION('',(-0.672498511963957,0.21850801222441,-0.707106781186548));
#2689=DIRECTION('',(0.309016994374948,0.951056516295154,0.));
#2690=DIRECTION('',(-0.415626937777453,-0.572061402817684,0.707106781186548));
#2691=DIRECTION('',(0.809016994374947,-0.587785252292473,0.));
#2692=DIRECTION('',(0.,0.,-1.));
#2693=DIRECTION('',(-1.,0.,0.));
#2694=DIRECTION('',(0.,0.,-1.));
#2695=DIRECTION('',(-1.,0.,0.));
#2696=DIRECTION('',(0.672498511963957,-0.21850801222441,-0.707106781186548));
#2697=DIRECTION('',(-0.309016994374948,-0.951056516295154,0.));
#2698=DIRECTION('',(0.415626937777453,0.572061402817684,0.707106781186548));
#2699=DIRECTION('',(-0.809016994374947,0.587785252292473,0.));
#2700=DIRECTION('',(0.,0.,1.));
#2701=DIRECTION('',(1.,0.,0.));
#2702=DIRECTION('',(0.,0.,1.));
#2703=DIRECTION('',(1.,0.,0.));
#2704=DIRECTION('',(9.92998846437028E-17,0.707106781186547,-0.707106781186548));
#2705=DIRECTION('',(1.,-1.40431243605208E-16,0.));
#2706=DIRECTION('',(-0.672498511963957,0.21850801222441,0.707106781186548));
#2707=DIRECTION('',(-0.309016994374948,-0.951056516295154,0.));
#2708=DIRECTION('',(0.,0.,-1.));
#2709=DIRECTION('',(-1.,0.,0.));
#2710=DIRECTION('',(0.,0.,-1.));
#2711=DIRECTION('',(-1.,0.,0.));
#2712=DIRECTION('',(-9.92998846437027E-17,-0.707106781186547,-0.707106781186548));
#2713=DIRECTION('',(-1.,1.40431243605208E-16,0.));
#2714=DIRECTION('',(0.672498511963956,-0.21850801222441,0.707106781186549));
#2715=DIRECTION('',(0.309016994374948,0.951056516295154,0.));
#2716=DIRECTION('',(0.,0.,1.));
#2717=DIRECTION('',(1.,0.,0.));
#2718=DIRECTION('',(0.,0.,-1.));
#2719=DIRECTION('',(-1.,0.,0.));
#2720=DIRECTION('',(0.,0.,1.));
#2721=DIRECTION('',(1.,0.,0.));
#2722=CARTESIAN_POINT('',(0.,0.,0.));
#2723=CARTESIAN_POINT('',(0.,1.16341445918999E-18,0.005));
#2724=CARTESIAN_POINT('',(0.,1.16341445918999E-18,0.01));
#2725=CARTESIAN_POINT('',(0.014,1.16341445918999E-18,0.01));
#2726=CARTESIAN_POINT('',(0.,1.16341445918999E-18,0.005));
#2727=CARTESIAN_POINT('',(-0.0151471214387763,-0.0114701661766063,0.005));
#2728=CARTESIAN_POINT('',(-0.0188212645696297,-0.0026,0.005));
#2729=CARTESIAN_POINT('',(-0.0151464075452272,-0.0114694522830571,0.0051));
#2730=CARTESIAN_POINT('',(-0.0151468842444556,-0.0114699289822856,0.00506661607951799));
#2731=CARTESIAN_POINT('',(-0.0151471214387763,-0.0114701661766063,0.00503328290938674));
#2732=CARTESIAN_POINT('',(-0.0151471214387763,-0.0114701661766063,0.005));
#2733=CARTESIAN_POINT('',(-0.0151464075452272,-0.0114694522830571,0.0051));
#2734=CARTESIAN_POINT('',(0.,1.16341445918999E-18,0.0051));
#2735=CARTESIAN_POINT('',(-0.0114694522830571,-0.0151464075452272,0.0051));
#2736=CARTESIAN_POINT('',(-0.0114701661766063,-0.0151471214387763,0.005));
#2737=CARTESIAN_POINT('',(-0.0114701661766063,-0.0151471214387763,0.00503339073416608));
#2738=CARTESIAN_POINT('',(-0.0114699274429413,-0.0151468827051114,0.00506672388196853));
#2739=CARTESIAN_POINT('',(-0.0114694522830571,-0.0151464075452272,0.0051));
#2740=CARTESIAN_POINT('',(-0.0114701661766063,-0.0151471214387763,0.005));
#2741=CARTESIAN_POINT('',(0.,1.16341445918999E-18,0.005));
#2742=CARTESIAN_POINT('',(-0.0026,-0.0188212645696297,0.005));
#2743=CARTESIAN_POINT('',(-0.0026,-0.0188202549716904,0.0051));
#2744=CARTESIAN_POINT('',(-0.0026,-0.0188209291262044,0.00506661607951799));
#2745=CARTESIAN_POINT('',(-0.0026,-0.0188212645696297,0.00503328290938674));
#2746=CARTESIAN_POINT('',(-0.0026,-0.0188212645696297,0.005));
#2747=CARTESIAN_POINT('',(-0.0026,-0.0188202549716904,0.0051));
#2748=CARTESIAN_POINT('',(0.,1.16341445918999E-18,0.0051));
#2749=CARTESIAN_POINT('',(0.0026,-0.0188202549716904,0.0051));
#2750=CARTESIAN_POINT('',(0.0026,-0.0188212645696297,0.005));
#2751=CARTESIAN_POINT('',(0.0026,-0.0188212645696297,0.00503339073416608));
#2752=CARTESIAN_POINT('',(0.0026,-0.018820926949243,0.00506672388196853));
#2753=CARTESIAN_POINT('',(0.0026,-0.0188202549716905,0.0051));
#2754=CARTESIAN_POINT('',(0.0026,-0.0188212645696297,0.005));
#2755=CARTESIAN_POINT('',(0.,1.16341445918999E-18,0.005));
#2756=CARTESIAN_POINT('',(0.0114701661766063,-0.0151471214387763,0.005));
#2757=CARTESIAN_POINT('',(0.0114694522830571,-0.0151464075452272,0.0051));
#2758=CARTESIAN_POINT('',(0.0114699289822856,-0.0151468842444556,0.00506661607951799));
#2759=CARTESIAN_POINT('',(0.0114701661766063,-0.0151471214387763,0.00503328290938674));
#2760=CARTESIAN_POINT('',(0.0114701661766063,-0.0151471214387763,0.005));
#2761=CARTESIAN_POINT('',(0.0114694522830571,-0.0151464075452272,0.0051));
#2762=CARTESIAN_POINT('',(0.,1.16341445918999E-18,0.0051));
#2763=CARTESIAN_POINT('',(0.0151464075452272,-0.0114694522830571,0.0051));
#2764=CARTESIAN_POINT('',(0.0151471214387763,-0.0114701661766063,0.005));
#2765=CARTESIAN_POINT('',(0.0151471214387763,-0.0114701661766063,0.00503339073416608));
#2766=CARTESIAN_POINT('',(0.0151468827051114,-0.0114699274429413,0.00506672388196853));
#2767=CARTESIAN_POINT('',(0.0151464075452272,-0.0114694522830571,0.0051));
#2768=CARTESIAN_POINT('',(0.0151471214387763,-0.0114701661766063,0.005));
#2769=CARTESIAN_POINT('',(0.,1.16341445918999E-18,0.005));
#2770=CARTESIAN_POINT('',(0.0188212645696297,-0.0026,0.005));
#2771=CARTESIAN_POINT('',(0.0188202549716904,-0.0026,0.0051));
#2772=CARTESIAN_POINT('',(0.0188209291262044,-0.0026,0.00506661607951799));
#2773=CARTESIAN_POINT('',(0.0188212645696297,-0.0026,0.00503328290938674));
#2774=CARTESIAN_POINT('',(0.0188212645696297,-0.0026,0.005));
#2775=CARTESIAN_POINT('',(0.0188202549716904,-0.0026,0.0051));
#2776=CARTESIAN_POINT('',(0.,1.16341445918999E-18,0.0051));
#2777=CARTESIAN_POINT('',(0.0188202549716904,0.0026,0.0051));
#2778=CARTESIAN_POINT('',(0.0188212645696297,0.0026,0.005));
#2779=CARTESIAN_POINT('',(0.0188212645696297,0.0026,0.00503339073416608));
#2780=CARTESIAN_POINT('',(0.018820926949243,0.0026,0.00506672388196853));
#2781=CARTESIAN_POINT('',(0.0188202549716905,0.0026,0.0051));
#2782=CARTESIAN_POINT('',(0.0188212645696297,0.0026,0.005));
#2783=CARTESIAN_POINT('',(0.,1.16341445918999E-18,0.005));
#2784=CARTESIAN_POINT('',(0.0151471214387763,0.0114701661766063,0.005));
#2785=CARTESIAN_POINT('',(0.0151464075452272,0.0114694522830571,0.0051));
#2786=CARTESIAN_POINT('',(0.0151468842444556,0.0114699289822856,0.00506661607951799));
#2787=CARTESIAN_POINT('',(0.0151471214387763,0.0114701661766063,0.00503328290938674));
#2788=CARTESIAN_POINT('',(0.0151471214387763,0.0114701661766063,0.005));
#2789=CARTESIAN_POINT('',(0.0151464075452272,0.0114694522830571,0.0051));
#2790=CARTESIAN_POINT('',(0.,1.16341445918999E-18,0.0051));
#2791=CARTESIAN_POINT('',(0.0114694522830571,0.0151464075452272,0.0051));
#2792=CARTESIAN_POINT('',(0.0114701661766063,0.0151471214387763,0.005));
#2793=CARTESIAN_POINT('',(0.0114701661766063,0.0151471214387763,0.00503339073416608));
#2794=CARTESIAN_POINT('',(0.0114699274429413,0.0151468827051114,0.00506672388196852));
#2795=CARTESIAN_POINT('',(0.0114694522830571,0.0151464075452272,0.0051));
#2796=CARTESIAN_POINT('',(0.0114701661766063,0.0151471214387763,0.005));
#2797=CARTESIAN_POINT('',(0.,1.16341445918999E-18,0.005));
#2798=CARTESIAN_POINT('',(0.0026,0.0188212645696297,0.005));
#2799=CARTESIAN_POINT('',(0.0026,0.0188202549716904,0.0051));
#2800=CARTESIAN_POINT('',(0.0026,0.0188209291262044,0.00506661607951799));
#2801=CARTESIAN_POINT('',(0.0026,0.0188212645696297,0.00503328290938674));
#2802=CARTESIAN_POINT('',(0.0026,0.0188212645696297,0.005));
#2803=CARTESIAN_POINT('',(0.0026,0.0188202549716904,0.0051));
#2804=CARTESIAN_POINT('',(0.,1.16341445918999E-18,0.0051));
#2805=CARTESIAN_POINT('',(-0.0026,0.0188202549716904,0.0051));
#2806=CARTESIAN_POINT('',(-0.0026,0.0188212645696297,0.005));
#2807=CARTESIAN_POINT('',(-0.0026,0.0188212645696297,0.00503339073416608));
#2808=CARTESIAN_POINT('',(-0.0026,0.018820926949243,0.00506672388196853));
#2809=CARTESIAN_POINT('',(-0.0026,0.0188202549716905,0.0051));
#2810=CARTESIAN_POINT('',(-0.0026,0.0188212645696297,0.005));
#2811=CARTESIAN_POINT('',(0.,1.16341445918999E-18,0.005));
#2812=CARTESIAN_POINT('',(-0.0114701661766063,0.0151471214387763,0.005));
#2813=CARTESIAN_POINT('',(-0.0114694522830571,0.0151464075452272,0.0051));
#2814=CARTESIAN_POINT('',(-0.0114699289822856,0.0151468842444556,0.00506661607951799));
#2815=CARTESIAN_POINT('',(-0.0114701661766063,0.0151471214387763,0.00503328290938674));
#2816=CARTESIAN_POINT('',(-0.0114701661766063,0.0151471214387763,0.005));
#2817=CARTESIAN_POINT('',(-0.0114694522830571,0.0151464075452272,0.0051));
#2818=CARTESIAN_POINT('',(0.,1.16341445918999E-18,0.0051));
#2819=CARTESIAN_POINT('',(-0.0151464075452272,0.0114694522830571,0.0051));
#2820=CARTESIAN_POINT('',(-0.0151471214387763,0.0114701661766063,0.005));
#2821=CARTESIAN_POINT('',(-0.0151471214387763,0.0114701661766063,0.00503339073416608));
#2822=CARTESIAN_POINT('',(-0.0151468827051114,0.0114699274429413,0.00506672388196852));
#2823=CARTESIAN_POINT('',(-0.0151464075452272,0.0114694522830571,0.0051));
#2824=CARTESIAN_POINT('',(-0.0151471214387763,0.0114701661766063,0.005));
#2825=CARTESIAN_POINT('',(0.,1.16341445918999E-18,0.005));
#2826=CARTESIAN_POINT('',(-0.0188212645696297,0.0026,0.005));
#2827=CARTESIAN_POINT('',(-0.0188202549716904,0.0026,0.0051));
#2828=CARTESIAN_POINT('',(-0.0188209291262044,0.0026,0.00506661607951799));
#2829=CARTESIAN_POINT('',(-0.0188212645696297,0.0026,0.00503328290938674));
#2830=CARTESIAN_POINT('',(-0.0188212645696297,0.0026,0.005));
#2831=CARTESIAN_POINT('',(-0.0188202549716904,0.0026,0.0051));
#2832=CARTESIAN_POINT('',(0.,1.16341445918999E-18,0.0051));
#2833=CARTESIAN_POINT('',(-0.0188202549716904,-0.0026,0.0051));
#2834=CARTESIAN_POINT('',(-0.0188212645696297,-0.0026,0.005));
#2835=CARTESIAN_POINT('',(-0.0188212645696297,-0.0026,0.00503339073416608));
#2836=CARTESIAN_POINT('',(-0.018820926949243,-0.0026,0.00506672388196853));
#2837=CARTESIAN_POINT('',(-0.0188202549716905,-0.0026,0.0051));
#2838=CARTESIAN_POINT('',(0.,1.16341445918999E-18,-0.01));
#2839=CARTESIAN_POINT('',(-0.0151471214387763,-0.0114701661766063,-0.01));
#2840=CARTESIAN_POINT('',(-0.0151471214387763,-0.0114701661766063,-0.005));
#2841=CARTESIAN_POINT('',(-0.0188212645696297,-0.0026,-0.01));
#2842=CARTESIAN_POINT('',(-0.0188212645696297,-0.0026,-0.005));
#2843=CARTESIAN_POINT('',(0.,1.16341445918999E-18,-0.005));
#2844=CARTESIAN_POINT('',(0.,1.16341445918999E-18,-0.01));
#2845=CARTESIAN_POINT('',(-0.0188212645696297,0.0026,-0.01));
#2846=CARTESIAN_POINT('',(-0.0188212645696297,0.0026,-0.005));
#2847=CARTESIAN_POINT('',(-0.0151471214387763,0.0114701661766063,-0.01));
#2848=CARTESIAN_POINT('',(-0.0151471214387763,0.0114701661766063,-0.005));
#2849=CARTESIAN_POINT('',(0.,1.16341445918999E-18,-0.005));
#2850=CARTESIAN_POINT('',(0.,1.16341445918999E-18,-0.01));
#2851=CARTESIAN_POINT('',(-0.0114701661766063,0.0151471214387763,-0.01));
#2852=CARTESIAN_POINT('',(-0.0114701661766063,0.0151471214387763,-0.005));
#2853=CARTESIAN_POINT('',(-0.0026,0.0188212645696297,-0.01));
#2854=CARTESIAN_POINT('',(-0.0026,0.0188212645696297,-0.005));
#2855=CARTESIAN_POINT('',(0.,1.16341445918999E-18,-0.005));
#2856=CARTESIAN_POINT('',(0.,1.16341445918999E-18,-0.01));
#2857=CARTESIAN_POINT('',(0.0026,0.0188212645696297,-0.01));
#2858=CARTESIAN_POINT('',(0.0026,0.0188212645696297,-0.005));
#2859=CARTESIAN_POINT('',(0.0114701661766063,0.0151471214387763,-0.01));
#2860=CARTESIAN_POINT('',(0.0114701661766063,0.0151471214387763,-0.005));
#2861=CARTESIAN_POINT('',(0.,1.16341445918999E-18,-0.005));
#2862=CARTESIAN_POINT('',(0.,1.16341445918999E-18,-0.01));
#2863=CARTESIAN_POINT('',(0.0151471214387763,0.0114701661766063,-0.01));
#2864=CARTESIAN_POINT('',(0.0151471214387763,0.0114701661766063,-0.005));
#2865=CARTESIAN_POINT('',(0.0188212645696297,0.0026,-0.01));
#2866=CARTESIAN_POINT('',(0.0188212645696297,0.0026,-0.005));
#2867=CARTESIAN_POINT('',(0.,1.16341445918999E-18,-0.005));
#2868=CARTESIAN_POINT('',(0.,1.16341445918999E-18,-0.01));
#2869=CARTESIAN_POINT('',(0.0188212645696297,-0.0026,-0.01));
#2870=CARTESIAN_POINT('',(0.0188212645696297,-0.0026,-0.005));
#2871=CARTESIAN_POINT('',(0.0151471214387763,-0.0114701661766063,-0.01));
#2872=CARTESIAN_POINT('',(0.0151471214387763,-0.0114701661766063,-0.005));
#2873=CARTESIAN_POINT('',(0.,1.16341445918999E-18,-0.005));
#2874=CARTESIAN_POINT('',(0.,1.16341445918999E-18,-0.01));
#2875=CARTESIAN_POINT('',(0.0114701661766063,-0.0151471214387763,-0.01));
#2876=CARTESIAN_POINT('',(0.0114701661766063,-0.0151471214387763,-0.005));
#2877=CARTESIAN_POINT('',(0.0026,-0.0188212645696297,-0.01));
#2878=CARTESIAN_POINT('',(0.0026,-0.0188212645696297,-0.005));
#2879=CARTESIAN_POINT('',(0.,1.16341445918999E-18,-0.005));
#2880=CARTESIAN_POINT('',(0.,1.16341445918999E-18,-0.005));
#2881=CARTESIAN_POINT('',(0.,1.16341445918999E-18,-0.01));
#2882=CARTESIAN_POINT('',(0.014,1.16341445918999E-18,-0.01));
#2883=CARTESIAN_POINT('',(0.,1.16341445918999E-18,-0.005));
#2884=CARTESIAN_POINT('',(-0.0114701661766063,-0.0151471214387763,-0.005));
#2885=CARTESIAN_POINT('',(-0.0026,-0.0188212645696297,-0.005));
#2886=CARTESIAN_POINT('',(-0.0114694522830571,-0.0151464075452272,-0.0051));
#2887=CARTESIAN_POINT('',(-0.0114699289822856,-0.0151468842444556,-0.00506661607951799));
#2888=CARTESIAN_POINT('',(-0.0114701661766063,-0.0151471214387763,-0.00503328290938674));
#2889=CARTESIAN_POINT('',(-0.0114701661766063,-0.0151471214387763,-0.005));
#2890=CARTESIAN_POINT('',(-0.0114694522830571,-0.0151464075452272,-0.0051));
#2891=CARTESIAN_POINT('',(0.,1.16341445918999E-18,-0.0051));
#2892=CARTESIAN_POINT('',(-0.0151464075452272,-0.0114694522830571,-0.0051));
#2893=CARTESIAN_POINT('',(-0.0151471214387763,-0.0114701661766063,-0.005));
#2894=CARTESIAN_POINT('',(-0.0151471214387763,-0.0114701661766063,-0.00503339073416608));
#2895=CARTESIAN_POINT('',(-0.0151468827051114,-0.0114699274429413,-0.00506672388196853));
#2896=CARTESIAN_POINT('',(-0.0151464075452272,-0.0114694522830571,-0.0051));
#2897=CARTESIAN_POINT('',(-0.0188202549716904,-0.0026,-0.0051));
#2898=CARTESIAN_POINT('',(-0.0188209291262044,-0.0026,-0.00506661607951799));
#2899=CARTESIAN_POINT('',(-0.0188212645696297,-0.0026,-0.00503328290938674));
#2900=CARTESIAN_POINT('',(-0.0188212645696297,-0.0026,-0.005));
#2901=CARTESIAN_POINT('',(-0.0188202549716904,-0.0026,-0.0051));
#2902=CARTESIAN_POINT('',(0.,1.16341445918999E-18,-0.0051));
#2903=CARTESIAN_POINT('',(-0.0188202549716904,0.0026,-0.0051));
#2904=CARTESIAN_POINT('',(-0.0188212645696297,0.0026,-0.005));
#2905=CARTESIAN_POINT('',(-0.0188212645696297,0.0026,-0.00503339073416608));
#2906=CARTESIAN_POINT('',(-0.018820926949243,0.0026,-0.00506672388196853));
#2907=CARTESIAN_POINT('',(-0.0188202549716905,0.0026,-0.0051));
#2908=CARTESIAN_POINT('',(-0.0151464075452272,0.0114694522830571,-0.0051));
#2909=CARTESIAN_POINT('',(-0.0151468842444556,0.0114699289822856,-0.00506661607951799));
#2910=CARTESIAN_POINT('',(-0.0151471214387763,0.0114701661766063,-0.00503328290938674));
#2911=CARTESIAN_POINT('',(-0.0151471214387763,0.0114701661766063,-0.005));
#2912=CARTESIAN_POINT('',(-0.0151464075452272,0.0114694522830571,-0.0051));
#2913=CARTESIAN_POINT('',(0.,1.16341445918999E-18,-0.0051));
#2914=CARTESIAN_POINT('',(-0.0114694522830571,0.0151464075452272,-0.0051));
#2915=CARTESIAN_POINT('',(-0.0114701661766063,0.0151471214387763,-0.005));
#2916=CARTESIAN_POINT('',(-0.0114701661766063,0.0151471214387763,-0.00503339073416608));
#2917=CARTESIAN_POINT('',(-0.0114699274429413,0.0151468827051114,-0.00506672388196852));
#2918=CARTESIAN_POINT('',(-0.0114694522830571,0.0151464075452272,-0.0051));
#2919=CARTESIAN_POINT('',(-0.0026,0.0188202549716904,-0.0051));
#2920=CARTESIAN_POINT('',(-0.0026,0.0188209291262044,-0.00506661607951799));
#2921=CARTESIAN_POINT('',(-0.0026,0.0188212645696297,-0.00503328290938674));
#2922=CARTESIAN_POINT('',(-0.0026,0.0188212645696297,-0.005));
#2923=CARTESIAN_POINT('',(-0.0026,0.0188202549716904,-0.0051));
#2924=CARTESIAN_POINT('',(0.,1.16341445918999E-18,-0.0051));
#2925=CARTESIAN_POINT('',(0.0026,0.0188202549716904,-0.0051));
#2926=CARTESIAN_POINT('',(0.0026,0.0188212645696297,-0.005));
#2927=CARTESIAN_POINT('',(0.0026,0.0188212645696297,-0.00503339073416608));
#2928=CARTESIAN_POINT('',(0.0026,0.018820926949243,-0.00506672388196853));
#2929=CARTESIAN_POINT('',(0.0026,0.0188202549716905,-0.0051));
#2930=CARTESIAN_POINT('',(0.0114694522830571,0.0151464075452272,-0.0051));
#2931=CARTESIAN_POINT('',(0.0114699289822856,0.0151468842444556,-0.00506661607951799));
#2932=CARTESIAN_POINT('',(0.0114701661766063,0.0151471214387763,-0.00503328290938674));
#2933=CARTESIAN_POINT('',(0.0114701661766063,0.0151471214387763,-0.005));
#2934=CARTESIAN_POINT('',(0.0114694522830571,0.0151464075452272,-0.0051));
#2935=CARTESIAN_POINT('',(0.,1.16341445918999E-18,-0.0051));
#2936=CARTESIAN_POINT('',(0.0151464075452272,0.0114694522830571,-0.0051));
#2937=CARTESIAN_POINT('',(0.0151471214387763,0.0114701661766063,-0.005));
#2938=CARTESIAN_POINT('',(0.0151471214387763,0.0114701661766063,-0.00503339073416608));
#2939=CARTESIAN_POINT('',(0.0151468827051114,0.0114699274429413,-0.00506672388196852));
#2940=CARTESIAN_POINT('',(0.0151464075452272,0.0114694522830571,-0.0051));
#2941=CARTESIAN_POINT('',(0.0188202549716904,0.0026,-0.0051));
#2942=CARTESIAN_POINT('',(0.0188209291262044,0.0026,-0.00506661607951799));
#2943=CARTESIAN_POINT('',(0.0188212645696297,0.0026,-0.00503328290938674));
#2944=CARTESIAN_POINT('',(0.0188212645696297,0.0026,-0.005));
#2945=CARTESIAN_POINT('',(0.0188202549716904,0.0026,-0.0051));
#2946=CARTESIAN_POINT('',(0.,1.16341445918999E-18,-0.0051));
#2947=CARTESIAN_POINT('',(0.0188202549716904,-0.0026,-0.0051));
#2948=CARTESIAN_POINT('',(0.0188212645696297,-0.0026,-0.005));
#2949=CARTESIAN_POINT('',(0.0188212645696297,-0.0026,-0.00503339073416608));
#2950=CARTESIAN_POINT('',(0.018820926949243,-0.0026,-0.00506672388196853));
#2951=CARTESIAN_POINT('',(0.0188202549716905,-0.0026,-0.0051));
#2952=CARTESIAN_POINT('',(0.0151464075452272,-0.0114694522830571,-0.0051));
#2953=CARTESIAN_POINT('',(0.0151468842444556,-0.0114699289822856,-0.00506661607951799));
#2954=CARTESIAN_POINT('',(0.0151471214387763,-0.0114701661766063,-0.00503328290938674));
#2955=CARTESIAN_POINT('',(0.0151471214387763,-0.0114701661766063,-0.005));
#2956=CARTESIAN_POINT('',(0.0151464075452272,-0.0114694522830571,-0.0051));
#2957=CARTESIAN_POINT('',(0.,1.16341445918999E-18,-0.0051));
#2958=CARTESIAN_POINT('',(0.0114694522830571,-0.0151464075452272,-0.0051));
#2959=CARTESIAN_POINT('',(0.0114701661766063,-0.0151471214387763,-0.005));
#2960=CARTESIAN_POINT('',(0.0114701661766063,-0.0151471214387763,-0.00503339073416608));
#2961=CARTESIAN_POINT('',(0.0114699274429413,-0.0151468827051114,-0.00506672388196852));
#2962=CARTESIAN_POINT('',(0.0114694522830571,-0.0151464075452272,-0.0051));
#2963=CARTESIAN_POINT('',(0.0026,-0.0188202549716904,-0.0051));
#2964=CARTESIAN_POINT('',(0.0026,-0.0188209291262044,-0.00506661607951799));
#2965=CARTESIAN_POINT('',(0.0026,-0.0188212645696297,-0.00503328290938674));
#2966=CARTESIAN_POINT('',(0.0026,-0.0188212645696297,-0.005));
#2967=CARTESIAN_POINT('',(0.0026,-0.0188202549716904,-0.0051));
#2968=CARTESIAN_POINT('',(0.,1.16341445918999E-18,-0.0051));
#2969=CARTESIAN_POINT('',(-0.0026,-0.0188202549716904,-0.0051));
#2970=CARTESIAN_POINT('',(-0.0026,-0.0188212645696297,-0.005));
#2971=CARTESIAN_POINT('',(-0.0026,-0.0188212645696297,-0.00503339073416608));
#2972=CARTESIAN_POINT('',(-0.0026,-0.018820926949243,-0.00506672388196853));
#2973=CARTESIAN_POINT('',(-0.0026,-0.0188202549716905,-0.0051));
#2974=CARTESIAN_POINT('',(0.,1.16341445918999E-18,-0.01));
#2975=CARTESIAN_POINT('',(-0.0026,-0.0188212645696297,-0.01));
#2976=CARTESIAN_POINT('',(-0.0114701661766063,-0.0151471214387763,-0.01));
#2977=CARTESIAN_POINT('',(4.77048955893622E-18,9.54097911787244E-18,-0.01));
#2978=CARTESIAN_POINT('',(0.00174819844749218,-0.0118719754964448,-0.01));
#2979=CARTESIAN_POINT('',(0.00174819844749218,-0.0118719754964448,-0.009));
#2980=CARTESIAN_POINT('',(0.00174819844749218,-0.0118719754964448,0.009));
#2981=CARTESIAN_POINT('',(4.77048955893622E-18,9.54097911787244E-18,-0.009));
#2982=CARTESIAN_POINT('',(-0.00839249436594895,-0.00857706466791029,-0.009));
#2983=CARTESIAN_POINT('',(-0.00839249436594895,-0.00857706466791029,-0.01));
#2984=CARTESIAN_POINT('',(-0.00839249436594895,-0.00857706466791029,0.009));
#2985=CARTESIAN_POINT('',(4.77048955893622E-18,9.54097911787244E-18,0.009));
#2986=CARTESIAN_POINT('',(-0.00589408173251848,-0.00676186163721719,-0.01));
#2987=CARTESIAN_POINT('',(-0.00339566909908801,-0.00494665860652409,-0.009));
#2988=CARTESIAN_POINT('',(-0.00339566909908801,-0.00494665860652409,-0.009));
#2989=CARTESIAN_POINT('',(-0.00339566909908801,-0.00494665860652409,-0.01));
#2990=CARTESIAN_POINT('',(-0.00339566909908801,-0.00494665860652409,0.009));
#2991=CARTESIAN_POINT('',(-0.00589408173251848,-0.00676186163721719,0.009));
#2992=CARTESIAN_POINT('',(-4.4723339615027E-19,8.67361737988404E-19,-0.01));
#2993=CARTESIAN_POINT('',(-4.4723339615027E-19,8.67361737988404E-19,-0.009));
#2994=CARTESIAN_POINT('',(-0.000160418968604432,-0.00599785509615828,-0.009));
#2995=CARTESIAN_POINT('',(-0.000160418968604432,-0.00599785509615828,-0.01));
#2996=CARTESIAN_POINT('',(-0.000160418968604432,-0.00599785509615828,0.009));
#2997=CARTESIAN_POINT('',(-4.4723339615027E-19,8.67361737988404E-19,0.009));
#2998=CARTESIAN_POINT('',(-1.30104260698261E-17,-1.3010426069826E-18,-0.01));
#2999=CARTESIAN_POINT('',(-0.0107506966273752,-0.00533127771046891,-0.01));
#3000=CARTESIAN_POINT('',(-0.0107506966273752,-0.00533127771046891,-0.009));
#3001=CARTESIAN_POINT('',(-0.0107506966273752,-0.00533127771046891,0.009));
#3002=CARTESIAN_POINT('',(-1.30104260698261E-17,-1.3010426069826E-18,-0.009));
#3003=CARTESIAN_POINT('',(-0.0107506966273752,0.00533127771046891,-0.009));
#3004=CARTESIAN_POINT('',(-0.0107506966273752,0.00533127771046891,-0.01));
#3005=CARTESIAN_POINT('',(-0.0107506966273752,0.00533127771046891,0.009));
#3006=CARTESIAN_POINT('',(-1.30104260698261E-17,-1.3010426069826E-18,0.009));
#3007=CARTESIAN_POINT('',(-0.00825228399394477,0.00351607467977581,-0.01));
#3008=CARTESIAN_POINT('',(-0.0057538713605143,0.0017008716490827,-0.009));
#3009=CARTESIAN_POINT('',(-0.0057538713605143,0.0017008716490827,-0.009));
#3010=CARTESIAN_POINT('',(-0.0057538713605143,0.0017008716490827,-0.01));
#3011=CARTESIAN_POINT('',(-0.0057538713605143,0.0017008716490827,0.009));
#3012=CARTESIAN_POINT('',(-0.00825228399394477,0.00351607467977581,0.009));
#3013=CARTESIAN_POINT('',(-1.25767452008318E-17,-1.0842021724855E-19,-0.01));
#3014=CARTESIAN_POINT('',(-1.25767452008318E-17,-1.0842021724855E-19,-0.009));
#3015=CARTESIAN_POINT('',(-0.0057538713605143,-0.0017008716490827,-0.009));
#3016=CARTESIAN_POINT('',(-0.0057538713605143,-0.0017008716490827,-0.01));
#3017=CARTESIAN_POINT('',(-0.0057538713605143,-0.0017008716490827,0.009));
#3018=CARTESIAN_POINT('',(-1.25767452008318E-17,-1.0842021724855E-19,0.009));
#3019=CARTESIAN_POINT('',(-5.74627151417317E-18,6.93889390390723E-18,-0.01));
#3020=CARTESIAN_POINT('',(-0.00839249436594894,0.0085770646679103,-0.01));
#3021=CARTESIAN_POINT('',(-0.00839249436594894,0.0085770646679103,-0.009));
#3022=CARTESIAN_POINT('',(-0.00839249436594894,0.0085770646679103,0.009));
#3023=CARTESIAN_POINT('',(-5.74627151417317E-18,6.93889390390723E-18,-0.009));
#3024=CARTESIAN_POINT('',(0.00174819844749219,0.0118719754964448,-0.009));
#3025=CARTESIAN_POINT('',(0.00174819844749219,0.0118719754964448,-0.01));
#3026=CARTESIAN_POINT('',(0.00174819844749219,0.0118719754964448,0.009));
#3027=CARTESIAN_POINT('',(-5.74627151417317E-18,6.93889390390723E-18,0.009));
#3028=CARTESIAN_POINT('',(0.000793889739443879,0.00893491529630154,-0.01));
#3029=CARTESIAN_POINT('',(-0.000160418968604428,0.00599785509615828,-0.009));
#3030=CARTESIAN_POINT('',(-0.000160418968604429,0.00599785509615828,-0.009));
#3031=CARTESIAN_POINT('',(-0.000160418968604429,0.00599785509615828,-0.01));
#3032=CARTESIAN_POINT('',(-0.000160418968604429,0.00599785509615828,0.009));
#3033=CARTESIAN_POINT('',(0.000793889739443879,0.00893491529630154,0.009));
#3034=CARTESIAN_POINT('',(-2.22261445359529E-18,4.77048955893622E-18,-0.01));
#3035=CARTESIAN_POINT('',(-2.22261445359529E-18,4.77048955893622E-18,-0.009));
#3036=CARTESIAN_POINT('',(-0.00339566909908801,0.00494665860652409,-0.009));
#3037=CARTESIAN_POINT('',(-0.00339566909908801,0.00494665860652409,-0.01));
#3038=CARTESIAN_POINT('',(-0.00339566909908801,0.00494665860652409,0.009));
#3039=CARTESIAN_POINT('',(-2.22261445359529E-18,4.77048955893622E-18,0.009));
#3040=CARTESIAN_POINT('',(-7.80625564189563E-18,-3.25260651745651E-18,-0.01));
#3041=CARTESIAN_POINT('',(0.0055638498588268,0.0106321951989433,-0.01));
#3042=CARTESIAN_POINT('',(0.0055638498588268,0.0106321951989433,-0.009));
#3043=CARTESIAN_POINT('',(0.0055638498588268,0.0106321951989433,0.009));
#3044=CARTESIAN_POINT('',(-7.80625564189563E-18,-3.25260651745651E-18,-0.009));
#3045=CARTESIAN_POINT('',(0.0118311426870052,0.00200600665993989,-0.009));
#3046=CARTESIAN_POINT('',(0.0118311426870052,0.00200600665993989,-0.01));
#3047=CARTESIAN_POINT('',(0.0118311426870052,0.00200600665993989,0.009));
#3048=CARTESIAN_POINT('',(-7.80625564189563E-18,-3.25260651745651E-18,0.009));
#3049=CARTESIAN_POINT('',(0.00874293483624089,0.00200600665993988,-0.01));
#3050=CARTESIAN_POINT('',(0.00565472698547656,0.00200600665993988,-0.009));
#3051=CARTESIAN_POINT('',(0.00565472698547656,0.00200600665993988,-0.009));
#3052=CARTESIAN_POINT('',(0.00565472698547656,0.00200600665993988,-0.01));
#3053=CARTESIAN_POINT('',(0.00565472698547656,0.00200600665993988,0.009));
#3054=CARTESIAN_POINT('',(0.00874293483624089,0.00200600665993988,0.009));
#3055=CARTESIAN_POINT('',(1.32272665043232E-17,7.37257477290143E-18,-0.01));
#3056=CARTESIAN_POINT('',(1.32272665043232E-17,7.37257477290143E-18,-0.009));
#3057=CARTESIAN_POINT('',(0.00365523244273018,0.00475807479865678,-0.009));
#3058=CARTESIAN_POINT('',(0.00365523244273018,0.00475807479865678,-0.01));
#3059=CARTESIAN_POINT('',(0.00365523244273018,0.00475807479865678,0.009));
#3060=CARTESIAN_POINT('',(1.32272665043232E-17,7.37257477290143E-18,0.009));
#3061=CARTESIAN_POINT('',(-1.77809156287623E-17,6.72205346941013E-18,-0.01));
#3062=CARTESIAN_POINT('',(0.0118311426870052,-0.00200600665993988,-0.01));
#3063=CARTESIAN_POINT('',(0.0118311426870052,-0.00200600665993988,-0.009));
#3064=CARTESIAN_POINT('',(0.0118311426870052,-0.00200600665993988,0.009));
#3065=CARTESIAN_POINT('',(-1.77809156287623E-17,6.72205346941013E-18,-0.009));
#3066=CARTESIAN_POINT('',(0.00556384985882679,-0.0106321951989433,-0.009));
#3067=CARTESIAN_POINT('',(0.00556384985882679,-0.0106321951989433,-0.01));
#3068=CARTESIAN_POINT('',(0.00556384985882679,-0.0106321951989433,0.009));
#3069=CARTESIAN_POINT('',(-1.77809156287623E-17,6.72205346941013E-18,0.009));
#3070=CARTESIAN_POINT('',(0.00460954115077848,-0.00769513499880005,-0.01));
#3071=CARTESIAN_POINT('',(0.00365523244273018,-0.00475807479865678,-0.009));
#3072=CARTESIAN_POINT('',(0.00365523244273018,-0.00475807479865678,-0.009));
#3073=CARTESIAN_POINT('',(0.00365523244273018,-0.00475807479865678,-0.01));
#3074=CARTESIAN_POINT('',(0.00365523244273018,-0.00475807479865678,0.009));
#3075=CARTESIAN_POINT('',(0.00460954115077848,-0.00769513499880005,0.009));
#3076=CARTESIAN_POINT('',(-2.16840434497101E-18,4.33680868994202E-19,-0.01));
#3077=CARTESIAN_POINT('',(-2.16840434497101E-18,4.33680868994202E-19,-0.009));
#3078=CARTESIAN_POINT('',(0.00565472698547656,-0.00200600665993988,-0.009));
#3079=CARTESIAN_POINT('',(0.00565472698547656,-0.00200600665993988,-0.01));
#3080=CARTESIAN_POINT('',(0.00565472698547656,-0.00200600665993988,0.009));
#3081=CARTESIAN_POINT('',(-2.16840434497101E-18,4.33680868994202E-19,0.009));
#3082=CARTESIAN_POINT('',(0.000793889739443875,-0.00893491529630155,-0.01));
#3083=CARTESIAN_POINT('',(0.000793889739443875,-0.00893491529630155,-0.009));
#3084=CARTESIAN_POINT('',(-0.000160418968604432,-0.00599785509615828,0.009));
#3085=CARTESIAN_POINT('',(-0.00825228399394477,-0.00351607467977581,-0.01));
#3086=CARTESIAN_POINT('',(-0.00825228399394477,-0.00351607467977581,-0.009));
#3087=CARTESIAN_POINT('',(-0.0057538713605143,-0.0017008716490827,0.009));
#3088=CARTESIAN_POINT('',(-0.00589408173251847,0.0067618616372172,-0.01));
#3089=CARTESIAN_POINT('',(-0.00589408173251847,0.0067618616372172,-0.009));
#3090=CARTESIAN_POINT('',(-0.00339566909908801,0.00494665860652409,0.009));
#3091=CARTESIAN_POINT('',(0.00460954115077849,0.00769513499880004,-0.01));
#3092=CARTESIAN_POINT('',(0.00460954115077849,0.00769513499880004,-0.009));
#3093=CARTESIAN_POINT('',(0.00365523244273018,0.00475807479865678,0.009));
#3094=CARTESIAN_POINT('',(0.00874293483624089,-0.00200600665993988,-0.01));
#3095=CARTESIAN_POINT('',(0.00874293483624089,-0.00200600665993988,-0.009));
#3096=CARTESIAN_POINT('',(0.00565472698547656,-0.00200600665993988,0.009));
#3097=CARTESIAN_POINT('',(0.,1.59204083889156E-19,-0.01));
#3098=CARTESIAN_POINT('',(0.,1.59204083889156E-19,-0.009));
#3099=CARTESIAN_POINT('',(0.0026,1.59204083889156E-19,-0.009));
#3100=CARTESIAN_POINT('',(0.,1.59204083889156E-19,0.009));
#3101=CARTESIAN_POINT('',(0.0026,1.59204083889156E-19,0.009));
#3102=CARTESIAN_POINT('',(0.,0.,-0.01));
#3103=CARTESIAN_POINT('',(0.00461279334253164,-0.0109412121933183,-0.01));
#3104=CARTESIAN_POINT('',(0.00247025703279924,-0.00434716346505464,-0.01));
#3105=CARTESIAN_POINT('',(0.00496194357473983,-0.0120157861149863,-0.01));
#3106=CARTESIAN_POINT('',(-1.77809156287623E-17,6.72205346941013E-18,-0.01));
#3107=CARTESIAN_POINT('',(0.0129610165727907,-0.00100600665993989,-0.01));
#3108=CARTESIAN_POINT('',(-1.4127476633048E-19,-0.00100600665993988,-0.01));
#3109=CARTESIAN_POINT('',(0.00489774954444963,-0.00100600665993989,-0.01));
#3110=CARTESIAN_POINT('',(-2.16840434497101E-18,4.33680868994202E-19,-0.01));
#3111=CARTESIAN_POINT('',(-0.00898027961824142,-0.00776804767353535,-0.01));
#3112=CARTESIAN_POINT('',(-0.00337104673723124,-0.00369270143599542,-0.01));
#3113=CARTESIAN_POINT('',(-0.00989436679334239,-0.00843217088055048,-0.01));
#3114=CARTESIAN_POINT('',(4.77048955893622E-18,9.54097911787244E-18,-0.01));
#3115=CARTESIAN_POINT('',(0.00304840519599553,-0.0126375324237379,-0.01));
#3116=CARTESIAN_POINT('',(-0.00095676918937215,-0.000310873154375803,-0.01));
#3117=CARTESIAN_POINT('',(0.000556718654054943,-0.00496890977380625,-0.01));
#3118=CARTESIAN_POINT('',(-4.4723339615027E-19,8.67361737988404E-19,-0.01));
#3119=CARTESIAN_POINT('',(-0.0101629113750828,0.00614029470484386,-0.01));
#3120=CARTESIAN_POINT('',(-0.00455367849407258,0.00206494846730393,-0.01));
#3121=CARTESIAN_POINT('',(-0.0110769985501837,0.006804417911859,-0.01));
#3122=CARTESIAN_POINT('',(-1.30104260698261E-17,-1.3010426069826E-18,-0.01));
#3123=CARTESIAN_POINT('',(-0.0110769985501837,-0.00680441791185899,-0.01));
#3124=CARTESIAN_POINT('',(-0.000591315878420674,0.000813876484345747,-0.01));
#3125=CARTESIAN_POINT('',(-0.00455367849407258,-0.00206494846730392,-0.01));
#3126=CARTESIAN_POINT('',(-1.25767452008318E-17,-1.0842021724855E-19,-0.01));
#3127=CARTESIAN_POINT('',(0.00269925496378734,0.0115629585020699,-0.01));
#3128=CARTESIAN_POINT('',(0.000556718654054945,0.00496890977380625,-0.01));
#3129=CARTESIAN_POINT('',(0.00304840519599553,0.0126375324237379,-0.01));
#3130=CARTESIAN_POINT('',(-5.74627151417317E-18,6.93889390390723E-18,-0.01));
#3131=CARTESIAN_POINT('',(-0.00989436679334238,0.00843217088055049,-0.01));
#3132=CARTESIAN_POINT('',(0.000591315878420674,0.000813876484345746,-0.01));
#3133=CARTESIAN_POINT('',(-0.00337104673723124,0.00369270143599542,-0.01));
#3134=CARTESIAN_POINT('',(-2.22261445359529E-18,4.77048955893622E-18,-0.01));
#3135=CARTESIAN_POINT('',(0.0118311426870052,0.00100600665993988,-0.01));
#3136=CARTESIAN_POINT('',(0.00489774954444964,0.00100600665993988,-0.01));
#3137=CARTESIAN_POINT('',(0.0129610165727908,0.00100600665993988,-0.01));
#3138=CARTESIAN_POINT('',(-7.80625564189563E-18,-3.25260651745651E-18,-0.01));
#3139=CARTESIAN_POINT('',(0.00496194357473983,0.0120157861149863,-0.01));
#3140=CARTESIAN_POINT('',(0.000956769189372151,-0.000310873154375804,-0.01));
#3141=CARTESIAN_POINT('',(0.00247025703279925,0.00434716346505464,-0.01));
#3142=CARTESIAN_POINT('',(1.32272665043232E-17,7.37257477290143E-18,-0.01));
#3143=CARTESIAN_POINT('',(0.,1.59204083889156E-19,-0.01));
#3144=CARTESIAN_POINT('',(0.0036,1.59204083889156E-19,-0.01));
#3145=CARTESIAN_POINT('',(0.,0.,0.01));
#3146=CARTESIAN_POINT('',(0.0118311426870052,-0.00100600665993989,0.01));
#3147=CARTESIAN_POINT('',(0.00489774954444963,-0.00100600665993989,0.01));
#3148=CARTESIAN_POINT('',(0.0129610165727907,-0.00100600665993989,0.01));
#3149=CARTESIAN_POINT('',(-1.77809156287623E-17,6.72205346941013E-18,0.01));
#3150=CARTESIAN_POINT('',(0.00496194357473983,-0.0120157861149863,0.01));
#3151=CARTESIAN_POINT('',(0.000956769189372151,0.000310873154375803,0.01));
#3152=CARTESIAN_POINT('',(0.00247025703279925,-0.00434716346505464,0.01));
#3153=CARTESIAN_POINT('',(-2.16840434497101E-18,4.33680868994202E-19,0.01));
#3154=CARTESIAN_POINT('',(0.00269925496378733,-0.0115629585020699,0.01));
#3155=CARTESIAN_POINT('',(0.000556718654054942,-0.00496890977380625,0.01));
#3156=CARTESIAN_POINT('',(0.00304840519599553,-0.0126375324237379,0.01));
#3157=CARTESIAN_POINT('',(4.77048955893622E-18,9.54097911787244E-18,0.01));
#3158=CARTESIAN_POINT('',(-0.00989436679334239,-0.00843217088055048,0.01));
#3159=CARTESIAN_POINT('',(0.000591315878420674,-0.000813876484345747,0.01));
#3160=CARTESIAN_POINT('',(-0.00337104673723124,-0.00369270143599542,0.01));
#3161=CARTESIAN_POINT('',(-4.4723339615027E-19,8.67361737988404E-19,0.01));
#3162=CARTESIAN_POINT('',(-0.0101629113750828,-0.00614029470484386,0.01));
#3163=CARTESIAN_POINT('',(-0.00455367849407258,-0.00206494846730392,0.01));
#3164=CARTESIAN_POINT('',(-0.0110769985501837,-0.00680441791185899,0.01));
#3165=CARTESIAN_POINT('',(-1.30104260698261E-17,-1.3010426069826E-18,0.01));
#3166=CARTESIAN_POINT('',(-0.0110769985501837,0.006804417911859,0.01));
#3167=CARTESIAN_POINT('',(-0.000591315878420674,-0.000813876484345746,0.01));
#3168=CARTESIAN_POINT('',(-0.00455367849407258,0.00206494846730393,0.01));
#3169=CARTESIAN_POINT('',(-1.25767452008318E-17,-1.0842021724855E-19,0.01));
#3170=CARTESIAN_POINT('',(-0.00898027961824142,0.00776804767353535,0.01));
#3171=CARTESIAN_POINT('',(-0.00337104673723124,0.00369270143599542,0.01));
#3172=CARTESIAN_POINT('',(-0.00989436679334238,0.00843217088055049,0.01));
#3173=CARTESIAN_POINT('',(-5.74627151417317E-18,6.93889390390723E-18,0.01));
#3174=CARTESIAN_POINT('',(0.00304840519599553,0.0126375324237379,0.01));
#3175=CARTESIAN_POINT('',(-0.000956769189372149,0.000310873154375803,0.01));
#3176=CARTESIAN_POINT('',(0.000556718654054945,0.00496890977380625,0.01));
#3177=CARTESIAN_POINT('',(-2.22261445359529E-18,4.77048955893622E-18,0.01));
#3178=CARTESIAN_POINT('',(0.00461279334253164,0.0109412121933182,0.01));
#3179=CARTESIAN_POINT('',(0.00247025703279925,0.00434716346505464,0.01));
#3180=CARTESIAN_POINT('',(0.00496194357473983,0.0120157861149863,0.01));
#3181=CARTESIAN_POINT('',(-7.80625564189563E-18,-3.25260651745651E-18,0.01));
#3182=CARTESIAN_POINT('',(0.0129610165727908,0.00100600665993988,0.01));
#3183=CARTESIAN_POINT('',(1.4127476633048E-19,0.00100600665993988,0.01));
#3184=CARTESIAN_POINT('',(0.00489774954444964,0.00100600665993988,0.01));
#3185=CARTESIAN_POINT('',(1.32272665043232E-17,7.37257477290143E-18,0.01));
#3186=CARTESIAN_POINT('',(0.,1.59204083889156E-19,0.01));
#3187=CARTESIAN_POINT('',(0.0036,1.59204083889156E-19,0.01));
#3188=CARTESIAN_POINT('',(-0.011879393923934,-0.011879393923934,0.0051));
#3189=CARTESIAN_POINT('',(-0.010040916292849,-0.013717871555019,0.0051));
#3190=CARTESIAN_POINT('',(-0.010040916292849,-0.013717871555019,0.0051));
#3191=CARTESIAN_POINT('',(-0.013717871555019,-0.010040916292849,0.0051));
#3192=CARTESIAN_POINT('',(-0.013717871555019,-0.010040916292849,0.0051));
#3193=CARTESIAN_POINT('',(-0.011879393923934,-0.011879393923934,0.0051));
#3194=CARTESIAN_POINT('',(-0.013717871555019,-0.010040916292849,0.));
#3195=CARTESIAN_POINT('',(-0.013717871555019,-0.010040916292849,-0.0051));
#3196=CARTESIAN_POINT('',(-0.013717871555019,-0.010040916292849,-0.0051));
#3197=CARTESIAN_POINT('',(-0.013717871555019,-0.010040916292849,0.));
#3198=CARTESIAN_POINT('',(-0.011879393923934,-0.011879393923934,-0.0051));
#3199=CARTESIAN_POINT('',(-0.010040916292849,-0.013717871555019,-0.0051));
#3200=CARTESIAN_POINT('',(-0.010040916292849,-0.013717871555019,-0.0051));
#3201=CARTESIAN_POINT('',(-0.011879393923934,-0.011879393923934,-0.0051));
#3202=CARTESIAN_POINT('',(-0.010040916292849,-0.013717871555019,-8.67361737988404E-19));
#3203=CARTESIAN_POINT('',(-0.010040916292849,-0.013717871555019,-8.67361737988404E-19));
#3204=CARTESIAN_POINT('',(-0.011879393923934,-0.011879393923934,0.));
#3205=CARTESIAN_POINT('',(-0.0168,-1.3010426069826E-18,0.0051));
#3206=CARTESIAN_POINT('',(-0.0168,-0.0026,0.0051));
#3207=CARTESIAN_POINT('',(-0.0168,-0.0026,0.0051));
#3208=CARTESIAN_POINT('',(-0.0168,0.0026,0.0051));
#3209=CARTESIAN_POINT('',(-0.0168,0.0026,0.0051));
#3210=CARTESIAN_POINT('',(-0.0168,-1.3010426069826E-18,0.0051));
#3211=CARTESIAN_POINT('',(-0.0168,0.0026,0.));
#3212=CARTESIAN_POINT('',(-0.0168,0.0026,-0.0051));
#3213=CARTESIAN_POINT('',(-0.0168,0.0026,-0.0051));
#3214=CARTESIAN_POINT('',(-0.0168,0.0026,0.));
#3215=CARTESIAN_POINT('',(-0.0168,8.67361737988404E-19,-0.0051));
#3216=CARTESIAN_POINT('',(-0.0168,-0.0026,-0.0051));
#3217=CARTESIAN_POINT('',(-0.0168,-0.0026,-0.0051));
#3218=CARTESIAN_POINT('',(-0.0168,8.67361737988404E-19,-0.0051));
#3219=CARTESIAN_POINT('',(-0.0168,-0.0026,-8.67361737988404E-19));
#3220=CARTESIAN_POINT('',(-0.0168,-0.0026,-8.67361737988404E-19));
#3221=CARTESIAN_POINT('',(-0.0168,0.,0.));
#3222=CARTESIAN_POINT('',(-0.011879393923934,0.011879393923934,0.0051));
#3223=CARTESIAN_POINT('',(-0.013717871555019,0.010040916292849,0.0051));
#3224=CARTESIAN_POINT('',(-0.013717871555019,0.010040916292849,0.0051));
#3225=CARTESIAN_POINT('',(-0.010040916292849,0.013717871555019,0.0051));
#3226=CARTESIAN_POINT('',(-0.010040916292849,0.013717871555019,0.0051));
#3227=CARTESIAN_POINT('',(-0.011879393923934,0.011879393923934,0.0051));
#3228=CARTESIAN_POINT('',(-0.010040916292849,0.013717871555019,0.));
#3229=CARTESIAN_POINT('',(-0.010040916292849,0.013717871555019,-0.0051));
#3230=CARTESIAN_POINT('',(-0.010040916292849,0.013717871555019,-0.0051));
#3231=CARTESIAN_POINT('',(-0.010040916292849,0.013717871555019,0.));
#3232=CARTESIAN_POINT('',(-0.011879393923934,0.011879393923934,-0.0051));
#3233=CARTESIAN_POINT('',(-0.013717871555019,0.010040916292849,-0.0051));
#3234=CARTESIAN_POINT('',(-0.013717871555019,0.010040916292849,-0.0051));
#3235=CARTESIAN_POINT('',(-0.011879393923934,0.011879393923934,-0.0051));
#3236=CARTESIAN_POINT('',(-0.013717871555019,0.010040916292849,-8.67361737988404E-19));
#3237=CARTESIAN_POINT('',(-0.013717871555019,0.010040916292849,-8.67361737988404E-19));
#3238=CARTESIAN_POINT('',(-0.011879393923934,0.011879393923934,0.));
#3239=CARTESIAN_POINT('',(-5.03139196972313E-18,0.0168,0.0051));
#3240=CARTESIAN_POINT('',(-0.0026,0.0168,0.0051));
#3241=CARTESIAN_POINT('',(-0.0026,0.0168,0.0051));
#3242=CARTESIAN_POINT('',(0.0026,0.0168,0.0051));
#3243=CARTESIAN_POINT('',(0.0026,0.0168,0.0051));
#3244=CARTESIAN_POINT('',(-5.03139196972313E-18,0.0168,0.0051));
#3245=CARTESIAN_POINT('',(0.0026,0.0168,0.));
#3246=CARTESIAN_POINT('',(0.0026,0.0168,-0.0051));
#3247=CARTESIAN_POINT('',(0.0026,0.0168,-0.0051));
#3248=CARTESIAN_POINT('',(0.0026,0.0168,0.));
#3249=CARTESIAN_POINT('',(-2.86298762475212E-18,0.0168,-0.0051));
#3250=CARTESIAN_POINT('',(-0.0026,0.0168,-0.0051));
#3251=CARTESIAN_POINT('',(-0.0026,0.0168,-0.0051));
#3252=CARTESIAN_POINT('',(-2.86298762475212E-18,0.0168,-0.0051));
#3253=CARTESIAN_POINT('',(-0.0026,0.0168,-8.67361737988404E-19));
#3254=CARTESIAN_POINT('',(-0.0026,0.0168,-8.67361737988404E-19));
#3255=CARTESIAN_POINT('',(-3.73034936274052E-18,0.0168,0.));
#3256=CARTESIAN_POINT('',(0.011879393923934,0.011879393923934,0.0051));
#3257=CARTESIAN_POINT('',(0.010040916292849,0.013717871555019,0.0051));
#3258=CARTESIAN_POINT('',(0.010040916292849,0.013717871555019,0.0051));
#3259=CARTESIAN_POINT('',(0.013717871555019,0.010040916292849,0.0051));
#3260=CARTESIAN_POINT('',(0.013717871555019,0.010040916292849,0.0051));
#3261=CARTESIAN_POINT('',(0.011879393923934,0.011879393923934,0.0051));
#3262=CARTESIAN_POINT('',(0.013717871555019,0.010040916292849,0.));
#3263=CARTESIAN_POINT('',(0.013717871555019,0.010040916292849,-0.0051));
#3264=CARTESIAN_POINT('',(0.013717871555019,0.010040916292849,-0.0051));
#3265=CARTESIAN_POINT('',(0.013717871555019,0.010040916292849,0.));
#3266=CARTESIAN_POINT('',(0.011879393923934,0.011879393923934,-0.0051));
#3267=CARTESIAN_POINT('',(0.010040916292849,0.013717871555019,-0.0051));
#3268=CARTESIAN_POINT('',(0.010040916292849,0.013717871555019,-0.0051));
#3269=CARTESIAN_POINT('',(0.011879393923934,0.011879393923934,-0.0051));
#3270=CARTESIAN_POINT('',(0.010040916292849,0.013717871555019,-8.67361737988404E-19));
#3271=CARTESIAN_POINT('',(0.010040916292849,0.013717871555019,-8.67361737988404E-19));
#3272=CARTESIAN_POINT('',(0.011879393923934,0.011879393923934,0.));
#3273=CARTESIAN_POINT('',(0.0168,5.03139196972313E-18,0.0051));
#3274=CARTESIAN_POINT('',(0.0168,0.0026,0.0051));
#3275=CARTESIAN_POINT('',(0.0168,0.0026,0.0051));
#3276=CARTESIAN_POINT('',(0.0168,-0.0026,0.0051));
#3277=CARTESIAN_POINT('',(0.0168,-0.0026,0.0051));
#3278=CARTESIAN_POINT('',(0.0168,5.03139196972313E-18,0.0051));
#3279=CARTESIAN_POINT('',(0.0168,-0.0026,0.));
#3280=CARTESIAN_POINT('',(0.0168,-0.0026,-0.0051));
#3281=CARTESIAN_POINT('',(0.0168,-0.0026,-0.0051));
#3282=CARTESIAN_POINT('',(0.0168,-0.0026,0.));
#3283=CARTESIAN_POINT('',(0.0168,2.86298762475212E-18,-0.0051));
#3284=CARTESIAN_POINT('',(0.0168,0.0026,-0.0051));
#3285=CARTESIAN_POINT('',(0.0168,0.0026,-0.0051));
#3286=CARTESIAN_POINT('',(0.0168,2.86298762475212E-18,-0.0051));
#3287=CARTESIAN_POINT('',(0.0168,0.0026,-8.67361737988404E-19));
#3288=CARTESIAN_POINT('',(0.0168,0.0026,-8.67361737988404E-19));
#3289=CARTESIAN_POINT('',(0.0168,3.73034936274052E-18,0.));
#3290=CARTESIAN_POINT('',(0.011879393923934,-0.011879393923934,0.0051));
#3291=CARTESIAN_POINT('',(0.013717871555019,-0.010040916292849,0.0051));
#3292=CARTESIAN_POINT('',(0.013717871555019,-0.010040916292849,0.0051));
#3293=CARTESIAN_POINT('',(0.010040916292849,-0.013717871555019,0.0051));
#3294=CARTESIAN_POINT('',(0.010040916292849,-0.013717871555019,0.0051));
#3295=CARTESIAN_POINT('',(0.011879393923934,-0.011879393923934,0.0051));
#3296=CARTESIAN_POINT('',(0.010040916292849,-0.013717871555019,0.));
#3297=CARTESIAN_POINT('',(0.010040916292849,-0.013717871555019,-0.0051));
#3298=CARTESIAN_POINT('',(0.010040916292849,-0.013717871555019,-0.0051));
#3299=CARTESIAN_POINT('',(0.010040916292849,-0.013717871555019,0.));
#3300=CARTESIAN_POINT('',(0.011879393923934,-0.011879393923934,-0.0051));
#3301=CARTESIAN_POINT('',(0.013717871555019,-0.010040916292849,-0.0051));
#3302=CARTESIAN_POINT('',(0.013717871555019,-0.010040916292849,-0.0051));
#3303=CARTESIAN_POINT('',(0.011879393923934,-0.011879393923934,-0.0051));
#3304=CARTESIAN_POINT('',(0.013717871555019,-0.010040916292849,-8.67361737988404E-19));
#3305=CARTESIAN_POINT('',(0.013717871555019,-0.010040916292849,-8.67361737988404E-19));
#3306=CARTESIAN_POINT('',(0.011879393923934,-0.011879393923934,0.));
#3307=CARTESIAN_POINT('',(1.3010426069826E-18,-0.0168,0.0051));
#3308=CARTESIAN_POINT('',(0.0026,-0.0168,0.0051));
#3309=CARTESIAN_POINT('',(0.0026,-0.0168,0.0051));
#3310=CARTESIAN_POINT('',(-0.0026,-0.0168,0.0051));
#3311=CARTESIAN_POINT('',(-0.0026,-0.0168,0.0051));
#3312=CARTESIAN_POINT('',(1.3010426069826E-18,-0.0168,0.0051));
#3313=CARTESIAN_POINT('',(-0.0026,-0.0168,0.));
#3314=CARTESIAN_POINT('',(-0.0026,-0.0168,-0.0051));
#3315=CARTESIAN_POINT('',(-0.0026,-0.0168,-0.0051));
#3316=CARTESIAN_POINT('',(-0.0026,-0.0168,0.));
#3317=CARTESIAN_POINT('',(-8.67361737988404E-19,-0.0168,-0.0051));
#3318=CARTESIAN_POINT('',(0.0026,-0.0168,-0.0051));
#3319=CARTESIAN_POINT('',(0.0026,-0.0168,-0.0051));
#3320=CARTESIAN_POINT('',(-8.67361737988404E-19,-0.0168,-0.0051));
#3321=CARTESIAN_POINT('',(0.0026,-0.0168,-8.67361737988404E-19));
#3322=CARTESIAN_POINT('',(0.0026,-0.0168,-8.67361737988404E-19));
#3323=CARTESIAN_POINT('',(0.,-0.0168,0.));
#3324=CARTESIAN_POINT('',(-2.16840434497101E-18,4.33680868994202E-19,-0.009));
#3325=CARTESIAN_POINT('',(0.00489774954444963,-0.00100600665993989,-0.01));
#3326=CARTESIAN_POINT('',(0.00516497566281159,-0.00133370039601723,-0.00967230626392265));
#3327=CARTESIAN_POINT('',(0.00541572757867684,-0.00166762943191904,-0.00933837722802084));
#3328=CARTESIAN_POINT('',(0.00565472698547656,-0.00200600665993988,-0.009));
#3329=CARTESIAN_POINT('',(0.00247025703279924,-0.00434716346505464,-0.01));
#3330=CARTESIAN_POINT('',(0.0028644897077594,-0.00450004767284893,-0.00967230626392265));
#3331=CARTESIAN_POINT('',(0.00325956169670842,-0.00463533716939716,-0.00933837722802084));
#3332=CARTESIAN_POINT('',(0.00365523244273018,-0.00475807479865678,-0.009));
#3333=CARTESIAN_POINT('',(0.00460954115077848,-0.00769513499880005,-0.009));
#3334=CARTESIAN_POINT('',(0.00556384985882679,-0.0106321951989433,-0.009));
#3335=CARTESIAN_POINT('',(0.00537233469767579,-0.0111017599891061,-0.0093272452421024));
#3336=CARTESIAN_POINT('',(0.00517120559403083,-0.0115625040151887,-0.00966090812085679));
#3337=CARTESIAN_POINT('',(0.00496194357473983,-0.0120157861149863,-0.01));
#3338=CARTESIAN_POINT('',(-1.4127476633048E-19,-0.00100600665993988,-0.01));
#3339=CARTESIAN_POINT('',(0.0129610165727907,-0.00100600665993989,-0.01));
#3340=CARTESIAN_POINT('',(0.0125945851982964,-0.00134509853908309,-0.0096609081208568));
#3341=CARTESIAN_POINT('',(0.0122185439010362,-0.00167876141783751,-0.0093272452421024));
#3342=CARTESIAN_POINT('',(0.0118311426870052,-0.0020060066599399,-0.009));
#3343=CARTESIAN_POINT('',(-1.77809156287623E-17,6.72205346941013E-18,-0.01));
#3344=CARTESIAN_POINT('',(-2.16840434497101E-18,4.33680868994202E-19,0.01));
#3345=CARTESIAN_POINT('',(0.00565472698547656,-0.00200600665993988,0.009));
#3346=CARTESIAN_POINT('',(0.00541572757867684,-0.00166762943191904,0.00933837722802084));
#3347=CARTESIAN_POINT('',(0.00516497566281159,-0.00133370039601723,0.00967230626392265));
#3348=CARTESIAN_POINT('',(0.00489774954444963,-0.00100600665993989,0.01));
#3349=CARTESIAN_POINT('',(0.00365523244273018,-0.00475807479865678,0.009));
#3350=CARTESIAN_POINT('',(0.00325956169670842,-0.00463533716939716,0.00933837722802084));
#3351=CARTESIAN_POINT('',(0.00286448970775941,-0.00450004767284893,0.00967230626392265));
#3352=CARTESIAN_POINT('',(0.00247025703279925,-0.00434716346505465,0.01));
#3353=CARTESIAN_POINT('',(0.000956769189372151,0.000310873154375803,0.01));
#3354=CARTESIAN_POINT('',(0.00496194357473983,-0.0120157861149863,0.01));
#3355=CARTESIAN_POINT('',(0.00517120559403083,-0.0115625040151887,0.00966090812085679));
#3356=CARTESIAN_POINT('',(0.00537233469767582,-0.0111017599891062,0.0093272452421024));
#3357=CARTESIAN_POINT('',(0.00556384985882682,-0.0106321951989433,0.009));
#3358=CARTESIAN_POINT('',(0.00874293483624089,-0.00200600665993988,0.009));
#3359=CARTESIAN_POINT('',(0.0118311426870052,-0.00200600665993988,0.009));
#3360=CARTESIAN_POINT('',(0.0122185439010362,-0.00167876141783748,0.0093272452421024));
#3361=CARTESIAN_POINT('',(0.0125945851982964,-0.00134509853908309,0.00966090812085679));
#3362=CARTESIAN_POINT('',(0.0129610165727907,-0.00100600665993989,0.01));
#3363=CARTESIAN_POINT('',(-1.77809156287623E-17,6.72205346941013E-18,0.009));
#3364=CARTESIAN_POINT('',(-4.4723339615027E-19,8.67361737988404E-19,-0.009));
#3365=CARTESIAN_POINT('',(0.000556718654054943,-0.00496890977380625,-0.01));
#3366=CARTESIAN_POINT('',(0.000327640802924175,-0.00532431984839677,-0.00967230626392265));
#3367=CARTESIAN_POINT('',(8.75420207240376E-5,-0.00566598883896281,-0.00933837722802084));
#3368=CARTESIAN_POINT('',(-0.000160418968604432,-0.00599785509615828,-0.009));
#3369=CARTESIAN_POINT('',(-0.00337104673723124,-0.00369270143599542,-0.01));
#3370=CARTESIAN_POINT('',(-0.00339462366299203,-0.00411488280883274,-0.00967230626392265));
#3371=CARTESIAN_POINT('',(-0.00340120766168377,-0.00453242535192222,-0.00933837722802084));
#3372=CARTESIAN_POINT('',(-0.00339566909908801,-0.00494665860652409,-0.009));
#3373=CARTESIAN_POINT('',(-0.00589408173251848,-0.00676186163721719,-0.009));
#3374=CARTESIAN_POINT('',(-0.00839249436594895,-0.00857706466791029,-0.009));
#3375=CARTESIAN_POINT('',(-0.00889825845893219,-0.00854002642604873,-0.0093272452421024));
#3376=CARTESIAN_POINT('',(-0.0093986043783718,-0.00849111901552685,-0.00966090812085679));
#3377=CARTESIAN_POINT('',(-0.00989436679334239,-0.00843217088055048,-0.01));
#3378=CARTESIAN_POINT('',(-0.00095676918937215,-0.000310873154375803,-0.01));
#3379=CARTESIAN_POINT('',(0.00304840519599553,-0.0126375324237379,-0.01));
#3380=CARTESIAN_POINT('',(0.0026126761327227,-0.0123938206305599,-0.00966090812085679));
#3381=CARTESIAN_POINT('',(0.00217914072619731,-0.0121392916043317,-0.0093272452421024));
#3382=CARTESIAN_POINT('',(0.00174819844749217,-0.0118719754964448,-0.009));
#3383=CARTESIAN_POINT('',(4.77048955893622E-18,9.54097911787244E-18,-0.01));
#3384=CARTESIAN_POINT('',(-4.4723339615027E-19,8.67361737988404E-19,0.01));
#3385=CARTESIAN_POINT('',(-0.000160418968604432,-0.00599785509615828,0.009));
#3386=CARTESIAN_POINT('',(8.75420207240382E-5,-0.00566598883896281,0.00933837722802084));
#3387=CARTESIAN_POINT('',(0.000327640802924175,-0.00532431984839677,0.00967230626392265));
#3388=CARTESIAN_POINT('',(0.000556718654054943,-0.00496890977380625,0.01));
#3389=CARTESIAN_POINT('',(-0.00339566909908801,-0.00494665860652409,0.009));
#3390=CARTESIAN_POINT('',(-0.00340120766168377,-0.00453242535192222,0.00933837722802084));
#3391=CARTESIAN_POINT('',(-0.00339462366299203,-0.00411488280883274,0.00967230626392265));
#3392=CARTESIAN_POINT('',(-0.00337104673723124,-0.00369270143599542,0.01));
#3393=CARTESIAN_POINT('',(0.000591315878420674,-0.000813876484345747,0.01));
#3394=CARTESIAN_POINT('',(-0.00989436679334239,-0.00843217088055049,0.01));
#3395=CARTESIAN_POINT('',(-0.0093986043783718,-0.00849111901552686,0.00966090812085679));
#3396=CARTESIAN_POINT('',(-0.00889825845893221,-0.00854002642604877,0.0093272452421024));
#3397=CARTESIAN_POINT('',(-0.00839249436594897,-0.00857706466791033,0.009));
#3398=CARTESIAN_POINT('',(0.000793889739443875,-0.00893491529630155,0.009));
#3399=CARTESIAN_POINT('',(0.00174819844749218,-0.0118719754964448,0.009));
#3400=CARTESIAN_POINT('',(0.00217914072619732,-0.0121392916043317,0.0093272452421024));
#3401=CARTESIAN_POINT('',(0.0026126761327227,-0.0123938206305599,0.00966090812085679));
#3402=CARTESIAN_POINT('',(0.00304840519599553,-0.0126375324237379,0.01));
#3403=CARTESIAN_POINT('',(4.77048955893622E-18,9.54097911787244E-18,0.009));
#3404=CARTESIAN_POINT('',(-1.25767452008318E-17,-1.0842021724855E-19,-0.009));
#3405=CARTESIAN_POINT('',(-0.00455367849407258,-0.00206494846730392,-0.01));
#3406=CARTESIAN_POINT('',(-0.00496248251050315,-0.00195691023726766,-0.00967230626392265));
#3407=CARTESIAN_POINT('',(-0.00536162363442554,-0.00183414425043753,-0.00933837722802084));
#3408=CARTESIAN_POINT('',(-0.0057538713605143,-0.0017008716490827,-0.009));
#3409=CARTESIAN_POINT('',(-0.00455367849407258,0.00206494846730393,-0.01));
#3410=CARTESIAN_POINT('',(-0.00496248251050315,0.00195691023726766,-0.00967230626392265));
#3411=CARTESIAN_POINT('',(-0.00536162363442554,0.00183414425043753,-0.00933837722802084));
#3412=CARTESIAN_POINT('',(-0.0057538713605143,0.0017008716490827,-0.009));
#3413=CARTESIAN_POINT('',(-0.00825228399394477,0.00351607467977581,-0.009));
#3414=CARTESIAN_POINT('',(-0.0107506966273752,0.00533127771046891,-0.009));
#3415=CARTESIAN_POINT('',(-0.0108717608659771,0.00582373339298572,-0.0093272452421024));
#3416=CARTESIAN_POINT('',(-0.0109798625466782,0.00631470386107259,-0.00966090812085679));
#3417=CARTESIAN_POINT('',(-0.0110769985501837,0.006804417911859,-0.01));
#3418=CARTESIAN_POINT('',(-0.000591315878420674,0.000813876484345747,-0.01));
#3419=CARTESIAN_POINT('',(-0.0110769985501837,-0.00680441791185899,-0.01));
#3420=CARTESIAN_POINT('',(-0.0109798625466782,-0.00631470386107258,-0.00966090812085679));
#3421=CARTESIAN_POINT('',(-0.0108717608659772,-0.00582373339298572,-0.0093272452421024));
#3422=CARTESIAN_POINT('',(-0.0107506966273753,-0.00533127771046891,-0.009));
#3423=CARTESIAN_POINT('',(-1.30104260698261E-17,-1.3010426069826E-18,-0.01));
#3424=CARTESIAN_POINT('',(-1.25767452008318E-17,-1.0842021724855E-19,0.01));
#3425=CARTESIAN_POINT('',(-0.0057538713605143,-0.0017008716490827,0.009));
#3426=CARTESIAN_POINT('',(-0.00536162363442554,-0.00183414425043753,0.00933837722802084));
#3427=CARTESIAN_POINT('',(-0.00496248251050315,-0.00195691023726766,0.00967230626392265));
#3428=CARTESIAN_POINT('',(-0.00455367849407258,-0.00206494846730392,0.01));
#3429=CARTESIAN_POINT('',(-0.0057538713605143,0.0017008716490827,0.009));
#3430=CARTESIAN_POINT('',(-0.00536162363442554,0.00183414425043753,0.00933837722802084));
#3431=CARTESIAN_POINT('',(-0.00496248251050315,0.00195691023726766,0.00967230626392265));
#3432=CARTESIAN_POINT('',(-0.00455367849407258,0.00206494846730392,0.01));
#3433=CARTESIAN_POINT('',(-0.000591315878420674,-0.000813876484345746,0.01));
#3434=CARTESIAN_POINT('',(-0.0110769985501837,0.006804417911859,0.01));
#3435=CARTESIAN_POINT('',(-0.0109798625466782,0.00631470386107259,0.0096609081208568));
#3436=CARTESIAN_POINT('',(-0.0108717608659772,0.00582373339298573,0.0093272452421024));
#3437=CARTESIAN_POINT('',(-0.0107506966273753,0.00533127771046892,0.009));
#3438=CARTESIAN_POINT('',(-0.00825228399394477,-0.00351607467977581,0.009));
#3439=CARTESIAN_POINT('',(-0.0107506966273752,-0.00533127771046891,0.009));
#3440=CARTESIAN_POINT('',(-0.0108717608659771,-0.00582373339298572,0.0093272452421024));
#3441=CARTESIAN_POINT('',(-0.0109798625466782,-0.00631470386107258,0.00966090812085679));
#3442=CARTESIAN_POINT('',(-0.0110769985501837,-0.00680441791185899,0.01));
#3443=CARTESIAN_POINT('',(-1.30104260698261E-17,-1.3010426069826E-18,0.009));
#3444=CARTESIAN_POINT('',(-2.22261445359529E-18,4.77048955893622E-18,-0.009));
#3445=CARTESIAN_POINT('',(-0.00337104673723124,0.00369270143599542,-0.01));
#3446=CARTESIAN_POINT('',(-0.00339462366299203,0.00411488280883274,-0.00967230626392265));
#3447=CARTESIAN_POINT('',(-0.00340120766168376,0.00453242535192222,-0.00933837722802084));
#3448=CARTESIAN_POINT('',(-0.00339566909908801,0.00494665860652409,-0.009));
#3449=CARTESIAN_POINT('',(0.000556718654054945,0.00496890977380625,-0.01));
#3450=CARTESIAN_POINT('',(0.000327640802924177,0.00532431984839677,-0.00967230626392265));
#3451=CARTESIAN_POINT('',(8.75420207240412E-5,0.00566598883896281,-0.00933837722802084));
#3452=CARTESIAN_POINT('',(-0.000160418968604429,0.00599785509615828,-0.009));
#3453=CARTESIAN_POINT('',(0.000793889739443879,0.00893491529630154,-0.009));
#3454=CARTESIAN_POINT('',(0.00174819844749219,0.0118719754964448,-0.009));
#3455=CARTESIAN_POINT('',(0.00217914072619732,0.0121392916043317,-0.0093272452421024));
#3456=CARTESIAN_POINT('',(0.0026126761327227,0.0123938206305599,-0.00966090812085679));
#3457=CARTESIAN_POINT('',(0.00304840519599554,0.0126375324237379,-0.01));
#3458=CARTESIAN_POINT('',(0.000591315878420674,0.000813876484345746,-0.01));
#3459=CARTESIAN_POINT('',(-0.00989436679334238,0.00843217088055049,-0.01));
#3460=CARTESIAN_POINT('',(-0.00939860437837179,0.00849111901552686,-0.00966090812085679));
#3461=CARTESIAN_POINT('',(-0.0088982584589322,0.00854002642604878,-0.0093272452421024));
#3462=CARTESIAN_POINT('',(-0.00839249436594896,0.00857706466791034,-0.009));
#3463=CARTESIAN_POINT('',(-5.74627151417317E-18,6.93889390390723E-18,-0.01));
#3464=CARTESIAN_POINT('',(-2.22261445359529E-18,4.77048955893622E-18,0.01));
#3465=CARTESIAN_POINT('',(-0.00339566909908801,0.00494665860652409,0.009));
#3466=CARTESIAN_POINT('',(-0.00340120766168376,0.00453242535192222,0.00933837722802085));
#3467=CARTESIAN_POINT('',(-0.00339462366299203,0.00411488280883274,0.00967230626392265));
#3468=CARTESIAN_POINT('',(-0.00337104673723124,0.00369270143599543,0.01));
#3469=CARTESIAN_POINT('',(-0.000160418968604429,0.00599785509615828,0.009));
#3470=CARTESIAN_POINT('',(8.7542020724041E-5,0.00566598883896281,0.00933837722802084));
#3471=CARTESIAN_POINT('',(0.000327640802924177,0.00532431984839677,0.00967230626392265));
#3472=CARTESIAN_POINT('',(0.000556718654054945,0.00496890977380625,0.01));
#3473=CARTESIAN_POINT('',(-0.000956769189372149,0.000310873154375803,0.01));
#3474=CARTESIAN_POINT('',(0.00304840519599554,0.0126375324237379,0.01));
#3475=CARTESIAN_POINT('',(0.00261267613272271,0.0123938206305599,0.00966090812085679));
#3476=CARTESIAN_POINT('',(0.00217914072619732,0.0121392916043317,0.0093272452421024));
#3477=CARTESIAN_POINT('',(0.00174819844749218,0.0118719754964448,0.009));
#3478=CARTESIAN_POINT('',(-0.00589408173251847,0.0067618616372172,0.009));
#3479=CARTESIAN_POINT('',(-0.00839249436594894,0.0085770646679103,0.009));
#3480=CARTESIAN_POINT('',(-0.00889825845893218,0.00854002642604874,0.0093272452421024));
#3481=CARTESIAN_POINT('',(-0.00939860437837179,0.00849111901552686,0.00966090812085679));
#3482=CARTESIAN_POINT('',(-0.00989436679334238,0.00843217088055049,0.01));
#3483=CARTESIAN_POINT('',(-5.74627151417317E-18,6.93889390390723E-18,0.009));
#3484=CARTESIAN_POINT('',(1.32272665043232E-17,7.37257477290143E-18,-0.009));
#3485=CARTESIAN_POINT('',(0.00247025703279925,0.00434716346505464,-0.01));
#3486=CARTESIAN_POINT('',(0.00286448970775941,0.00450004767284893,-0.00967230626392265));
#3487=CARTESIAN_POINT('',(0.00325956169670842,0.00463533716939716,-0.00933837722802084));
#3488=CARTESIAN_POINT('',(0.00365523244273018,0.00475807479865678,-0.009));
#3489=CARTESIAN_POINT('',(0.00489774954444964,0.00100600665993988,-0.01));
#3490=CARTESIAN_POINT('',(0.0051649756628116,0.00133370039601723,-0.00967230626392265));
#3491=CARTESIAN_POINT('',(0.00541572757867684,0.00166762943191904,-0.00933837722802084));
#3492=CARTESIAN_POINT('',(0.00565472698547656,0.00200600665993988,-0.009));
#3493=CARTESIAN_POINT('',(0.00874293483624089,0.00200600665993988,-0.009));
#3494=CARTESIAN_POINT('',(0.0118311426870052,0.00200600665993989,-0.009));
#3495=CARTESIAN_POINT('',(0.0122185439010362,0.00167876141783749,-0.0093272452421024));
#3496=CARTESIAN_POINT('',(0.0125945851982964,0.00134509853908309,-0.00966090812085679));
#3497=CARTESIAN_POINT('',(0.0129610165727907,0.00100600665993988,-0.01));
#3498=CARTESIAN_POINT('',(0.000956769189372151,-0.000310873154375804,-0.01));
#3499=CARTESIAN_POINT('',(0.00496194357473983,0.0120157861149863,-0.01));
#3500=CARTESIAN_POINT('',(0.00517120559403083,0.0115625040151887,-0.00966090812085679));
#3501=CARTESIAN_POINT('',(0.00537233469767583,0.0111017599891061,-0.0093272452421024));
#3502=CARTESIAN_POINT('',(0.00556384985882683,0.0106321951989433,-0.009));
#3503=CARTESIAN_POINT('',(-7.80625564189563E-18,-3.25260651745651E-18,-0.01));
#3504=CARTESIAN_POINT('',(1.32272665043232E-17,7.37257477290143E-18,0.01));
#3505=CARTESIAN_POINT('',(0.00365523244273018,0.00475807479865678,0.009));
#3506=CARTESIAN_POINT('',(0.00325956169670842,0.00463533716939716,0.00933837722802084));
#3507=CARTESIAN_POINT('',(0.00286448970775941,0.00450004767284892,0.00967230626392265));
#3508=CARTESIAN_POINT('',(0.00247025703279925,0.00434716346505464,0.01));
#3509=CARTESIAN_POINT('',(0.00565472698547656,0.00200600665993989,0.009));
#3510=CARTESIAN_POINT('',(0.00541572757867684,0.00166762943191904,0.00933837722802084));
#3511=CARTESIAN_POINT('',(0.00516497566281159,0.00133370039601723,0.00967230626392265));
#3512=CARTESIAN_POINT('',(0.00489774954444963,0.00100600665993988,0.01));
#3513=CARTESIAN_POINT('',(1.4127476633048E-19,0.00100600665993988,0.01));
#3514=CARTESIAN_POINT('',(0.0129610165727908,0.00100600665993988,0.01));
#3515=CARTESIAN_POINT('',(0.0125945851982964,0.00134509853908309,0.00966090812085679));
#3516=CARTESIAN_POINT('',(0.0122185439010362,0.0016787614178375,0.0093272452421024));
#3517=CARTESIAN_POINT('',(0.0118311426870052,0.00200600665993991,0.009));
#3518=CARTESIAN_POINT('',(0.00460954115077849,0.00769513499880004,0.009));
#3519=CARTESIAN_POINT('',(0.0055638498588268,0.0106321951989433,0.009));
#3520=CARTESIAN_POINT('',(0.00537233469767579,0.0111017599891061,0.0093272452421024));
#3521=CARTESIAN_POINT('',(0.00517120559403083,0.0115625040151887,0.00966090812085679));
#3522=CARTESIAN_POINT('',(0.00496194357473983,0.0120157861149863,0.01));
#3523=CARTESIAN_POINT('',(-7.80625564189563E-18,-3.25260651745651E-18,0.009));
#3524=CARTESIAN_POINT('',(0.,1.59204083889156E-19,-0.01));
#3525=CARTESIAN_POINT('',(0.,1.59204083889156E-19,0.009));
#3526=MECHANICAL_DESIGN_GEOMETRIC_PRESENTATION_REPRESENTATION('',(#1989),
#3527);
#3527=(
GEOMETRIC_REPRESENTATION_CONTEXT(3)
GLOBAL_UNCERTAINTY_ASSIGNED_CONTEXT((#3528))
GLOBAL_UNIT_ASSIGNED_CONTEXT((#3531,#3530,#3529))
REPRESENTATION_CONTEXT('Part 1','TOP_LEVEL_ASSEMBLY_PART')
);
#3528=UNCERTAINTY_MEASURE_WITH_UNIT(LENGTH_MEASURE(2.E-5),#3531,
'DISTANCE_ACCURACY_VALUE','Maximum Tolerance applied to model');
#3529=(
NAMED_UNIT(*)
SI_UNIT($,.STERADIAN.)
SOLID_ANGLE_UNIT()
);
#3530=(
NAMED_UNIT(*)
PLANE_ANGLE_UNIT()
SI_UNIT($,.RADIAN.)
);
#3531=(
LENGTH_UNIT()
NAMED_UNIT(*)
SI_UNIT($,.METRE.)
);
#3532=PRODUCT_DEFINITION_SHAPE('','',#3533);
#3533=PRODUCT_DEFINITION('','',#3535,#3534);
#3534=PRODUCT_DEFINITION_CONTEXT('',#3541,'design');
#3535=PRODUCT_DEFINITION_FORMATION_WITH_SPECIFIED_SOURCE('','',#3537,
 .NOT_KNOWN.);
#3536=PRODUCT_RELATED_PRODUCT_CATEGORY('','',(#3537));
#3537=PRODUCT('Part 1','Part 1','Part 1',(#3539));
#3538=PRODUCT_CATEGORY('','');
#3539=PRODUCT_CONTEXT('',#3541,'mechanical');
#3540=APPLICATION_PROTOCOL_DEFINITION('international standard',
'ap242_managed_model_based_3d_engineering',2020,#3541);
#3541=APPLICATION_CONTEXT('managed model based 3d engineering');
ENDSEC;
END-ISO-10303-21;
