ISO-10303-21;
HEADER;
/* Generated by software containing ST-Developer
 * from STEP Tools, Inc. (www.steptools.com) 
 */
/* OPTION: using custom renumber hook */

FILE_DESCRIPTION(
/* description */ ('STEP AP242 Edition 2',
'CAx-IF Rec.Pracs.---Representation and Presentation of Product Manufa
cturing Information (PMI)---4.0---2014-10-13',
'CAx-IF Rec.Pracs.---3D Tessellated Geometry---0.4---2014-09-14','2;1',
'CAx-IF Rec.Pracs.---User Defined Attributes---1.5---2016-08-15'),
/* implementation_level */ '2;1');

FILE_NAME(
/* name */ 'Stator',
/* time_stamp */ '2026-07-31T10:44:26Z',
/* author */ (''),
/* organization */ (''),
/* preprocessor_version */ 'ST-DEVELOPER v20',
/* originating_system */ 'ONSHAPE BY PTC INC, 1.218',
/* authorisation */ '  ');

FILE_SCHEMA (('AP242_MANAGED_MODEL_BASED_3D_ENGINEERING_MIM_LF { 1 0 10303 442 3 1 4 }'));
ENDSEC;

DATA;
#10=SHAPE_REPRESENTATION_RELATIONSHIP('','',#2043,#11);
#11=ADVANCED_BREP_SHAPE_REPRESENTATION('',(#2041),#3271);
#12=PLANE('',#2048);
#13=PLANE('',#2049);
#14=PLANE('',#2050);
#15=PLANE('',#2051);
#16=PLANE('',#2052);
#17=PLANE('',#2053);
#18=PLANE('',#2054);
#19=PLANE('',#2058);
#20=PLANE('',#2059);
#21=PLANE('',#2060);
#22=PLANE('',#2061);
#23=PLANE('',#2062);
#24=PLANE('',#2063);
#25=PLANE('',#2064);
#26=PLANE('',#2068);
#27=PLANE('',#2069);
#28=PLANE('',#2070);
#29=PLANE('',#2071);
#30=PLANE('',#2072);
#31=PLANE('',#2073);
#32=PLANE('',#2074);
#33=PLANE('',#2078);
#34=PLANE('',#2079);
#35=PLANE('',#2080);
#36=PLANE('',#2081);
#37=PLANE('',#2082);
#38=PLANE('',#2083);
#39=PLANE('',#2084);
#40=PLANE('',#2088);
#41=PLANE('',#2089);
#42=PLANE('',#2090);
#43=PLANE('',#2091);
#44=PLANE('',#2092);
#45=PLANE('',#2093);
#46=PLANE('',#2094);
#47=PLANE('',#2098);
#48=PLANE('',#2099);
#49=PLANE('',#2100);
#50=PLANE('',#2101);
#51=PLANE('',#2102);
#52=PLANE('',#2103);
#53=PLANE('',#2104);
#54=PLANE('',#2108);
#55=PLANE('',#2109);
#56=PLANE('',#2110);
#57=PLANE('',#2111);
#58=PLANE('',#2112);
#59=PLANE('',#2113);
#60=PLANE('',#2114);
#61=PLANE('',#2118);
#62=PLANE('',#2119);
#63=PLANE('',#2120);
#64=PLANE('',#2121);
#65=PLANE('',#2122);
#66=PLANE('',#2123);
#67=PLANE('',#2124);
#68=PLANE('',#2128);
#69=PLANE('',#2129);
#70=PLANE('',#2130);
#71=PLANE('',#2131);
#72=PLANE('',#2132);
#73=PLANE('',#2133);
#74=PLANE('',#2134);
#75=PLANE('',#2138);
#76=PLANE('',#2139);
#77=PLANE('',#2140);
#78=PLANE('',#2141);
#79=PLANE('',#2142);
#80=PLANE('',#2143);
#81=PLANE('',#2144);
#82=PLANE('',#2148);
#83=PLANE('',#2149);
#84=PLANE('',#2150);
#85=PLANE('',#2151);
#86=PLANE('',#2152);
#87=PLANE('',#2153);
#88=PLANE('',#2154);
#89=PLANE('',#2158);
#90=PLANE('',#2159);
#91=PLANE('',#2160);
#92=PLANE('',#2161);
#93=PLANE('',#2162);
#94=PLANE('',#2163);
#95=PLANE('',#2167);
#96=PLANE('',#2168);
#97=PLANE('',#2169);
#98=LINE('',#2691,#362);
#99=LINE('',#2695,#363);
#100=LINE('',#2697,#364);
#101=LINE('',#2699,#365);
#102=LINE('',#2701,#366);
#103=LINE('',#2703,#367);
#104=LINE('',#2705,#368);
#105=LINE('',#2707,#369);
#106=LINE('',#2709,#370);
#107=LINE('',#2711,#371);
#108=LINE('',#2713,#372);
#109=LINE('',#2715,#373);
#110=LINE('',#2717,#374);
#111=LINE('',#2719,#375);
#112=LINE('',#2721,#376);
#113=LINE('',#2723,#377);
#114=LINE('',#2725,#378);
#115=LINE('',#2727,#379);
#116=LINE('',#2729,#380);
#117=LINE('',#2731,#381);
#118=LINE('',#2733,#382);
#119=LINE('',#2735,#383);
#120=LINE('',#2737,#384);
#121=LINE('',#2741,#385);
#122=LINE('',#2745,#386);
#123=LINE('',#2747,#387);
#124=LINE('',#2749,#388);
#125=LINE('',#2751,#389);
#126=LINE('',#2753,#390);
#127=LINE('',#2755,#391);
#128=LINE('',#2757,#392);
#129=LINE('',#2759,#393);
#130=LINE('',#2761,#394);
#131=LINE('',#2763,#395);
#132=LINE('',#2765,#396);
#133=LINE('',#2767,#397);
#134=LINE('',#2769,#398);
#135=LINE('',#2771,#399);
#136=LINE('',#2773,#400);
#137=LINE('',#2775,#401);
#138=LINE('',#2777,#402);
#139=LINE('',#2779,#403);
#140=LINE('',#2781,#404);
#141=LINE('',#2783,#405);
#142=LINE('',#2785,#406);
#143=LINE('',#2789,#407);
#144=LINE('',#2793,#408);
#145=LINE('',#2795,#409);
#146=LINE('',#2797,#410);
#147=LINE('',#2799,#411);
#148=LINE('',#2801,#412);
#149=LINE('',#2803,#413);
#150=LINE('',#2805,#414);
#151=LINE('',#2807,#415);
#152=LINE('',#2809,#416);
#153=LINE('',#2811,#417);
#154=LINE('',#2813,#418);
#155=LINE('',#2815,#419);
#156=LINE('',#2817,#420);
#157=LINE('',#2819,#421);
#158=LINE('',#2821,#422);
#159=LINE('',#2823,#423);
#160=LINE('',#2825,#424);
#161=LINE('',#2827,#425);
#162=LINE('',#2829,#426);
#163=LINE('',#2831,#427);
#164=LINE('',#2833,#428);
#165=LINE('',#2837,#429);
#166=LINE('',#2841,#430);
#167=LINE('',#2843,#431);
#168=LINE('',#2845,#432);
#169=LINE('',#2847,#433);
#170=LINE('',#2849,#434);
#171=LINE('',#2851,#435);
#172=LINE('',#2853,#436);
#173=LINE('',#2855,#437);
#174=LINE('',#2857,#438);
#175=LINE('',#2859,#439);
#176=LINE('',#2861,#440);
#177=LINE('',#2863,#441);
#178=LINE('',#2865,#442);
#179=LINE('',#2867,#443);
#180=LINE('',#2869,#444);
#181=LINE('',#2871,#445);
#182=LINE('',#2873,#446);
#183=LINE('',#2875,#447);
#184=LINE('',#2877,#448);
#185=LINE('',#2879,#449);
#186=LINE('',#2881,#450);
#187=LINE('',#2885,#451);
#188=LINE('',#2889,#452);
#189=LINE('',#2891,#453);
#190=LINE('',#2893,#454);
#191=LINE('',#2895,#455);
#192=LINE('',#2897,#456);
#193=LINE('',#2899,#457);
#194=LINE('',#2901,#458);
#195=LINE('',#2903,#459);
#196=LINE('',#2905,#460);
#197=LINE('',#2907,#461);
#198=LINE('',#2909,#462);
#199=LINE('',#2911,#463);
#200=LINE('',#2913,#464);
#201=LINE('',#2915,#465);
#202=LINE('',#2917,#466);
#203=LINE('',#2919,#467);
#204=LINE('',#2921,#468);
#205=LINE('',#2923,#469);
#206=LINE('',#2925,#470);
#207=LINE('',#2927,#471);
#208=LINE('',#2929,#472);
#209=LINE('',#2933,#473);
#210=LINE('',#2937,#474);
#211=LINE('',#2939,#475);
#212=LINE('',#2941,#476);
#213=LINE('',#2943,#477);
#214=LINE('',#2945,#478);
#215=LINE('',#2947,#479);
#216=LINE('',#2949,#480);
#217=LINE('',#2951,#481);
#218=LINE('',#2953,#482);
#219=LINE('',#2955,#483);
#220=LINE('',#2957,#484);
#221=LINE('',#2959,#485);
#222=LINE('',#2961,#486);
#223=LINE('',#2963,#487);
#224=LINE('',#2965,#488);
#225=LINE('',#2967,#489);
#226=LINE('',#2969,#490);
#227=LINE('',#2971,#491);
#228=LINE('',#2973,#492);
#229=LINE('',#2975,#493);
#230=LINE('',#2977,#494);
#231=LINE('',#2981,#495);
#232=LINE('',#2985,#496);
#233=LINE('',#2987,#497);
#234=LINE('',#2989,#498);
#235=LINE('',#2991,#499);
#236=LINE('',#2993,#500);
#237=LINE('',#2995,#501);
#238=LINE('',#2997,#502);
#239=LINE('',#2999,#503);
#240=LINE('',#3001,#504);
#241=LINE('',#3003,#505);
#242=LINE('',#3005,#506);
#243=LINE('',#3007,#507);
#244=LINE('',#3009,#508);
#245=LINE('',#3011,#509);
#246=LINE('',#3013,#510);
#247=LINE('',#3015,#511);
#248=LINE('',#3017,#512);
#249=LINE('',#3019,#513);
#250=LINE('',#3021,#514);
#251=LINE('',#3023,#515);
#252=LINE('',#3025,#516);
#253=LINE('',#3029,#517);
#254=LINE('',#3033,#518);
#255=LINE('',#3035,#519);
#256=LINE('',#3037,#520);
#257=LINE('',#3039,#521);
#258=LINE('',#3041,#522);
#259=LINE('',#3043,#523);
#260=LINE('',#3045,#524);
#261=LINE('',#3047,#525);
#262=LINE('',#3049,#526);
#263=LINE('',#3051,#527);
#264=LINE('',#3053,#528);
#265=LINE('',#3055,#529);
#266=LINE('',#3057,#530);
#267=LINE('',#3059,#531);
#268=LINE('',#3061,#532);
#269=LINE('',#3063,#533);
#270=LINE('',#3065,#534);
#271=LINE('',#3067,#535);
#272=LINE('',#3069,#536);
#273=LINE('',#3071,#537);
#274=LINE('',#3073,#538);
#275=LINE('',#3077,#539);
#276=LINE('',#3081,#540);
#277=LINE('',#3083,#541);
#278=LINE('',#3085,#542);
#279=LINE('',#3087,#543);
#280=LINE('',#3089,#544);
#281=LINE('',#3091,#545);
#282=LINE('',#3093,#546);
#283=LINE('',#3095,#547);
#284=LINE('',#3097,#548);
#285=LINE('',#3099,#549);
#286=LINE('',#3101,#550);
#287=LINE('',#3103,#551);
#288=LINE('',#3105,#552);
#289=LINE('',#3107,#553);
#290=LINE('',#3109,#554);
#291=LINE('',#3111,#555);
#292=LINE('',#3113,#556);
#293=LINE('',#3115,#557);
#294=LINE('',#3117,#558);
#295=LINE('',#3119,#559);
#296=LINE('',#3121,#560);
#297=LINE('',#3125,#561);
#298=LINE('',#3129,#562);
#299=LINE('',#3131,#563);
#300=LINE('',#3133,#564);
#301=LINE('',#3135,#565);
#302=LINE('',#3137,#566);
#303=LINE('',#3139,#567);
#304=LINE('',#3141,#568);
#305=LINE('',#3143,#569);
#306=LINE('',#3145,#570);
#307=LINE('',#3147,#571);
#308=LINE('',#3149,#572);
#309=LINE('',#3151,#573);
#310=LINE('',#3153,#574);
#311=LINE('',#3155,#575);
#312=LINE('',#3157,#576);
#313=LINE('',#3159,#577);
#314=LINE('',#3161,#578);
#315=LINE('',#3163,#579);
#316=LINE('',#3165,#580);
#317=LINE('',#3167,#581);
#318=LINE('',#3169,#582);
#319=LINE('',#3173,#583);
#320=LINE('',#3177,#584);
#321=LINE('',#3179,#585);
#322=LINE('',#3181,#586);
#323=LINE('',#3183,#587);
#324=LINE('',#3185,#588);
#325=LINE('',#3187,#589);
#326=LINE('',#3189,#590);
#327=LINE('',#3191,#591);
#328=LINE('',#3193,#592);
#329=LINE('',#3195,#593);
#330=LINE('',#3197,#594);
#331=LINE('',#3199,#595);
#332=LINE('',#3201,#596);
#333=LINE('',#3203,#597);
#334=LINE('',#3205,#598);
#335=LINE('',#3207,#599);
#336=LINE('',#3209,#600);
#337=LINE('',#3211,#601);
#338=LINE('',#3213,#602);
#339=LINE('',#3215,#603);
#340=LINE('',#3217,#604);
#341=LINE('',#3221,#605);
#342=LINE('',#3225,#606);
#343=LINE('',#3227,#607);
#344=LINE('',#3229,#608);
#345=LINE('',#3231,#609);
#346=LINE('',#3233,#610);
#347=LINE('',#3235,#611);
#348=LINE('',#3237,#612);
#349=LINE('',#3239,#613);
#350=LINE('',#3241,#614);
#351=LINE('',#3243,#615);
#352=LINE('',#3245,#616);
#353=LINE('',#3247,#617);
#354=LINE('',#3249,#618);
#355=LINE('',#3251,#619);
#356=LINE('',#3253,#620);
#357=LINE('',#3255,#621);
#358=LINE('',#3257,#622);
#359=LINE('',#3259,#623);
#360=LINE('',#3266,#624);
#361=LINE('',#3267,#625);
#362=VECTOR('',#2176,1.);
#363=VECTOR('',#2179,1.);
#364=VECTOR('',#2182,1.);
#365=VECTOR('',#2183,1.);
#366=VECTOR('',#2184,1.);
#367=VECTOR('',#2187,1.);
#368=VECTOR('',#2188,1.);
#369=VECTOR('',#2189,1.);
#370=VECTOR('',#2192,1.);
#371=VECTOR('',#2193,1.);
#372=VECTOR('',#2194,1.);
#373=VECTOR('',#2197,1.);
#374=VECTOR('',#2198,1.);
#375=VECTOR('',#2199,1.);
#376=VECTOR('',#2202,1.);
#377=VECTOR('',#2203,1.);
#378=VECTOR('',#2204,1.);
#379=VECTOR('',#2207,1.);
#380=VECTOR('',#2208,1.);
#381=VECTOR('',#2209,1.);
#382=VECTOR('',#2212,1.);
#383=VECTOR('',#2213,1.);
#384=VECTOR('',#2214,1.);
#385=VECTOR('',#2219,1.);
#386=VECTOR('',#2224,1.);
#387=VECTOR('',#2225,1.);
#388=VECTOR('',#2226,1.);
#389=VECTOR('',#2229,1.);
#390=VECTOR('',#2230,1.);
#391=VECTOR('',#2231,1.);
#392=VECTOR('',#2234,1.);
#393=VECTOR('',#2235,1.);
#394=VECTOR('',#2236,1.);
#395=VECTOR('',#2239,1.);
#396=VECTOR('',#2240,1.);
#397=VECTOR('',#2241,1.);
#398=VECTOR('',#2244,1.);
#399=VECTOR('',#2245,1.);
#400=VECTOR('',#2246,1.);
#401=VECTOR('',#2249,1.);
#402=VECTOR('',#2250,1.);
#403=VECTOR('',#2251,1.);
#404=VECTOR('',#2254,1.);
#405=VECTOR('',#2255,1.);
#406=VECTOR('',#2256,1.);
#407=VECTOR('',#2261,1.);
#408=VECTOR('',#2266,1.);
#409=VECTOR('',#2267,1.);
#410=VECTOR('',#2268,1.);
#411=VECTOR('',#2271,1.);
#412=VECTOR('',#2272,1.);
#413=VECTOR('',#2273,1.);
#414=VECTOR('',#2276,1.);
#415=VECTOR('',#2277,1.);
#416=VECTOR('',#2278,1.);
#417=VECTOR('',#2281,1.);
#418=VECTOR('',#2282,1.);
#419=VECTOR('',#2283,1.);
#420=VECTOR('',#2286,1.);
#421=VECTOR('',#2287,1.);
#422=VECTOR('',#2288,1.);
#423=VECTOR('',#2291,1.);
#424=VECTOR('',#2292,1.);
#425=VECTOR('',#2293,1.);
#426=VECTOR('',#2296,1.);
#427=VECTOR('',#2297,1.);
#428=VECTOR('',#2298,1.);
#429=VECTOR('',#2303,1.);
#430=VECTOR('',#2308,1.);
#431=VECTOR('',#2309,1.);
#432=VECTOR('',#2310,1.);
#433=VECTOR('',#2313,1.);
#434=VECTOR('',#2314,1.);
#435=VECTOR('',#2315,1.);
#436=VECTOR('',#2318,1.);
#437=VECTOR('',#2319,1.);
#438=VECTOR('',#2320,1.);
#439=VECTOR('',#2323,1.);
#440=VECTOR('',#2324,1.);
#441=VECTOR('',#2325,1.);
#442=VECTOR('',#2328,1.);
#443=VECTOR('',#2329,1.);
#444=VECTOR('',#2330,1.);
#445=VECTOR('',#2333,1.);
#446=VECTOR('',#2334,1.);
#447=VECTOR('',#2335,1.);
#448=VECTOR('',#2338,1.);
#449=VECTOR('',#2339,1.);
#450=VECTOR('',#2340,1.);
#451=VECTOR('',#2345,1.);
#452=VECTOR('',#2350,1.);
#453=VECTOR('',#2351,1.);
#454=VECTOR('',#2352,1.);
#455=VECTOR('',#2355,1.);
#456=VECTOR('',#2356,1.);
#457=VECTOR('',#2357,1.);
#458=VECTOR('',#2360,1.);
#459=VECTOR('',#2361,1.);
#460=VECTOR('',#2362,1.);
#461=VECTOR('',#2365,1.);
#462=VECTOR('',#2366,1.);
#463=VECTOR('',#2367,1.);
#464=VECTOR('',#2370,1.);
#465=VECTOR('',#2371,1.);
#466=VECTOR('',#2372,1.);
#467=VECTOR('',#2375,1.);
#468=VECTOR('',#2376,1.);
#469=VECTOR('',#2377,1.);
#470=VECTOR('',#2380,1.);
#471=VECTOR('',#2381,1.);
#472=VECTOR('',#2382,1.);
#473=VECTOR('',#2387,1.);
#474=VECTOR('',#2392,1.);
#475=VECTOR('',#2393,1.);
#476=VECTOR('',#2394,1.);
#477=VECTOR('',#2397,1.);
#478=VECTOR('',#2398,1.);
#479=VECTOR('',#2399,1.);
#480=VECTOR('',#2402,1.);
#481=VECTOR('',#2403,1.);
#482=VECTOR('',#2404,1.);
#483=VECTOR('',#2407,1.);
#484=VECTOR('',#2408,1.);
#485=VECTOR('',#2409,1.);
#486=VECTOR('',#2412,1.);
#487=VECTOR('',#2413,1.);
#488=VECTOR('',#2414,1.);
#489=VECTOR('',#2417,1.);
#490=VECTOR('',#2418,1.);
#491=VECTOR('',#2419,1.);
#492=VECTOR('',#2422,1.);
#493=VECTOR('',#2423,1.);
#494=VECTOR('',#2424,1.);
#495=VECTOR('',#2429,1.);
#496=VECTOR('',#2434,1.);
#497=VECTOR('',#2435,1.);
#498=VECTOR('',#2436,1.);
#499=VECTOR('',#2439,1.);
#500=VECTOR('',#2440,1.);
#501=VECTOR('',#2441,1.);
#502=VECTOR('',#2444,1.);
#503=VECTOR('',#2445,1.);
#504=VECTOR('',#2446,1.);
#505=VECTOR('',#2449,1.);
#506=VECTOR('',#2450,1.);
#507=VECTOR('',#2451,1.);
#508=VECTOR('',#2454,1.);
#509=VECTOR('',#2455,1.);
#510=VECTOR('',#2456,1.);
#511=VECTOR('',#2459,1.);
#512=VECTOR('',#2460,1.);
#513=VECTOR('',#2461,1.);
#514=VECTOR('',#2464,1.);
#515=VECTOR('',#2465,1.);
#516=VECTOR('',#2466,1.);
#517=VECTOR('',#2471,1.);
#518=VECTOR('',#2476,1.);
#519=VECTOR('',#2477,1.);
#520=VECTOR('',#2478,1.);
#521=VECTOR('',#2481,1.);
#522=VECTOR('',#2482,1.);
#523=VECTOR('',#2483,1.);
#524=VECTOR('',#2486,1.);
#525=VECTOR('',#2487,1.);
#526=VECTOR('',#2488,1.);
#527=VECTOR('',#2491,1.);
#528=VECTOR('',#2492,1.);
#529=VECTOR('',#2493,1.);
#530=VECTOR('',#2496,1.);
#531=VECTOR('',#2497,1.);
#532=VECTOR('',#2498,1.);
#533=VECTOR('',#2501,1.);
#534=VECTOR('',#2502,1.);
#535=VECTOR('',#2503,1.);
#536=VECTOR('',#2506,1.);
#537=VECTOR('',#2507,1.);
#538=VECTOR('',#2508,1.);
#539=VECTOR('',#2513,1.);
#540=VECTOR('',#2518,1.);
#541=VECTOR('',#2519,1.);
#542=VECTOR('',#2520,1.);
#543=VECTOR('',#2523,1.);
#544=VECTOR('',#2524,1.);
#545=VECTOR('',#2525,1.);
#546=VECTOR('',#2528,1.);
#547=VECTOR('',#2529,1.);
#548=VECTOR('',#2530,1.);
#549=VECTOR('',#2533,1.);
#550=VECTOR('',#2534,1.);
#551=VECTOR('',#2535,1.);
#552=VECTOR('',#2538,1.);
#553=VECTOR('',#2539,1.);
#554=VECTOR('',#2540,1.);
#555=VECTOR('',#2543,1.);
#556=VECTOR('',#2544,1.);
#557=VECTOR('',#2545,1.);
#558=VECTOR('',#2548,1.);
#559=VECTOR('',#2549,1.);
#560=VECTOR('',#2550,1.);
#561=VECTOR('',#2555,1.);
#562=VECTOR('',#2560,1.);
#563=VECTOR('',#2561,1.);
#564=VECTOR('',#2562,1.);
#565=VECTOR('',#2565,1.);
#566=VECTOR('',#2566,1.);
#567=VECTOR('',#2567,1.);
#568=VECTOR('',#2570,1.);
#569=VECTOR('',#2571,1.);
#570=VECTOR('',#2572,1.);
#571=VECTOR('',#2575,1.);
#572=VECTOR('',#2576,1.);
#573=VECTOR('',#2577,1.);
#574=VECTOR('',#2580,1.);
#575=VECTOR('',#2581,1.);
#576=VECTOR('',#2582,1.);
#577=VECTOR('',#2585,1.);
#578=VECTOR('',#2586,1.);
#579=VECTOR('',#2587,1.);
#580=VECTOR('',#2590,1.);
#581=VECTOR('',#2591,1.);
#582=VECTOR('',#2592,1.);
#583=VECTOR('',#2597,1.);
#584=VECTOR('',#2602,1.);
#585=VECTOR('',#2603,1.);
#586=VECTOR('',#2604,1.);
#587=VECTOR('',#2607,1.);
#588=VECTOR('',#2608,1.);
#589=VECTOR('',#2609,1.);
#590=VECTOR('',#2612,1.);
#591=VECTOR('',#2613,1.);
#592=VECTOR('',#2614,1.);
#593=VECTOR('',#2617,1.);
#594=VECTOR('',#2618,1.);
#595=VECTOR('',#2619,1.);
#596=VECTOR('',#2622,1.);
#597=VECTOR('',#2623,1.);
#598=VECTOR('',#2624,1.);
#599=VECTOR('',#2627,1.);
#600=VECTOR('',#2628,1.);
#601=VECTOR('',#2629,1.);
#602=VECTOR('',#2632,1.);
#603=VECTOR('',#2633,1.);
#604=VECTOR('',#2634,1.);
#605=VECTOR('',#2639,1.);
#606=VECTOR('',#2644,1.);
#607=VECTOR('',#2645,1.);
#608=VECTOR('',#2646,1.);
#609=VECTOR('',#2649,1.);
#610=VECTOR('',#2650,1.);
#611=VECTOR('',#2651,1.);
#612=VECTOR('',#2654,1.);
#613=VECTOR('',#2655,1.);
#614=VECTOR('',#2656,1.);
#615=VECTOR('',#2659,1.);
#616=VECTOR('',#2660,1.);
#617=VECTOR('',#2661,1.);
#618=VECTOR('',#2664,1.);
#619=VECTOR('',#2665,1.);
#620=VECTOR('',#2666,1.);
#621=VECTOR('',#2669,1.);
#622=VECTOR('',#2670,1.);
#623=VECTOR('',#2671,1.);
#624=VECTOR('',#2680,1.);
#625=VECTOR('',#2681,1.);
#626=ORIENTED_EDGE('',*,*,#1206,.F.);
#627=ORIENTED_EDGE('',*,*,#1207,.F.);
#628=ORIENTED_EDGE('',*,*,#1208,.T.);
#629=ORIENTED_EDGE('',*,*,#1209,.T.);
#630=ORIENTED_EDGE('',*,*,#1210,.T.);
#631=ORIENTED_EDGE('',*,*,#1211,.F.);
#632=ORIENTED_EDGE('',*,*,#1212,.F.);
#633=ORIENTED_EDGE('',*,*,#1207,.T.);
#634=ORIENTED_EDGE('',*,*,#1213,.T.);
#635=ORIENTED_EDGE('',*,*,#1214,.F.);
#636=ORIENTED_EDGE('',*,*,#1215,.F.);
#637=ORIENTED_EDGE('',*,*,#1211,.T.);
#638=ORIENTED_EDGE('',*,*,#1216,.T.);
#639=ORIENTED_EDGE('',*,*,#1217,.F.);
#640=ORIENTED_EDGE('',*,*,#1218,.F.);
#641=ORIENTED_EDGE('',*,*,#1214,.T.);
#642=ORIENTED_EDGE('',*,*,#1219,.F.);
#643=ORIENTED_EDGE('',*,*,#1220,.F.);
#644=ORIENTED_EDGE('',*,*,#1221,.T.);
#645=ORIENTED_EDGE('',*,*,#1217,.T.);
#646=ORIENTED_EDGE('',*,*,#1222,.F.);
#647=ORIENTED_EDGE('',*,*,#1223,.F.);
#648=ORIENTED_EDGE('',*,*,#1224,.T.);
#649=ORIENTED_EDGE('',*,*,#1220,.T.);
#650=ORIENTED_EDGE('',*,*,#1225,.F.);
#651=ORIENTED_EDGE('',*,*,#1226,.F.);
#652=ORIENTED_EDGE('',*,*,#1227,.T.);
#653=ORIENTED_EDGE('',*,*,#1223,.T.);
#654=ORIENTED_EDGE('',*,*,#1228,.F.);
#655=ORIENTED_EDGE('',*,*,#1229,.F.);
#656=ORIENTED_EDGE('',*,*,#1230,.T.);
#657=ORIENTED_EDGE('',*,*,#1226,.T.);
#658=ORIENTED_EDGE('',*,*,#1231,.F.);
#659=ORIENTED_EDGE('',*,*,#1232,.F.);
#660=ORIENTED_EDGE('',*,*,#1233,.T.);
#661=ORIENTED_EDGE('',*,*,#1229,.T.);
#662=ORIENTED_EDGE('',*,*,#1234,.T.);
#663=ORIENTED_EDGE('',*,*,#1235,.F.);
#664=ORIENTED_EDGE('',*,*,#1236,.F.);
#665=ORIENTED_EDGE('',*,*,#1232,.T.);
#666=ORIENTED_EDGE('',*,*,#1237,.T.);
#667=ORIENTED_EDGE('',*,*,#1238,.F.);
#668=ORIENTED_EDGE('',*,*,#1239,.F.);
#669=ORIENTED_EDGE('',*,*,#1235,.T.);
#670=ORIENTED_EDGE('',*,*,#1240,.T.);
#671=ORIENTED_EDGE('',*,*,#1241,.F.);
#672=ORIENTED_EDGE('',*,*,#1242,.F.);
#673=ORIENTED_EDGE('',*,*,#1238,.T.);
#674=ORIENTED_EDGE('',*,*,#1243,.F.);
#675=ORIENTED_EDGE('',*,*,#1244,.F.);
#676=ORIENTED_EDGE('',*,*,#1245,.T.);
#677=ORIENTED_EDGE('',*,*,#1241,.T.);
#678=ORIENTED_EDGE('',*,*,#1246,.F.);
#679=ORIENTED_EDGE('',*,*,#1247,.F.);
#680=ORIENTED_EDGE('',*,*,#1248,.T.);
#681=ORIENTED_EDGE('',*,*,#1244,.T.);
#682=ORIENTED_EDGE('',*,*,#1249,.F.);
#683=ORIENTED_EDGE('',*,*,#1250,.F.);
#684=ORIENTED_EDGE('',*,*,#1251,.T.);
#685=ORIENTED_EDGE('',*,*,#1247,.T.);
#686=ORIENTED_EDGE('',*,*,#1252,.F.);
#687=ORIENTED_EDGE('',*,*,#1253,.F.);
#688=ORIENTED_EDGE('',*,*,#1254,.T.);
#689=ORIENTED_EDGE('',*,*,#1250,.T.);
#690=ORIENTED_EDGE('',*,*,#1255,.F.);
#691=ORIENTED_EDGE('',*,*,#1256,.F.);
#692=ORIENTED_EDGE('',*,*,#1257,.T.);
#693=ORIENTED_EDGE('',*,*,#1253,.T.);
#694=ORIENTED_EDGE('',*,*,#1258,.T.);
#695=ORIENTED_EDGE('',*,*,#1259,.F.);
#696=ORIENTED_EDGE('',*,*,#1260,.F.);
#697=ORIENTED_EDGE('',*,*,#1256,.T.);
#698=ORIENTED_EDGE('',*,*,#1261,.T.);
#699=ORIENTED_EDGE('',*,*,#1262,.F.);
#700=ORIENTED_EDGE('',*,*,#1263,.F.);
#701=ORIENTED_EDGE('',*,*,#1259,.T.);
#702=ORIENTED_EDGE('',*,*,#1264,.T.);
#703=ORIENTED_EDGE('',*,*,#1265,.F.);
#704=ORIENTED_EDGE('',*,*,#1266,.F.);
#705=ORIENTED_EDGE('',*,*,#1262,.T.);
#706=ORIENTED_EDGE('',*,*,#1267,.F.);
#707=ORIENTED_EDGE('',*,*,#1268,.F.);
#708=ORIENTED_EDGE('',*,*,#1269,.T.);
#709=ORIENTED_EDGE('',*,*,#1265,.T.);
#710=ORIENTED_EDGE('',*,*,#1270,.F.);
#711=ORIENTED_EDGE('',*,*,#1271,.F.);
#712=ORIENTED_EDGE('',*,*,#1272,.T.);
#713=ORIENTED_EDGE('',*,*,#1268,.T.);
#714=ORIENTED_EDGE('',*,*,#1273,.F.);
#715=ORIENTED_EDGE('',*,*,#1274,.F.);
#716=ORIENTED_EDGE('',*,*,#1275,.T.);
#717=ORIENTED_EDGE('',*,*,#1271,.T.);
#718=ORIENTED_EDGE('',*,*,#1276,.F.);
#719=ORIENTED_EDGE('',*,*,#1277,.F.);
#720=ORIENTED_EDGE('',*,*,#1278,.T.);
#721=ORIENTED_EDGE('',*,*,#1274,.T.);
#722=ORIENTED_EDGE('',*,*,#1279,.F.);
#723=ORIENTED_EDGE('',*,*,#1280,.F.);
#724=ORIENTED_EDGE('',*,*,#1281,.T.);
#725=ORIENTED_EDGE('',*,*,#1277,.T.);
#726=ORIENTED_EDGE('',*,*,#1282,.T.);
#727=ORIENTED_EDGE('',*,*,#1283,.F.);
#728=ORIENTED_EDGE('',*,*,#1284,.F.);
#729=ORIENTED_EDGE('',*,*,#1280,.T.);
#730=ORIENTED_EDGE('',*,*,#1285,.T.);
#731=ORIENTED_EDGE('',*,*,#1286,.F.);
#732=ORIENTED_EDGE('',*,*,#1287,.F.);
#733=ORIENTED_EDGE('',*,*,#1283,.T.);
#734=ORIENTED_EDGE('',*,*,#1288,.T.);
#735=ORIENTED_EDGE('',*,*,#1289,.F.);
#736=ORIENTED_EDGE('',*,*,#1290,.F.);
#737=ORIENTED_EDGE('',*,*,#1286,.T.);
#738=ORIENTED_EDGE('',*,*,#1291,.F.);
#739=ORIENTED_EDGE('',*,*,#1292,.F.);
#740=ORIENTED_EDGE('',*,*,#1293,.T.);
#741=ORIENTED_EDGE('',*,*,#1289,.T.);
#742=ORIENTED_EDGE('',*,*,#1294,.F.);
#743=ORIENTED_EDGE('',*,*,#1295,.F.);
#744=ORIENTED_EDGE('',*,*,#1296,.T.);
#745=ORIENTED_EDGE('',*,*,#1292,.T.);
#746=ORIENTED_EDGE('',*,*,#1297,.F.);
#747=ORIENTED_EDGE('',*,*,#1298,.F.);
#748=ORIENTED_EDGE('',*,*,#1299,.T.);
#749=ORIENTED_EDGE('',*,*,#1295,.T.);
#750=ORIENTED_EDGE('',*,*,#1300,.F.);
#751=ORIENTED_EDGE('',*,*,#1301,.F.);
#752=ORIENTED_EDGE('',*,*,#1302,.T.);
#753=ORIENTED_EDGE('',*,*,#1298,.T.);
#754=ORIENTED_EDGE('',*,*,#1303,.F.);
#755=ORIENTED_EDGE('',*,*,#1304,.F.);
#756=ORIENTED_EDGE('',*,*,#1305,.T.);
#757=ORIENTED_EDGE('',*,*,#1301,.T.);
#758=ORIENTED_EDGE('',*,*,#1306,.T.);
#759=ORIENTED_EDGE('',*,*,#1307,.F.);
#760=ORIENTED_EDGE('',*,*,#1308,.F.);
#761=ORIENTED_EDGE('',*,*,#1304,.T.);
#762=ORIENTED_EDGE('',*,*,#1309,.T.);
#763=ORIENTED_EDGE('',*,*,#1310,.F.);
#764=ORIENTED_EDGE('',*,*,#1311,.F.);
#765=ORIENTED_EDGE('',*,*,#1307,.T.);
#766=ORIENTED_EDGE('',*,*,#1312,.T.);
#767=ORIENTED_EDGE('',*,*,#1313,.F.);
#768=ORIENTED_EDGE('',*,*,#1314,.F.);
#769=ORIENTED_EDGE('',*,*,#1310,.T.);
#770=ORIENTED_EDGE('',*,*,#1315,.F.);
#771=ORIENTED_EDGE('',*,*,#1316,.F.);
#772=ORIENTED_EDGE('',*,*,#1317,.T.);
#773=ORIENTED_EDGE('',*,*,#1313,.T.);
#774=ORIENTED_EDGE('',*,*,#1318,.F.);
#775=ORIENTED_EDGE('',*,*,#1319,.F.);
#776=ORIENTED_EDGE('',*,*,#1320,.T.);
#777=ORIENTED_EDGE('',*,*,#1316,.T.);
#778=ORIENTED_EDGE('',*,*,#1321,.F.);
#779=ORIENTED_EDGE('',*,*,#1322,.F.);
#780=ORIENTED_EDGE('',*,*,#1323,.T.);
#781=ORIENTED_EDGE('',*,*,#1319,.T.);
#782=ORIENTED_EDGE('',*,*,#1324,.F.);
#783=ORIENTED_EDGE('',*,*,#1325,.F.);
#784=ORIENTED_EDGE('',*,*,#1326,.T.);
#785=ORIENTED_EDGE('',*,*,#1322,.T.);
#786=ORIENTED_EDGE('',*,*,#1327,.F.);
#787=ORIENTED_EDGE('',*,*,#1328,.F.);
#788=ORIENTED_EDGE('',*,*,#1329,.T.);
#789=ORIENTED_EDGE('',*,*,#1325,.T.);
#790=ORIENTED_EDGE('',*,*,#1330,.T.);
#791=ORIENTED_EDGE('',*,*,#1331,.F.);
#792=ORIENTED_EDGE('',*,*,#1332,.F.);
#793=ORIENTED_EDGE('',*,*,#1328,.T.);
#794=ORIENTED_EDGE('',*,*,#1333,.T.);
#795=ORIENTED_EDGE('',*,*,#1334,.F.);
#796=ORIENTED_EDGE('',*,*,#1335,.F.);
#797=ORIENTED_EDGE('',*,*,#1331,.T.);
#798=ORIENTED_EDGE('',*,*,#1336,.T.);
#799=ORIENTED_EDGE('',*,*,#1337,.F.);
#800=ORIENTED_EDGE('',*,*,#1338,.F.);
#801=ORIENTED_EDGE('',*,*,#1334,.T.);
#802=ORIENTED_EDGE('',*,*,#1339,.F.);
#803=ORIENTED_EDGE('',*,*,#1340,.F.);
#804=ORIENTED_EDGE('',*,*,#1341,.T.);
#805=ORIENTED_EDGE('',*,*,#1337,.T.);
#806=ORIENTED_EDGE('',*,*,#1342,.F.);
#807=ORIENTED_EDGE('',*,*,#1343,.F.);
#808=ORIENTED_EDGE('',*,*,#1344,.T.);
#809=ORIENTED_EDGE('',*,*,#1340,.T.);
#810=ORIENTED_EDGE('',*,*,#1345,.F.);
#811=ORIENTED_EDGE('',*,*,#1346,.F.);
#812=ORIENTED_EDGE('',*,*,#1347,.T.);
#813=ORIENTED_EDGE('',*,*,#1343,.T.);
#814=ORIENTED_EDGE('',*,*,#1348,.F.);
#815=ORIENTED_EDGE('',*,*,#1349,.F.);
#816=ORIENTED_EDGE('',*,*,#1350,.T.);
#817=ORIENTED_EDGE('',*,*,#1346,.T.);
#818=ORIENTED_EDGE('',*,*,#1351,.F.);
#819=ORIENTED_EDGE('',*,*,#1352,.F.);
#820=ORIENTED_EDGE('',*,*,#1353,.T.);
#821=ORIENTED_EDGE('',*,*,#1349,.T.);
#822=ORIENTED_EDGE('',*,*,#1354,.T.);
#823=ORIENTED_EDGE('',*,*,#1355,.F.);
#824=ORIENTED_EDGE('',*,*,#1356,.F.);
#825=ORIENTED_EDGE('',*,*,#1352,.T.);
#826=ORIENTED_EDGE('',*,*,#1357,.T.);
#827=ORIENTED_EDGE('',*,*,#1358,.F.);
#828=ORIENTED_EDGE('',*,*,#1359,.F.);
#829=ORIENTED_EDGE('',*,*,#1355,.T.);
#830=ORIENTED_EDGE('',*,*,#1360,.T.);
#831=ORIENTED_EDGE('',*,*,#1361,.F.);
#832=ORIENTED_EDGE('',*,*,#1362,.F.);
#833=ORIENTED_EDGE('',*,*,#1358,.T.);
#834=ORIENTED_EDGE('',*,*,#1363,.F.);
#835=ORIENTED_EDGE('',*,*,#1364,.F.);
#836=ORIENTED_EDGE('',*,*,#1365,.T.);
#837=ORIENTED_EDGE('',*,*,#1361,.T.);
#838=ORIENTED_EDGE('',*,*,#1366,.F.);
#839=ORIENTED_EDGE('',*,*,#1367,.F.);
#840=ORIENTED_EDGE('',*,*,#1368,.T.);
#841=ORIENTED_EDGE('',*,*,#1364,.T.);
#842=ORIENTED_EDGE('',*,*,#1369,.F.);
#843=ORIENTED_EDGE('',*,*,#1370,.F.);
#844=ORIENTED_EDGE('',*,*,#1371,.T.);
#845=ORIENTED_EDGE('',*,*,#1367,.T.);
#846=ORIENTED_EDGE('',*,*,#1372,.F.);
#847=ORIENTED_EDGE('',*,*,#1373,.F.);
#848=ORIENTED_EDGE('',*,*,#1374,.T.);
#849=ORIENTED_EDGE('',*,*,#1370,.T.);
#850=ORIENTED_EDGE('',*,*,#1375,.F.);
#851=ORIENTED_EDGE('',*,*,#1376,.F.);
#852=ORIENTED_EDGE('',*,*,#1377,.T.);
#853=ORIENTED_EDGE('',*,*,#1373,.T.);
#854=ORIENTED_EDGE('',*,*,#1378,.T.);
#855=ORIENTED_EDGE('',*,*,#1379,.F.);
#856=ORIENTED_EDGE('',*,*,#1380,.F.);
#857=ORIENTED_EDGE('',*,*,#1376,.T.);
#858=ORIENTED_EDGE('',*,*,#1381,.T.);
#859=ORIENTED_EDGE('',*,*,#1382,.F.);
#860=ORIENTED_EDGE('',*,*,#1383,.F.);
#861=ORIENTED_EDGE('',*,*,#1379,.T.);
#862=ORIENTED_EDGE('',*,*,#1384,.T.);
#863=ORIENTED_EDGE('',*,*,#1385,.F.);
#864=ORIENTED_EDGE('',*,*,#1386,.F.);
#865=ORIENTED_EDGE('',*,*,#1382,.T.);
#866=ORIENTED_EDGE('',*,*,#1387,.F.);
#867=ORIENTED_EDGE('',*,*,#1388,.F.);
#868=ORIENTED_EDGE('',*,*,#1389,.T.);
#869=ORIENTED_EDGE('',*,*,#1385,.T.);
#870=ORIENTED_EDGE('',*,*,#1390,.F.);
#871=ORIENTED_EDGE('',*,*,#1391,.F.);
#872=ORIENTED_EDGE('',*,*,#1392,.T.);
#873=ORIENTED_EDGE('',*,*,#1388,.T.);
#874=ORIENTED_EDGE('',*,*,#1393,.F.);
#875=ORIENTED_EDGE('',*,*,#1394,.F.);
#876=ORIENTED_EDGE('',*,*,#1395,.T.);
#877=ORIENTED_EDGE('',*,*,#1391,.T.);
#878=ORIENTED_EDGE('',*,*,#1396,.F.);
#879=ORIENTED_EDGE('',*,*,#1397,.F.);
#880=ORIENTED_EDGE('',*,*,#1398,.T.);
#881=ORIENTED_EDGE('',*,*,#1394,.T.);
#882=ORIENTED_EDGE('',*,*,#1399,.F.);
#883=ORIENTED_EDGE('',*,*,#1400,.F.);
#884=ORIENTED_EDGE('',*,*,#1401,.T.);
#885=ORIENTED_EDGE('',*,*,#1397,.T.);
#886=ORIENTED_EDGE('',*,*,#1402,.T.);
#887=ORIENTED_EDGE('',*,*,#1403,.F.);
#888=ORIENTED_EDGE('',*,*,#1404,.F.);
#889=ORIENTED_EDGE('',*,*,#1400,.T.);
#890=ORIENTED_EDGE('',*,*,#1405,.T.);
#891=ORIENTED_EDGE('',*,*,#1406,.F.);
#892=ORIENTED_EDGE('',*,*,#1407,.F.);
#893=ORIENTED_EDGE('',*,*,#1403,.T.);
#894=ORIENTED_EDGE('',*,*,#1408,.T.);
#895=ORIENTED_EDGE('',*,*,#1409,.F.);
#896=ORIENTED_EDGE('',*,*,#1410,.F.);
#897=ORIENTED_EDGE('',*,*,#1406,.T.);
#898=ORIENTED_EDGE('',*,*,#1411,.F.);
#899=ORIENTED_EDGE('',*,*,#1412,.F.);
#900=ORIENTED_EDGE('',*,*,#1413,.T.);
#901=ORIENTED_EDGE('',*,*,#1409,.T.);
#902=ORIENTED_EDGE('',*,*,#1414,.F.);
#903=ORIENTED_EDGE('',*,*,#1415,.F.);
#904=ORIENTED_EDGE('',*,*,#1416,.T.);
#905=ORIENTED_EDGE('',*,*,#1412,.T.);
#906=ORIENTED_EDGE('',*,*,#1417,.F.);
#907=ORIENTED_EDGE('',*,*,#1418,.F.);
#908=ORIENTED_EDGE('',*,*,#1419,.T.);
#909=ORIENTED_EDGE('',*,*,#1415,.T.);
#910=ORIENTED_EDGE('',*,*,#1420,.F.);
#911=ORIENTED_EDGE('',*,*,#1421,.F.);
#912=ORIENTED_EDGE('',*,*,#1422,.T.);
#913=ORIENTED_EDGE('',*,*,#1418,.T.);
#914=ORIENTED_EDGE('',*,*,#1423,.F.);
#915=ORIENTED_EDGE('',*,*,#1424,.F.);
#916=ORIENTED_EDGE('',*,*,#1425,.T.);
#917=ORIENTED_EDGE('',*,*,#1421,.T.);
#918=ORIENTED_EDGE('',*,*,#1426,.T.);
#919=ORIENTED_EDGE('',*,*,#1427,.F.);
#920=ORIENTED_EDGE('',*,*,#1428,.F.);
#921=ORIENTED_EDGE('',*,*,#1424,.T.);
#922=ORIENTED_EDGE('',*,*,#1429,.T.);
#923=ORIENTED_EDGE('',*,*,#1430,.F.);
#924=ORIENTED_EDGE('',*,*,#1431,.F.);
#925=ORIENTED_EDGE('',*,*,#1427,.T.);
#926=ORIENTED_EDGE('',*,*,#1432,.T.);
#927=ORIENTED_EDGE('',*,*,#1433,.F.);
#928=ORIENTED_EDGE('',*,*,#1434,.F.);
#929=ORIENTED_EDGE('',*,*,#1430,.T.);
#930=ORIENTED_EDGE('',*,*,#1435,.F.);
#931=ORIENTED_EDGE('',*,*,#1436,.F.);
#932=ORIENTED_EDGE('',*,*,#1437,.T.);
#933=ORIENTED_EDGE('',*,*,#1433,.T.);
#934=ORIENTED_EDGE('',*,*,#1438,.F.);
#935=ORIENTED_EDGE('',*,*,#1439,.F.);
#936=ORIENTED_EDGE('',*,*,#1440,.T.);
#937=ORIENTED_EDGE('',*,*,#1436,.T.);
#938=ORIENTED_EDGE('',*,*,#1441,.F.);
#939=ORIENTED_EDGE('',*,*,#1442,.F.);
#940=ORIENTED_EDGE('',*,*,#1443,.T.);
#941=ORIENTED_EDGE('',*,*,#1439,.T.);
#942=ORIENTED_EDGE('',*,*,#1444,.F.);
#943=ORIENTED_EDGE('',*,*,#1445,.F.);
#944=ORIENTED_EDGE('',*,*,#1446,.T.);
#945=ORIENTED_EDGE('',*,*,#1442,.T.);
#946=ORIENTED_EDGE('',*,*,#1447,.F.);
#947=ORIENTED_EDGE('',*,*,#1448,.F.);
#948=ORIENTED_EDGE('',*,*,#1449,.T.);
#949=ORIENTED_EDGE('',*,*,#1445,.T.);
#950=ORIENTED_EDGE('',*,*,#1450,.T.);
#951=ORIENTED_EDGE('',*,*,#1451,.F.);
#952=ORIENTED_EDGE('',*,*,#1452,.F.);
#953=ORIENTED_EDGE('',*,*,#1448,.T.);
#954=ORIENTED_EDGE('',*,*,#1453,.T.);
#955=ORIENTED_EDGE('',*,*,#1454,.F.);
#956=ORIENTED_EDGE('',*,*,#1455,.F.);
#957=ORIENTED_EDGE('',*,*,#1451,.T.);
#958=ORIENTED_EDGE('',*,*,#1456,.T.);
#959=ORIENTED_EDGE('',*,*,#1457,.F.);
#960=ORIENTED_EDGE('',*,*,#1458,.F.);
#961=ORIENTED_EDGE('',*,*,#1454,.T.);
#962=ORIENTED_EDGE('',*,*,#1459,.F.);
#963=ORIENTED_EDGE('',*,*,#1460,.F.);
#964=ORIENTED_EDGE('',*,*,#1461,.T.);
#965=ORIENTED_EDGE('',*,*,#1457,.T.);
#966=ORIENTED_EDGE('',*,*,#1462,.F.);
#967=ORIENTED_EDGE('',*,*,#1463,.F.);
#968=ORIENTED_EDGE('',*,*,#1464,.T.);
#969=ORIENTED_EDGE('',*,*,#1460,.T.);
#970=ORIENTED_EDGE('',*,*,#1465,.F.);
#971=ORIENTED_EDGE('',*,*,#1466,.F.);
#972=ORIENTED_EDGE('',*,*,#1467,.T.);
#973=ORIENTED_EDGE('',*,*,#1463,.T.);
#974=ORIENTED_EDGE('',*,*,#1468,.F.);
#975=ORIENTED_EDGE('',*,*,#1469,.F.);
#976=ORIENTED_EDGE('',*,*,#1470,.T.);
#977=ORIENTED_EDGE('',*,*,#1466,.T.);
#978=ORIENTED_EDGE('',*,*,#1471,.F.);
#979=ORIENTED_EDGE('',*,*,#1472,.F.);
#980=ORIENTED_EDGE('',*,*,#1473,.T.);
#981=ORIENTED_EDGE('',*,*,#1469,.T.);
#982=ORIENTED_EDGE('',*,*,#1474,.T.);
#983=ORIENTED_EDGE('',*,*,#1475,.F.);
#984=ORIENTED_EDGE('',*,*,#1476,.F.);
#985=ORIENTED_EDGE('',*,*,#1472,.T.);
#986=ORIENTED_EDGE('',*,*,#1477,.T.);
#987=ORIENTED_EDGE('',*,*,#1478,.F.);
#988=ORIENTED_EDGE('',*,*,#1479,.F.);
#989=ORIENTED_EDGE('',*,*,#1475,.T.);
#990=ORIENTED_EDGE('',*,*,#1480,.T.);
#991=ORIENTED_EDGE('',*,*,#1481,.F.);
#992=ORIENTED_EDGE('',*,*,#1482,.F.);
#993=ORIENTED_EDGE('',*,*,#1478,.T.);
#994=ORIENTED_EDGE('',*,*,#1483,.F.);
#995=ORIENTED_EDGE('',*,*,#1484,.F.);
#996=ORIENTED_EDGE('',*,*,#1485,.T.);
#997=ORIENTED_EDGE('',*,*,#1481,.T.);
#998=ORIENTED_EDGE('',*,*,#1486,.F.);
#999=ORIENTED_EDGE('',*,*,#1487,.F.);
#1000=ORIENTED_EDGE('',*,*,#1488,.T.);
#1001=ORIENTED_EDGE('',*,*,#1484,.T.);
#1002=ORIENTED_EDGE('',*,*,#1489,.F.);
#1003=ORIENTED_EDGE('',*,*,#1490,.F.);
#1004=ORIENTED_EDGE('',*,*,#1491,.T.);
#1005=ORIENTED_EDGE('',*,*,#1487,.T.);
#1006=ORIENTED_EDGE('',*,*,#1492,.F.);
#1007=ORIENTED_EDGE('',*,*,#1493,.T.);
#1008=ORIENTED_EDGE('',*,*,#1494,.F.);
#1009=ORIENTED_EDGE('',*,*,#1209,.F.);
#1010=ORIENTED_EDGE('',*,*,#1495,.T.);
#1011=ORIENTED_EDGE('',*,*,#1490,.T.);
#1012=ORIENTED_EDGE('',*,*,#1492,.T.);
#1013=ORIENTED_EDGE('',*,*,#1208,.F.);
#1014=ORIENTED_EDGE('',*,*,#1212,.T.);
#1015=ORIENTED_EDGE('',*,*,#1215,.T.);
#1016=ORIENTED_EDGE('',*,*,#1218,.T.);
#1017=ORIENTED_EDGE('',*,*,#1221,.F.);
#1018=ORIENTED_EDGE('',*,*,#1224,.F.);
#1019=ORIENTED_EDGE('',*,*,#1227,.F.);
#1020=ORIENTED_EDGE('',*,*,#1230,.F.);
#1021=ORIENTED_EDGE('',*,*,#1233,.F.);
#1022=ORIENTED_EDGE('',*,*,#1236,.T.);
#1023=ORIENTED_EDGE('',*,*,#1239,.T.);
#1024=ORIENTED_EDGE('',*,*,#1242,.T.);
#1025=ORIENTED_EDGE('',*,*,#1245,.F.);
#1026=ORIENTED_EDGE('',*,*,#1248,.F.);
#1027=ORIENTED_EDGE('',*,*,#1251,.F.);
#1028=ORIENTED_EDGE('',*,*,#1254,.F.);
#1029=ORIENTED_EDGE('',*,*,#1257,.F.);
#1030=ORIENTED_EDGE('',*,*,#1260,.T.);
#1031=ORIENTED_EDGE('',*,*,#1263,.T.);
#1032=ORIENTED_EDGE('',*,*,#1266,.T.);
#1033=ORIENTED_EDGE('',*,*,#1269,.F.);
#1034=ORIENTED_EDGE('',*,*,#1272,.F.);
#1035=ORIENTED_EDGE('',*,*,#1275,.F.);
#1036=ORIENTED_EDGE('',*,*,#1278,.F.);
#1037=ORIENTED_EDGE('',*,*,#1281,.F.);
#1038=ORIENTED_EDGE('',*,*,#1284,.T.);
#1039=ORIENTED_EDGE('',*,*,#1287,.T.);
#1040=ORIENTED_EDGE('',*,*,#1290,.T.);
#1041=ORIENTED_EDGE('',*,*,#1293,.F.);
#1042=ORIENTED_EDGE('',*,*,#1296,.F.);
#1043=ORIENTED_EDGE('',*,*,#1299,.F.);
#1044=ORIENTED_EDGE('',*,*,#1302,.F.);
#1045=ORIENTED_EDGE('',*,*,#1305,.F.);
#1046=ORIENTED_EDGE('',*,*,#1308,.T.);
#1047=ORIENTED_EDGE('',*,*,#1311,.T.);
#1048=ORIENTED_EDGE('',*,*,#1314,.T.);
#1049=ORIENTED_EDGE('',*,*,#1317,.F.);
#1050=ORIENTED_EDGE('',*,*,#1320,.F.);
#1051=ORIENTED_EDGE('',*,*,#1323,.F.);
#1052=ORIENTED_EDGE('',*,*,#1326,.F.);
#1053=ORIENTED_EDGE('',*,*,#1329,.F.);
#1054=ORIENTED_EDGE('',*,*,#1332,.T.);
#1055=ORIENTED_EDGE('',*,*,#1335,.T.);
#1056=ORIENTED_EDGE('',*,*,#1338,.T.);
#1057=ORIENTED_EDGE('',*,*,#1341,.F.);
#1058=ORIENTED_EDGE('',*,*,#1344,.F.);
#1059=ORIENTED_EDGE('',*,*,#1347,.F.);
#1060=ORIENTED_EDGE('',*,*,#1350,.F.);
#1061=ORIENTED_EDGE('',*,*,#1353,.F.);
#1062=ORIENTED_EDGE('',*,*,#1356,.T.);
#1063=ORIENTED_EDGE('',*,*,#1359,.T.);
#1064=ORIENTED_EDGE('',*,*,#1362,.T.);
#1065=ORIENTED_EDGE('',*,*,#1365,.F.);
#1066=ORIENTED_EDGE('',*,*,#1368,.F.);
#1067=ORIENTED_EDGE('',*,*,#1371,.F.);
#1068=ORIENTED_EDGE('',*,*,#1374,.F.);
#1069=ORIENTED_EDGE('',*,*,#1377,.F.);
#1070=ORIENTED_EDGE('',*,*,#1380,.T.);
#1071=ORIENTED_EDGE('',*,*,#1383,.T.);
#1072=ORIENTED_EDGE('',*,*,#1386,.T.);
#1073=ORIENTED_EDGE('',*,*,#1389,.F.);
#1074=ORIENTED_EDGE('',*,*,#1392,.F.);
#1075=ORIENTED_EDGE('',*,*,#1395,.F.);
#1076=ORIENTED_EDGE('',*,*,#1398,.F.);
#1077=ORIENTED_EDGE('',*,*,#1401,.F.);
#1078=ORIENTED_EDGE('',*,*,#1404,.T.);
#1079=ORIENTED_EDGE('',*,*,#1407,.T.);
#1080=ORIENTED_EDGE('',*,*,#1410,.T.);
#1081=ORIENTED_EDGE('',*,*,#1413,.F.);
#1082=ORIENTED_EDGE('',*,*,#1416,.F.);
#1083=ORIENTED_EDGE('',*,*,#1419,.F.);
#1084=ORIENTED_EDGE('',*,*,#1422,.F.);
#1085=ORIENTED_EDGE('',*,*,#1425,.F.);
#1086=ORIENTED_EDGE('',*,*,#1428,.T.);
#1087=ORIENTED_EDGE('',*,*,#1431,.T.);
#1088=ORIENTED_EDGE('',*,*,#1434,.T.);
#1089=ORIENTED_EDGE('',*,*,#1437,.F.);
#1090=ORIENTED_EDGE('',*,*,#1440,.F.);
#1091=ORIENTED_EDGE('',*,*,#1443,.F.);
#1092=ORIENTED_EDGE('',*,*,#1446,.F.);
#1093=ORIENTED_EDGE('',*,*,#1449,.F.);
#1094=ORIENTED_EDGE('',*,*,#1452,.T.);
#1095=ORIENTED_EDGE('',*,*,#1455,.T.);
#1096=ORIENTED_EDGE('',*,*,#1458,.T.);
#1097=ORIENTED_EDGE('',*,*,#1461,.F.);
#1098=ORIENTED_EDGE('',*,*,#1464,.F.);
#1099=ORIENTED_EDGE('',*,*,#1467,.F.);
#1100=ORIENTED_EDGE('',*,*,#1470,.F.);
#1101=ORIENTED_EDGE('',*,*,#1473,.F.);
#1102=ORIENTED_EDGE('',*,*,#1476,.T.);
#1103=ORIENTED_EDGE('',*,*,#1479,.T.);
#1104=ORIENTED_EDGE('',*,*,#1482,.T.);
#1105=ORIENTED_EDGE('',*,*,#1485,.F.);
#1106=ORIENTED_EDGE('',*,*,#1488,.F.);
#1107=ORIENTED_EDGE('',*,*,#1491,.F.);
#1108=ORIENTED_EDGE('',*,*,#1495,.F.);
#1109=ORIENTED_EDGE('',*,*,#1493,.F.);
#1110=ORIENTED_EDGE('',*,*,#1206,.T.);
#1111=ORIENTED_EDGE('',*,*,#1494,.T.);
#1112=ORIENTED_EDGE('',*,*,#1489,.T.);
#1113=ORIENTED_EDGE('',*,*,#1486,.T.);
#1114=ORIENTED_EDGE('',*,*,#1483,.T.);
#1115=ORIENTED_EDGE('',*,*,#1480,.F.);
#1116=ORIENTED_EDGE('',*,*,#1477,.F.);
#1117=ORIENTED_EDGE('',*,*,#1474,.F.);
#1118=ORIENTED_EDGE('',*,*,#1471,.T.);
#1119=ORIENTED_EDGE('',*,*,#1468,.T.);
#1120=ORIENTED_EDGE('',*,*,#1465,.T.);
#1121=ORIENTED_EDGE('',*,*,#1462,.T.);
#1122=ORIENTED_EDGE('',*,*,#1459,.T.);
#1123=ORIENTED_EDGE('',*,*,#1456,.F.);
#1124=ORIENTED_EDGE('',*,*,#1453,.F.);
#1125=ORIENTED_EDGE('',*,*,#1450,.F.);
#1126=ORIENTED_EDGE('',*,*,#1447,.T.);
#1127=ORIENTED_EDGE('',*,*,#1444,.T.);
#1128=ORIENTED_EDGE('',*,*,#1441,.T.);
#1129=ORIENTED_EDGE('',*,*,#1438,.T.);
#1130=ORIENTED_EDGE('',*,*,#1435,.T.);
#1131=ORIENTED_EDGE('',*,*,#1432,.F.);
#1132=ORIENTED_EDGE('',*,*,#1429,.F.);
#1133=ORIENTED_EDGE('',*,*,#1426,.F.);
#1134=ORIENTED_EDGE('',*,*,#1423,.T.);
#1135=ORIENTED_EDGE('',*,*,#1420,.T.);
#1136=ORIENTED_EDGE('',*,*,#1417,.T.);
#1137=ORIENTED_EDGE('',*,*,#1414,.T.);
#1138=ORIENTED_EDGE('',*,*,#1411,.T.);
#1139=ORIENTED_EDGE('',*,*,#1408,.F.);
#1140=ORIENTED_EDGE('',*,*,#1405,.F.);
#1141=ORIENTED_EDGE('',*,*,#1402,.F.);
#1142=ORIENTED_EDGE('',*,*,#1399,.T.);
#1143=ORIENTED_EDGE('',*,*,#1396,.T.);
#1144=ORIENTED_EDGE('',*,*,#1393,.T.);
#1145=ORIENTED_EDGE('',*,*,#1390,.T.);
#1146=ORIENTED_EDGE('',*,*,#1387,.T.);
#1147=ORIENTED_EDGE('',*,*,#1384,.F.);
#1148=ORIENTED_EDGE('',*,*,#1381,.F.);
#1149=ORIENTED_EDGE('',*,*,#1378,.F.);
#1150=ORIENTED_EDGE('',*,*,#1375,.T.);
#1151=ORIENTED_EDGE('',*,*,#1372,.T.);
#1152=ORIENTED_EDGE('',*,*,#1369,.T.);
#1153=ORIENTED_EDGE('',*,*,#1366,.T.);
#1154=ORIENTED_EDGE('',*,*,#1363,.T.);
#1155=ORIENTED_EDGE('',*,*,#1360,.F.);
#1156=ORIENTED_EDGE('',*,*,#1357,.F.);
#1157=ORIENTED_EDGE('',*,*,#1354,.F.);
#1158=ORIENTED_EDGE('',*,*,#1351,.T.);
#1159=ORIENTED_EDGE('',*,*,#1348,.T.);
#1160=ORIENTED_EDGE('',*,*,#1345,.T.);
#1161=ORIENTED_EDGE('',*,*,#1342,.T.);
#1162=ORIENTED_EDGE('',*,*,#1339,.T.);
#1163=ORIENTED_EDGE('',*,*,#1336,.F.);
#1164=ORIENTED_EDGE('',*,*,#1333,.F.);
#1165=ORIENTED_EDGE('',*,*,#1330,.F.);
#1166=ORIENTED_EDGE('',*,*,#1327,.T.);
#1167=ORIENTED_EDGE('',*,*,#1324,.T.);
#1168=ORIENTED_EDGE('',*,*,#1321,.T.);
#1169=ORIENTED_EDGE('',*,*,#1318,.T.);
#1170=ORIENTED_EDGE('',*,*,#1315,.T.);
#1171=ORIENTED_EDGE('',*,*,#1312,.F.);
#1172=ORIENTED_EDGE('',*,*,#1309,.F.);
#1173=ORIENTED_EDGE('',*,*,#1306,.F.);
#1174=ORIENTED_EDGE('',*,*,#1303,.T.);
#1175=ORIENTED_EDGE('',*,*,#1300,.T.);
#1176=ORIENTED_EDGE('',*,*,#1297,.T.);
#1177=ORIENTED_EDGE('',*,*,#1294,.T.);
#1178=ORIENTED_EDGE('',*,*,#1291,.T.);
#1179=ORIENTED_EDGE('',*,*,#1288,.F.);
#1180=ORIENTED_EDGE('',*,*,#1285,.F.);
#1181=ORIENTED_EDGE('',*,*,#1282,.F.);
#1182=ORIENTED_EDGE('',*,*,#1279,.T.);
#1183=ORIENTED_EDGE('',*,*,#1276,.T.);
#1184=ORIENTED_EDGE('',*,*,#1273,.T.);
#1185=ORIENTED_EDGE('',*,*,#1270,.T.);
#1186=ORIENTED_EDGE('',*,*,#1267,.T.);
#1187=ORIENTED_EDGE('',*,*,#1264,.F.);
#1188=ORIENTED_EDGE('',*,*,#1261,.F.);
#1189=ORIENTED_EDGE('',*,*,#1258,.F.);
#1190=ORIENTED_EDGE('',*,*,#1255,.T.);
#1191=ORIENTED_EDGE('',*,*,#1252,.T.);
#1192=ORIENTED_EDGE('',*,*,#1249,.T.);
#1193=ORIENTED_EDGE('',*,*,#1246,.T.);
#1194=ORIENTED_EDGE('',*,*,#1243,.T.);
#1195=ORIENTED_EDGE('',*,*,#1240,.F.);
#1196=ORIENTED_EDGE('',*,*,#1237,.F.);
#1197=ORIENTED_EDGE('',*,*,#1234,.F.);
#1198=ORIENTED_EDGE('',*,*,#1231,.T.);
#1199=ORIENTED_EDGE('',*,*,#1228,.T.);
#1200=ORIENTED_EDGE('',*,*,#1225,.T.);
#1201=ORIENTED_EDGE('',*,*,#1222,.T.);
#1202=ORIENTED_EDGE('',*,*,#1219,.T.);
#1203=ORIENTED_EDGE('',*,*,#1216,.F.);
#1204=ORIENTED_EDGE('',*,*,#1213,.F.);
#1205=ORIENTED_EDGE('',*,*,#1210,.F.);
#1206=EDGE_CURVE('',#1496,#1497,#1690,.T.);
#1207=EDGE_CURVE('',#1498,#1496,#98,.T.);
#1208=EDGE_CURVE('',#1498,#1499,#1691,.T.);
#1209=EDGE_CURVE('',#1499,#1497,#99,.T.);
#1210=EDGE_CURVE('',#1496,#1500,#100,.T.);
#1211=EDGE_CURVE('',#1501,#1500,#101,.T.);
#1212=EDGE_CURVE('',#1498,#1501,#102,.T.);
#1213=EDGE_CURVE('',#1500,#1502,#103,.T.);
#1214=EDGE_CURVE('',#1503,#1502,#104,.T.);
#1215=EDGE_CURVE('',#1501,#1503,#105,.T.);
#1216=EDGE_CURVE('',#1502,#1504,#106,.T.);
#1217=EDGE_CURVE('',#1505,#1504,#107,.T.);
#1218=EDGE_CURVE('',#1503,#1505,#108,.T.);
#1219=EDGE_CURVE('',#1506,#1504,#109,.T.);
#1220=EDGE_CURVE('',#1507,#1506,#110,.T.);
#1221=EDGE_CURVE('',#1507,#1505,#111,.T.);
#1222=EDGE_CURVE('',#1508,#1506,#112,.T.);
#1223=EDGE_CURVE('',#1509,#1508,#113,.T.);
#1224=EDGE_CURVE('',#1509,#1507,#114,.T.);
#1225=EDGE_CURVE('',#1510,#1508,#115,.T.);
#1226=EDGE_CURVE('',#1511,#1510,#116,.T.);
#1227=EDGE_CURVE('',#1511,#1509,#117,.T.);
#1228=EDGE_CURVE('',#1512,#1510,#118,.T.);
#1229=EDGE_CURVE('',#1513,#1512,#119,.T.);
#1230=EDGE_CURVE('',#1513,#1511,#120,.T.);
#1231=EDGE_CURVE('',#1514,#1512,#1692,.T.);
#1232=EDGE_CURVE('',#1515,#1514,#121,.T.);
#1233=EDGE_CURVE('',#1515,#1513,#1693,.T.);
#1234=EDGE_CURVE('',#1514,#1516,#122,.T.);
#1235=EDGE_CURVE('',#1517,#1516,#123,.T.);
#1236=EDGE_CURVE('',#1515,#1517,#124,.T.);
#1237=EDGE_CURVE('',#1516,#1518,#125,.T.);
#1238=EDGE_CURVE('',#1519,#1518,#126,.T.);
#1239=EDGE_CURVE('',#1517,#1519,#127,.T.);
#1240=EDGE_CURVE('',#1518,#1520,#128,.T.);
#1241=EDGE_CURVE('',#1521,#1520,#129,.T.);
#1242=EDGE_CURVE('',#1519,#1521,#130,.T.);
#1243=EDGE_CURVE('',#1522,#1520,#131,.T.);
#1244=EDGE_CURVE('',#1523,#1522,#132,.T.);
#1245=EDGE_CURVE('',#1523,#1521,#133,.T.);
#1246=EDGE_CURVE('',#1524,#1522,#134,.T.);
#1247=EDGE_CURVE('',#1525,#1524,#135,.T.);
#1248=EDGE_CURVE('',#1525,#1523,#136,.T.);
#1249=EDGE_CURVE('',#1526,#1524,#137,.T.);
#1250=EDGE_CURVE('',#1527,#1526,#138,.T.);
#1251=EDGE_CURVE('',#1527,#1525,#139,.T.);
#1252=EDGE_CURVE('',#1528,#1526,#140,.T.);
#1253=EDGE_CURVE('',#1529,#1528,#141,.T.);
#1254=EDGE_CURVE('',#1529,#1527,#142,.T.);
#1255=EDGE_CURVE('',#1530,#1528,#1694,.T.);
#1256=EDGE_CURVE('',#1531,#1530,#143,.T.);
#1257=EDGE_CURVE('',#1531,#1529,#1695,.T.);
#1258=EDGE_CURVE('',#1530,#1532,#144,.T.);
#1259=EDGE_CURVE('',#1533,#1532,#145,.T.);
#1260=EDGE_CURVE('',#1531,#1533,#146,.T.);
#1261=EDGE_CURVE('',#1532,#1534,#147,.T.);
#1262=EDGE_CURVE('',#1535,#1534,#148,.T.);
#1263=EDGE_CURVE('',#1533,#1535,#149,.T.);
#1264=EDGE_CURVE('',#1534,#1536,#150,.T.);
#1265=EDGE_CURVE('',#1537,#1536,#151,.T.);
#1266=EDGE_CURVE('',#1535,#1537,#152,.T.);
#1267=EDGE_CURVE('',#1538,#1536,#153,.T.);
#1268=EDGE_CURVE('',#1539,#1538,#154,.T.);
#1269=EDGE_CURVE('',#1539,#1537,#155,.T.);
#1270=EDGE_CURVE('',#1540,#1538,#156,.T.);
#1271=EDGE_CURVE('',#1541,#1540,#157,.T.);
#1272=EDGE_CURVE('',#1541,#1539,#158,.T.);
#1273=EDGE_CURVE('',#1542,#1540,#159,.T.);
#1274=EDGE_CURVE('',#1543,#1542,#160,.T.);
#1275=EDGE_CURVE('',#1543,#1541,#161,.T.);
#1276=EDGE_CURVE('',#1544,#1542,#162,.T.);
#1277=EDGE_CURVE('',#1545,#1544,#163,.T.);
#1278=EDGE_CURVE('',#1545,#1543,#164,.T.);
#1279=EDGE_CURVE('',#1546,#1544,#1696,.T.);
#1280=EDGE_CURVE('',#1547,#1546,#165,.T.);
#1281=EDGE_CURVE('',#1547,#1545,#1697,.T.);
#1282=EDGE_CURVE('',#1546,#1548,#166,.T.);
#1283=EDGE_CURVE('',#1549,#1548,#167,.T.);
#1284=EDGE_CURVE('',#1547,#1549,#168,.T.);
#1285=EDGE_CURVE('',#1548,#1550,#169,.T.);
#1286=EDGE_CURVE('',#1551,#1550,#170,.T.);
#1287=EDGE_CURVE('',#1549,#1551,#171,.T.);
#1288=EDGE_CURVE('',#1550,#1552,#172,.T.);
#1289=EDGE_CURVE('',#1553,#1552,#173,.T.);
#1290=EDGE_CURVE('',#1551,#1553,#174,.T.);
#1291=EDGE_CURVE('',#1554,#1552,#175,.T.);
#1292=EDGE_CURVE('',#1555,#1554,#176,.T.);
#1293=EDGE_CURVE('',#1555,#1553,#177,.T.);
#1294=EDGE_CURVE('',#1556,#1554,#178,.T.);
#1295=EDGE_CURVE('',#1557,#1556,#179,.T.);
#1296=EDGE_CURVE('',#1557,#1555,#180,.T.);
#1297=EDGE_CURVE('',#1558,#1556,#181,.T.);
#1298=EDGE_CURVE('',#1559,#1558,#182,.T.);
#1299=EDGE_CURVE('',#1559,#1557,#183,.T.);
#1300=EDGE_CURVE('',#1560,#1558,#184,.T.);
#1301=EDGE_CURVE('',#1561,#1560,#185,.T.);
#1302=EDGE_CURVE('',#1561,#1559,#186,.T.);
#1303=EDGE_CURVE('',#1562,#1560,#1698,.T.);
#1304=EDGE_CURVE('',#1563,#1562,#187,.T.);
#1305=EDGE_CURVE('',#1563,#1561,#1699,.T.);
#1306=EDGE_CURVE('',#1562,#1564,#188,.T.);
#1307=EDGE_CURVE('',#1565,#1564,#189,.T.);
#1308=EDGE_CURVE('',#1563,#1565,#190,.T.);
#1309=EDGE_CURVE('',#1564,#1566,#191,.T.);
#1310=EDGE_CURVE('',#1567,#1566,#192,.T.);
#1311=EDGE_CURVE('',#1565,#1567,#193,.T.);
#1312=EDGE_CURVE('',#1566,#1568,#194,.T.);
#1313=EDGE_CURVE('',#1569,#1568,#195,.T.);
#1314=EDGE_CURVE('',#1567,#1569,#196,.T.);
#1315=EDGE_CURVE('',#1570,#1568,#197,.T.);
#1316=EDGE_CURVE('',#1571,#1570,#198,.T.);
#1317=EDGE_CURVE('',#1571,#1569,#199,.T.);
#1318=EDGE_CURVE('',#1572,#1570,#200,.T.);
#1319=EDGE_CURVE('',#1573,#1572,#201,.T.);
#1320=EDGE_CURVE('',#1573,#1571,#202,.T.);
#1321=EDGE_CURVE('',#1574,#1572,#203,.T.);
#1322=EDGE_CURVE('',#1575,#1574,#204,.T.);
#1323=EDGE_CURVE('',#1575,#1573,#205,.T.);
#1324=EDGE_CURVE('',#1576,#1574,#206,.T.);
#1325=EDGE_CURVE('',#1577,#1576,#207,.T.);
#1326=EDGE_CURVE('',#1577,#1575,#208,.T.);
#1327=EDGE_CURVE('',#1578,#1576,#1700,.T.);
#1328=EDGE_CURVE('',#1579,#1578,#209,.T.);
#1329=EDGE_CURVE('',#1579,#1577,#1701,.T.);
#1330=EDGE_CURVE('',#1578,#1580,#210,.T.);
#1331=EDGE_CURVE('',#1581,#1580,#211,.T.);
#1332=EDGE_CURVE('',#1579,#1581,#212,.T.);
#1333=EDGE_CURVE('',#1580,#1582,#213,.T.);
#1334=EDGE_CURVE('',#1583,#1582,#214,.T.);
#1335=EDGE_CURVE('',#1581,#1583,#215,.T.);
#1336=EDGE_CURVE('',#1582,#1584,#216,.T.);
#1337=EDGE_CURVE('',#1585,#1584,#217,.T.);
#1338=EDGE_CURVE('',#1583,#1585,#218,.T.);
#1339=EDGE_CURVE('',#1586,#1584,#219,.T.);
#1340=EDGE_CURVE('',#1587,#1586,#220,.T.);
#1341=EDGE_CURVE('',#1587,#1585,#221,.T.);
#1342=EDGE_CURVE('',#1588,#1586,#222,.T.);
#1343=EDGE_CURVE('',#1589,#1588,#223,.T.);
#1344=EDGE_CURVE('',#1589,#1587,#224,.T.);
#1345=EDGE_CURVE('',#1590,#1588,#225,.T.);
#1346=EDGE_CURVE('',#1591,#1590,#226,.T.);
#1347=EDGE_CURVE('',#1591,#1589,#227,.T.);
#1348=EDGE_CURVE('',#1592,#1590,#228,.T.);
#1349=EDGE_CURVE('',#1593,#1592,#229,.T.);
#1350=EDGE_CURVE('',#1593,#1591,#230,.T.);
#1351=EDGE_CURVE('',#1594,#1592,#1702,.T.);
#1352=EDGE_CURVE('',#1595,#1594,#231,.T.);
#1353=EDGE_CURVE('',#1595,#1593,#1703,.T.);
#1354=EDGE_CURVE('',#1594,#1596,#232,.T.);
#1355=EDGE_CURVE('',#1597,#1596,#233,.T.);
#1356=EDGE_CURVE('',#1595,#1597,#234,.T.);
#1357=EDGE_CURVE('',#1596,#1598,#235,.T.);
#1358=EDGE_CURVE('',#1599,#1598,#236,.T.);
#1359=EDGE_CURVE('',#1597,#1599,#237,.T.);
#1360=EDGE_CURVE('',#1598,#1600,#238,.T.);
#1361=EDGE_CURVE('',#1601,#1600,#239,.T.);
#1362=EDGE_CURVE('',#1599,#1601,#240,.T.);
#1363=EDGE_CURVE('',#1602,#1600,#241,.T.);
#1364=EDGE_CURVE('',#1603,#1602,#242,.T.);
#1365=EDGE_CURVE('',#1603,#1601,#243,.T.);
#1366=EDGE_CURVE('',#1604,#1602,#244,.T.);
#1367=EDGE_CURVE('',#1605,#1604,#245,.T.);
#1368=EDGE_CURVE('',#1605,#1603,#246,.T.);
#1369=EDGE_CURVE('',#1606,#1604,#247,.T.);
#1370=EDGE_CURVE('',#1607,#1606,#248,.T.);
#1371=EDGE_CURVE('',#1607,#1605,#249,.T.);
#1372=EDGE_CURVE('',#1608,#1606,#250,.T.);
#1373=EDGE_CURVE('',#1609,#1608,#251,.T.);
#1374=EDGE_CURVE('',#1609,#1607,#252,.T.);
#1375=EDGE_CURVE('',#1610,#1608,#1704,.T.);
#1376=EDGE_CURVE('',#1611,#1610,#253,.T.);
#1377=EDGE_CURVE('',#1611,#1609,#1705,.T.);
#1378=EDGE_CURVE('',#1610,#1612,#254,.T.);
#1379=EDGE_CURVE('',#1613,#1612,#255,.T.);
#1380=EDGE_CURVE('',#1611,#1613,#256,.T.);
#1381=EDGE_CURVE('',#1612,#1614,#257,.T.);
#1382=EDGE_CURVE('',#1615,#1614,#258,.T.);
#1383=EDGE_CURVE('',#1613,#1615,#259,.T.);
#1384=EDGE_CURVE('',#1614,#1616,#260,.T.);
#1385=EDGE_CURVE('',#1617,#1616,#261,.T.);
#1386=EDGE_CURVE('',#1615,#1617,#262,.T.);
#1387=EDGE_CURVE('',#1618,#1616,#263,.T.);
#1388=EDGE_CURVE('',#1619,#1618,#264,.T.);
#1389=EDGE_CURVE('',#1619,#1617,#265,.T.);
#1390=EDGE_CURVE('',#1620,#1618,#266,.T.);
#1391=EDGE_CURVE('',#1621,#1620,#267,.T.);
#1392=EDGE_CURVE('',#1621,#1619,#268,.T.);
#1393=EDGE_CURVE('',#1622,#1620,#269,.T.);
#1394=EDGE_CURVE('',#1623,#1622,#270,.T.);
#1395=EDGE_CURVE('',#1623,#1621,#271,.T.);
#1396=EDGE_CURVE('',#1624,#1622,#272,.T.);
#1397=EDGE_CURVE('',#1625,#1624,#273,.T.);
#1398=EDGE_CURVE('',#1625,#1623,#274,.T.);
#1399=EDGE_CURVE('',#1626,#1624,#1706,.T.);
#1400=EDGE_CURVE('',#1627,#1626,#275,.T.);
#1401=EDGE_CURVE('',#1627,#1625,#1707,.T.);
#1402=EDGE_CURVE('',#1626,#1628,#276,.T.);
#1403=EDGE_CURVE('',#1629,#1628,#277,.T.);
#1404=EDGE_CURVE('',#1627,#1629,#278,.T.);
#1405=EDGE_CURVE('',#1628,#1630,#279,.T.);
#1406=EDGE_CURVE('',#1631,#1630,#280,.T.);
#1407=EDGE_CURVE('',#1629,#1631,#281,.T.);
#1408=EDGE_CURVE('',#1630,#1632,#282,.T.);
#1409=EDGE_CURVE('',#1633,#1632,#283,.T.);
#1410=EDGE_CURVE('',#1631,#1633,#284,.T.);
#1411=EDGE_CURVE('',#1634,#1632,#285,.T.);
#1412=EDGE_CURVE('',#1635,#1634,#286,.T.);
#1413=EDGE_CURVE('',#1635,#1633,#287,.T.);
#1414=EDGE_CURVE('',#1636,#1634,#288,.T.);
#1415=EDGE_CURVE('',#1637,#1636,#289,.T.);
#1416=EDGE_CURVE('',#1637,#1635,#290,.T.);
#1417=EDGE_CURVE('',#1638,#1636,#291,.T.);
#1418=EDGE_CURVE('',#1639,#1638,#292,.T.);
#1419=EDGE_CURVE('',#1639,#1637,#293,.T.);
#1420=EDGE_CURVE('',#1640,#1638,#294,.T.);
#1421=EDGE_CURVE('',#1641,#1640,#295,.T.);
#1422=EDGE_CURVE('',#1641,#1639,#296,.T.);
#1423=EDGE_CURVE('',#1642,#1640,#1708,.T.);
#1424=EDGE_CURVE('',#1643,#1642,#297,.T.);
#1425=EDGE_CURVE('',#1643,#1641,#1709,.T.);
#1426=EDGE_CURVE('',#1642,#1644,#298,.T.);
#1427=EDGE_CURVE('',#1645,#1644,#299,.T.);
#1428=EDGE_CURVE('',#1643,#1645,#300,.T.);
#1429=EDGE_CURVE('',#1644,#1646,#301,.T.);
#1430=EDGE_CURVE('',#1647,#1646,#302,.T.);
#1431=EDGE_CURVE('',#1645,#1647,#303,.T.);
#1432=EDGE_CURVE('',#1646,#1648,#304,.T.);
#1433=EDGE_CURVE('',#1649,#1648,#305,.T.);
#1434=EDGE_CURVE('',#1647,#1649,#306,.T.);
#1435=EDGE_CURVE('',#1650,#1648,#307,.T.);
#1436=EDGE_CURVE('',#1651,#1650,#308,.T.);
#1437=EDGE_CURVE('',#1651,#1649,#309,.T.);
#1438=EDGE_CURVE('',#1652,#1650,#310,.T.);
#1439=EDGE_CURVE('',#1653,#1652,#311,.T.);
#1440=EDGE_CURVE('',#1653,#1651,#312,.T.);
#1441=EDGE_CURVE('',#1654,#1652,#313,.T.);
#1442=EDGE_CURVE('',#1655,#1654,#314,.T.);
#1443=EDGE_CURVE('',#1655,#1653,#315,.T.);
#1444=EDGE_CURVE('',#1656,#1654,#316,.T.);
#1445=EDGE_CURVE('',#1657,#1656,#317,.T.);
#1446=EDGE_CURVE('',#1657,#1655,#318,.T.);
#1447=EDGE_CURVE('',#1658,#1656,#1710,.T.);
#1448=EDGE_CURVE('',#1659,#1658,#319,.T.);
#1449=EDGE_CURVE('',#1659,#1657,#1711,.T.);
#1450=EDGE_CURVE('',#1658,#1660,#320,.T.);
#1451=EDGE_CURVE('',#1661,#1660,#321,.T.);
#1452=EDGE_CURVE('',#1659,#1661,#322,.T.);
#1453=EDGE_CURVE('',#1660,#1662,#323,.T.);
#1454=EDGE_CURVE('',#1663,#1662,#324,.T.);
#1455=EDGE_CURVE('',#1661,#1663,#325,.T.);
#1456=EDGE_CURVE('',#1662,#1664,#326,.T.);
#1457=EDGE_CURVE('',#1665,#1664,#327,.T.);
#1458=EDGE_CURVE('',#1663,#1665,#328,.T.);
#1459=EDGE_CURVE('',#1666,#1664,#329,.T.);
#1460=EDGE_CURVE('',#1667,#1666,#330,.T.);
#1461=EDGE_CURVE('',#1667,#1665,#331,.T.);
#1462=EDGE_CURVE('',#1668,#1666,#332,.T.);
#1463=EDGE_CURVE('',#1669,#1668,#333,.T.);
#1464=EDGE_CURVE('',#1669,#1667,#334,.T.);
#1465=EDGE_CURVE('',#1670,#1668,#335,.T.);
#1466=EDGE_CURVE('',#1671,#1670,#336,.T.);
#1467=EDGE_CURVE('',#1671,#1669,#337,.T.);
#1468=EDGE_CURVE('',#1672,#1670,#338,.T.);
#1469=EDGE_CURVE('',#1673,#1672,#339,.T.);
#1470=EDGE_CURVE('',#1673,#1671,#340,.T.);
#1471=EDGE_CURVE('',#1674,#1672,#1712,.T.);
#1472=EDGE_CURVE('',#1675,#1674,#341,.T.);
#1473=EDGE_CURVE('',#1675,#1673,#1713,.T.);
#1474=EDGE_CURVE('',#1674,#1676,#342,.T.);
#1475=EDGE_CURVE('',#1677,#1676,#343,.T.);
#1476=EDGE_CURVE('',#1675,#1677,#344,.T.);
#1477=EDGE_CURVE('',#1676,#1678,#345,.T.);
#1478=EDGE_CURVE('',#1679,#1678,#346,.T.);
#1479=EDGE_CURVE('',#1677,#1679,#347,.T.);
#1480=EDGE_CURVE('',#1678,#1680,#348,.T.);
#1481=EDGE_CURVE('',#1681,#1680,#349,.T.);
#1482=EDGE_CURVE('',#1679,#1681,#350,.T.);
#1483=EDGE_CURVE('',#1682,#1680,#351,.T.);
#1484=EDGE_CURVE('',#1683,#1682,#352,.T.);
#1485=EDGE_CURVE('',#1683,#1681,#353,.T.);
#1486=EDGE_CURVE('',#1684,#1682,#354,.T.);
#1487=EDGE_CURVE('',#1685,#1684,#355,.T.);
#1488=EDGE_CURVE('',#1685,#1683,#356,.T.);
#1489=EDGE_CURVE('',#1686,#1684,#357,.T.);
#1490=EDGE_CURVE('',#1687,#1686,#358,.T.);
#1491=EDGE_CURVE('',#1687,#1685,#359,.T.);
#1492=EDGE_CURVE('',#1688,#1688,#1714,.T.);
#1493=EDGE_CURVE('',#1689,#1689,#1715,.T.);
#1494=EDGE_CURVE('',#1497,#1686,#360,.T.);
#1495=EDGE_CURVE('',#1499,#1687,#361,.T.);
#1496=VERTEX_POINT('',#2689);
#1497=VERTEX_POINT('',#2690);
#1498=VERTEX_POINT('',#2692);
#1499=VERTEX_POINT('',#2694);
#1500=VERTEX_POINT('',#2698);
#1501=VERTEX_POINT('',#2700);
#1502=VERTEX_POINT('',#2704);
#1503=VERTEX_POINT('',#2706);
#1504=VERTEX_POINT('',#2710);
#1505=VERTEX_POINT('',#2712);
#1506=VERTEX_POINT('',#2716);
#1507=VERTEX_POINT('',#2718);
#1508=VERTEX_POINT('',#2722);
#1509=VERTEX_POINT('',#2724);
#1510=VERTEX_POINT('',#2728);
#1511=VERTEX_POINT('',#2730);
#1512=VERTEX_POINT('',#2734);
#1513=VERTEX_POINT('',#2736);
#1514=VERTEX_POINT('',#2740);
#1515=VERTEX_POINT('',#2742);
#1516=VERTEX_POINT('',#2746);
#1517=VERTEX_POINT('',#2748);
#1518=VERTEX_POINT('',#2752);
#1519=VERTEX_POINT('',#2754);
#1520=VERTEX_POINT('',#2758);
#1521=VERTEX_POINT('',#2760);
#1522=VERTEX_POINT('',#2764);
#1523=VERTEX_POINT('',#2766);
#1524=VERTEX_POINT('',#2770);
#1525=VERTEX_POINT('',#2772);
#1526=VERTEX_POINT('',#2776);
#1527=VERTEX_POINT('',#2778);
#1528=VERTEX_POINT('',#2782);
#1529=VERTEX_POINT('',#2784);
#1530=VERTEX_POINT('',#2788);
#1531=VERTEX_POINT('',#2790);
#1532=VERTEX_POINT('',#2794);
#1533=VERTEX_POINT('',#2796);
#1534=VERTEX_POINT('',#2800);
#1535=VERTEX_POINT('',#2802);
#1536=VERTEX_POINT('',#2806);
#1537=VERTEX_POINT('',#2808);
#1538=VERTEX_POINT('',#2812);
#1539=VERTEX_POINT('',#2814);
#1540=VERTEX_POINT('',#2818);
#1541=VERTEX_POINT('',#2820);
#1542=VERTEX_POINT('',#2824);
#1543=VERTEX_POINT('',#2826);
#1544=VERTEX_POINT('',#2830);
#1545=VERTEX_POINT('',#2832);
#1546=VERTEX_POINT('',#2836);
#1547=VERTEX_POINT('',#2838);
#1548=VERTEX_POINT('',#2842);
#1549=VERTEX_POINT('',#2844);
#1550=VERTEX_POINT('',#2848);
#1551=VERTEX_POINT('',#2850);
#1552=VERTEX_POINT('',#2854);
#1553=VERTEX_POINT('',#2856);
#1554=VERTEX_POINT('',#2860);
#1555=VERTEX_POINT('',#2862);
#1556=VERTEX_POINT('',#2866);
#1557=VERTEX_POINT('',#2868);
#1558=VERTEX_POINT('',#2872);
#1559=VERTEX_POINT('',#2874);
#1560=VERTEX_POINT('',#2878);
#1561=VERTEX_POINT('',#2880);
#1562=VERTEX_POINT('',#2884);
#1563=VERTEX_POINT('',#2886);
#1564=VERTEX_POINT('',#2890);
#1565=VERTEX_POINT('',#2892);
#1566=VERTEX_POINT('',#2896);
#1567=VERTEX_POINT('',#2898);
#1568=VERTEX_POINT('',#2902);
#1569=VERTEX_POINT('',#2904);
#1570=VERTEX_POINT('',#2908);
#1571=VERTEX_POINT('',#2910);
#1572=VERTEX_POINT('',#2914);
#1573=VERTEX_POINT('',#2916);
#1574=VERTEX_POINT('',#2920);
#1575=VERTEX_POINT('',#2922);
#1576=VERTEX_POINT('',#2926);
#1577=VERTEX_POINT('',#2928);
#1578=VERTEX_POINT('',#2932);
#1579=VERTEX_POINT('',#2934);
#1580=VERTEX_POINT('',#2938);
#1581=VERTEX_POINT('',#2940);
#1582=VERTEX_POINT('',#2944);
#1583=VERTEX_POINT('',#2946);
#1584=VERTEX_POINT('',#2950);
#1585=VERTEX_POINT('',#2952);
#1586=VERTEX_POINT('',#2956);
#1587=VERTEX_POINT('',#2958);
#1588=VERTEX_POINT('',#2962);
#1589=VERTEX_POINT('',#2964);
#1590=VERTEX_POINT('',#2968);
#1591=VERTEX_POINT('',#2970);
#1592=VERTEX_POINT('',#2974);
#1593=VERTEX_POINT('',#2976);
#1594=VERTEX_POINT('',#2980);
#1595=VERTEX_POINT('',#2982);
#1596=VERTEX_POINT('',#2986);
#1597=VERTEX_POINT('',#2988);
#1598=VERTEX_POINT('',#2992);
#1599=VERTEX_POINT('',#2994);
#1600=VERTEX_POINT('',#2998);
#1601=VERTEX_POINT('',#3000);
#1602=VERTEX_POINT('',#3004);
#1603=VERTEX_POINT('',#3006);
#1604=VERTEX_POINT('',#3010);
#1605=VERTEX_POINT('',#3012);
#1606=VERTEX_POINT('',#3016);
#1607=VERTEX_POINT('',#3018);
#1608=VERTEX_POINT('',#3022);
#1609=VERTEX_POINT('',#3024);
#1610=VERTEX_POINT('',#3028);
#1611=VERTEX_POINT('',#3030);
#1612=VERTEX_POINT('',#3034);
#1613=VERTEX_POINT('',#3036);
#1614=VERTEX_POINT('',#3040);
#1615=VERTEX_POINT('',#3042);
#1616=VERTEX_POINT('',#3046);
#1617=VERTEX_POINT('',#3048);
#1618=VERTEX_POINT('',#3052);
#1619=VERTEX_POINT('',#3054);
#1620=VERTEX_POINT('',#3058);
#1621=VERTEX_POINT('',#3060);
#1622=VERTEX_POINT('',#3064);
#1623=VERTEX_POINT('',#3066);
#1624=VERTEX_POINT('',#3070);
#1625=VERTEX_POINT('',#3072);
#1626=VERTEX_POINT('',#3076);
#1627=VERTEX_POINT('',#3078);
#1628=VERTEX_POINT('',#3082);
#1629=VERTEX_POINT('',#3084);
#1630=VERTEX_POINT('',#3088);
#1631=VERTEX_POINT('',#3090);
#1632=VERTEX_POINT('',#3094);
#1633=VERTEX_POINT('',#3096);
#1634=VERTEX_POINT('',#3100);
#1635=VERTEX_POINT('',#3102);
#1636=VERTEX_POINT('',#3106);
#1637=VERTEX_POINT('',#3108);
#1638=VERTEX_POINT('',#3112);
#1639=VERTEX_POINT('',#3114);
#1640=VERTEX_POINT('',#3118);
#1641=VERTEX_POINT('',#3120);
#1642=VERTEX_POINT('',#3124);
#1643=VERTEX_POINT('',#3126);
#1644=VERTEX_POINT('',#3130);
#1645=VERTEX_POINT('',#3132);
#1646=VERTEX_POINT('',#3136);
#1647=VERTEX_POINT('',#3138);
#1648=VERTEX_POINT('',#3142);
#1649=VERTEX_POINT('',#3144);
#1650=VERTEX_POINT('',#3148);
#1651=VERTEX_POINT('',#3150);
#1652=VERTEX_POINT('',#3154);
#1653=VERTEX_POINT('',#3156);
#1654=VERTEX_POINT('',#3160);
#1655=VERTEX_POINT('',#3162);
#1656=VERTEX_POINT('',#3166);
#1657=VERTEX_POINT('',#3168);
#1658=VERTEX_POINT('',#3172);
#1659=VERTEX_POINT('',#3174);
#1660=VERTEX_POINT('',#3178);
#1661=VERTEX_POINT('',#3180);
#1662=VERTEX_POINT('',#3184);
#1663=VERTEX_POINT('',#3186);
#1664=VERTEX_POINT('',#3190);
#1665=VERTEX_POINT('',#3192);
#1666=VERTEX_POINT('',#3196);
#1667=VERTEX_POINT('',#3198);
#1668=VERTEX_POINT('',#3202);
#1669=VERTEX_POINT('',#3204);
#1670=VERTEX_POINT('',#3208);
#1671=VERTEX_POINT('',#3210);
#1672=VERTEX_POINT('',#3214);
#1673=VERTEX_POINT('',#3216);
#1674=VERTEX_POINT('',#3220);
#1675=VERTEX_POINT('',#3222);
#1676=VERTEX_POINT('',#3226);
#1677=VERTEX_POINT('',#3228);
#1678=VERTEX_POINT('',#3232);
#1679=VERTEX_POINT('',#3234);
#1680=VERTEX_POINT('',#3238);
#1681=VERTEX_POINT('',#3240);
#1682=VERTEX_POINT('',#3244);
#1683=VERTEX_POINT('',#3246);
#1684=VERTEX_POINT('',#3250);
#1685=VERTEX_POINT('',#3252);
#1686=VERTEX_POINT('',#3256);
#1687=VERTEX_POINT('',#3258);
#1688=VERTEX_POINT('',#3262);
#1689=VERTEX_POINT('',#3264);
#1690=CIRCLE('',#2046,0.0330000000000005);
#1691=CIRCLE('',#2047,0.0330000000000005);
#1692=CIRCLE('',#2056,0.033);
#1693=CIRCLE('',#2057,0.033);
#1694=CIRCLE('',#2066,0.0330000000000007);
#1695=CIRCLE('',#2067,0.0330000000000007);
#1696=CIRCLE('',#2076,0.0330000000000004);
#1697=CIRCLE('',#2077,0.0330000000000004);
#1698=CIRCLE('',#2086,0.033);
#1699=CIRCLE('',#2087,0.033);
#1700=CIRCLE('',#2096,0.0330000000000005);
#1701=CIRCLE('',#2097,0.0330000000000005);
#1702=CIRCLE('',#2106,0.0330000000000004);
#1703=CIRCLE('',#2107,0.0330000000000004);
#1704=CIRCLE('',#2116,0.033);
#1705=CIRCLE('',#2117,0.033);
#1706=CIRCLE('',#2126,0.0330000000000005);
#1707=CIRCLE('',#2127,0.0330000000000005);
#1708=CIRCLE('',#2136,0.0330000000000003);
#1709=CIRCLE('',#2137,0.0330000000000003);
#1710=CIRCLE('',#2146,0.033);
#1711=CIRCLE('',#2147,0.033);
#1712=CIRCLE('',#2156,0.0330000000000005);
#1713=CIRCLE('',#2157,0.0330000000000005);
#1714=CIRCLE('',#2165,0.0425);
#1715=CIRCLE('',#2166,0.0425);
#1716=EDGE_LOOP('',(#626,#627,#628,#629));
#1717=EDGE_LOOP('',(#630,#631,#632,#633));
#1718=EDGE_LOOP('',(#634,#635,#636,#637));
#1719=EDGE_LOOP('',(#638,#639,#640,#641));
#1720=EDGE_LOOP('',(#642,#643,#644,#645));
#1721=EDGE_LOOP('',(#646,#647,#648,#649));
#1722=EDGE_LOOP('',(#650,#651,#652,#653));
#1723=EDGE_LOOP('',(#654,#655,#656,#657));
#1724=EDGE_LOOP('',(#658,#659,#660,#661));
#1725=EDGE_LOOP('',(#662,#663,#664,#665));
#1726=EDGE_LOOP('',(#666,#667,#668,#669));
#1727=EDGE_LOOP('',(#670,#671,#672,#673));
#1728=EDGE_LOOP('',(#674,#675,#676,#677));
#1729=EDGE_LOOP('',(#678,#679,#680,#681));
#1730=EDGE_LOOP('',(#682,#683,#684,#685));
#1731=EDGE_LOOP('',(#686,#687,#688,#689));
#1732=EDGE_LOOP('',(#690,#691,#692,#693));
#1733=EDGE_LOOP('',(#694,#695,#696,#697));
#1734=EDGE_LOOP('',(#698,#699,#700,#701));
#1735=EDGE_LOOP('',(#702,#703,#704,#705));
#1736=EDGE_LOOP('',(#706,#707,#708,#709));
#1737=EDGE_LOOP('',(#710,#711,#712,#713));
#1738=EDGE_LOOP('',(#714,#715,#716,#717));
#1739=EDGE_LOOP('',(#718,#719,#720,#721));
#1740=EDGE_LOOP('',(#722,#723,#724,#725));
#1741=EDGE_LOOP('',(#726,#727,#728,#729));
#1742=EDGE_LOOP('',(#730,#731,#732,#733));
#1743=EDGE_LOOP('',(#734,#735,#736,#737));
#1744=EDGE_LOOP('',(#738,#739,#740,#741));
#1745=EDGE_LOOP('',(#742,#743,#744,#745));
#1746=EDGE_LOOP('',(#746,#747,#748,#749));
#1747=EDGE_LOOP('',(#750,#751,#752,#753));
#1748=EDGE_LOOP('',(#754,#755,#756,#757));
#1749=EDGE_LOOP('',(#758,#759,#760,#761));
#1750=EDGE_LOOP('',(#762,#763,#764,#765));
#1751=EDGE_LOOP('',(#766,#767,#768,#769));
#1752=EDGE_LOOP('',(#770,#771,#772,#773));
#1753=EDGE_LOOP('',(#774,#775,#776,#777));
#1754=EDGE_LOOP('',(#778,#779,#780,#781));
#1755=EDGE_LOOP('',(#782,#783,#784,#785));
#1756=EDGE_LOOP('',(#786,#787,#788,#789));
#1757=EDGE_LOOP('',(#790,#791,#792,#793));
#1758=EDGE_LOOP('',(#794,#795,#796,#797));
#1759=EDGE_LOOP('',(#798,#799,#800,#801));
#1760=EDGE_LOOP('',(#802,#803,#804,#805));
#1761=EDGE_LOOP('',(#806,#807,#808,#809));
#1762=EDGE_LOOP('',(#810,#811,#812,#813));
#1763=EDGE_LOOP('',(#814,#815,#816,#817));
#1764=EDGE_LOOP('',(#818,#819,#820,#821));
#1765=EDGE_LOOP('',(#822,#823,#824,#825));
#1766=EDGE_LOOP('',(#826,#827,#828,#829));
#1767=EDGE_LOOP('',(#830,#831,#832,#833));
#1768=EDGE_LOOP('',(#834,#835,#836,#837));
#1769=EDGE_LOOP('',(#838,#839,#840,#841));
#1770=EDGE_LOOP('',(#842,#843,#844,#845));
#1771=EDGE_LOOP('',(#846,#847,#848,#849));
#1772=EDGE_LOOP('',(#850,#851,#852,#853));
#1773=EDGE_LOOP('',(#854,#855,#856,#857));
#1774=EDGE_LOOP('',(#858,#859,#860,#861));
#1775=EDGE_LOOP('',(#862,#863,#864,#865));
#1776=EDGE_LOOP('',(#866,#867,#868,#869));
#1777=EDGE_LOOP('',(#870,#871,#872,#873));
#1778=EDGE_LOOP('',(#874,#875,#876,#877));
#1779=EDGE_LOOP('',(#878,#879,#880,#881));
#1780=EDGE_LOOP('',(#882,#883,#884,#885));
#1781=EDGE_LOOP('',(#886,#887,#888,#889));
#1782=EDGE_LOOP('',(#890,#891,#892,#893));
#1783=EDGE_LOOP('',(#894,#895,#896,#897));
#1784=EDGE_LOOP('',(#898,#899,#900,#901));
#1785=EDGE_LOOP('',(#902,#903,#904,#905));
#1786=EDGE_LOOP('',(#906,#907,#908,#909));
#1787=EDGE_LOOP('',(#910,#911,#912,#913));
#1788=EDGE_LOOP('',(#914,#915,#916,#917));
#1789=EDGE_LOOP('',(#918,#919,#920,#921));
#1790=EDGE_LOOP('',(#922,#923,#924,#925));
#1791=EDGE_LOOP('',(#926,#927,#928,#929));
#1792=EDGE_LOOP('',(#930,#931,#932,#933));
#1793=EDGE_LOOP('',(#934,#935,#936,#937));
#1794=EDGE_LOOP('',(#938,#939,#940,#941));
#1795=EDGE_LOOP('',(#942,#943,#944,#945));
#1796=EDGE_LOOP('',(#946,#947,#948,#949));
#1797=EDGE_LOOP('',(#950,#951,#952,#953));
#1798=EDGE_LOOP('',(#954,#955,#956,#957));
#1799=EDGE_LOOP('',(#958,#959,#960,#961));
#1800=EDGE_LOOP('',(#962,#963,#964,#965));
#1801=EDGE_LOOP('',(#966,#967,#968,#969));
#1802=EDGE_LOOP('',(#970,#971,#972,#973));
#1803=EDGE_LOOP('',(#974,#975,#976,#977));
#1804=EDGE_LOOP('',(#978,#979,#980,#981));
#1805=EDGE_LOOP('',(#982,#983,#984,#985));
#1806=EDGE_LOOP('',(#986,#987,#988,#989));
#1807=EDGE_LOOP('',(#990,#991,#992,#993));
#1808=EDGE_LOOP('',(#994,#995,#996,#997));
#1809=EDGE_LOOP('',(#998,#999,#1000,#1001));
#1810=EDGE_LOOP('',(#1002,#1003,#1004,#1005));
#1811=EDGE_LOOP('',(#1006));
#1812=EDGE_LOOP('',(#1007));
#1813=EDGE_LOOP('',(#1008,#1009,#1010,#1011));
#1814=EDGE_LOOP('',(#1012));
#1815=EDGE_LOOP('',(#1013,#1014,#1015,#1016,#1017,#1018,#1019,#1020,#1021,
#1022,#1023,#1024,#1025,#1026,#1027,#1028,#1029,#1030,#1031,#1032,#1033,
#1034,#1035,#1036,#1037,#1038,#1039,#1040,#1041,#1042,#1043,#1044,#1045,
#1046,#1047,#1048,#1049,#1050,#1051,#1052,#1053,#1054,#1055,#1056,#1057,
#1058,#1059,#1060,#1061,#1062,#1063,#1064,#1065,#1066,#1067,#1068,#1069,
#1070,#1071,#1072,#1073,#1074,#1075,#1076,#1077,#1078,#1079,#1080,#1081,
#1082,#1083,#1084,#1085,#1086,#1087,#1088,#1089,#1090,#1091,#1092,#1093,
#1094,#1095,#1096,#1097,#1098,#1099,#1100,#1101,#1102,#1103,#1104,#1105,
#1106,#1107,#1108));
#1816=EDGE_LOOP('',(#1109));
#1817=EDGE_LOOP('',(#1110,#1111,#1112,#1113,#1114,#1115,#1116,#1117,#1118,
#1119,#1120,#1121,#1122,#1123,#1124,#1125,#1126,#1127,#1128,#1129,#1130,
#1131,#1132,#1133,#1134,#1135,#1136,#1137,#1138,#1139,#1140,#1141,#1142,
#1143,#1144,#1145,#1146,#1147,#1148,#1149,#1150,#1151,#1152,#1153,#1154,
#1155,#1156,#1157,#1158,#1159,#1160,#1161,#1162,#1163,#1164,#1165,#1166,
#1167,#1168,#1169,#1170,#1171,#1172,#1173,#1174,#1175,#1176,#1177,#1178,
#1179,#1180,#1181,#1182,#1183,#1184,#1185,#1186,#1187,#1188,#1189,#1190,
#1191,#1192,#1193,#1194,#1195,#1196,#1197,#1198,#1199,#1200,#1201,#1202,
#1203,#1204,#1205));
#1818=FACE_BOUND('',#1716,.T.);
#1819=FACE_BOUND('',#1717,.T.);
#1820=FACE_BOUND('',#1718,.T.);
#1821=FACE_BOUND('',#1719,.T.);
#1822=FACE_BOUND('',#1720,.T.);
#1823=FACE_BOUND('',#1721,.T.);
#1824=FACE_BOUND('',#1722,.T.);
#1825=FACE_BOUND('',#1723,.T.);
#1826=FACE_BOUND('',#1724,.T.);
#1827=FACE_BOUND('',#1725,.T.);
#1828=FACE_BOUND('',#1726,.T.);
#1829=FACE_BOUND('',#1727,.T.);
#1830=FACE_BOUND('',#1728,.T.);
#1831=FACE_BOUND('',#1729,.T.);
#1832=FACE_BOUND('',#1730,.T.);
#1833=FACE_BOUND('',#1731,.T.);
#1834=FACE_BOUND('',#1732,.T.);
#1835=FACE_BOUND('',#1733,.T.);
#1836=FACE_BOUND('',#1734,.T.);
#1837=FACE_BOUND('',#1735,.T.);
#1838=FACE_BOUND('',#1736,.T.);
#1839=FACE_BOUND('',#1737,.T.);
#1840=FACE_BOUND('',#1738,.T.);
#1841=FACE_BOUND('',#1739,.T.);
#1842=FACE_BOUND('',#1740,.T.);
#1843=FACE_BOUND('',#1741,.T.);
#1844=FACE_BOUND('',#1742,.T.);
#1845=FACE_BOUND('',#1743,.T.);
#1846=FACE_BOUND('',#1744,.T.);
#1847=FACE_BOUND('',#1745,.T.);
#1848=FACE_BOUND('',#1746,.T.);
#1849=FACE_BOUND('',#1747,.T.);
#1850=FACE_BOUND('',#1748,.T.);
#1851=FACE_BOUND('',#1749,.T.);
#1852=FACE_BOUND('',#1750,.T.);
#1853=FACE_BOUND('',#1751,.T.);
#1854=FACE_BOUND('',#1752,.T.);
#1855=FACE_BOUND('',#1753,.T.);
#1856=FACE_BOUND('',#1754,.T.);
#1857=FACE_BOUND('',#1755,.T.);
#1858=FACE_BOUND('',#1756,.T.);
#1859=FACE_BOUND('',#1757,.T.);
#1860=FACE_BOUND('',#1758,.T.);
#1861=FACE_BOUND('',#1759,.T.);
#1862=FACE_BOUND('',#1760,.T.);
#1863=FACE_BOUND('',#1761,.T.);
#1864=FACE_BOUND('',#1762,.T.);
#1865=FACE_BOUND('',#1763,.T.);
#1866=FACE_BOUND('',#1764,.T.);
#1867=FACE_BOUND('',#1765,.T.);
#1868=FACE_BOUND('',#1766,.T.);
#1869=FACE_BOUND('',#1767,.T.);
#1870=FACE_BOUND('',#1768,.T.);
#1871=FACE_BOUND('',#1769,.T.);
#1872=FACE_BOUND('',#1770,.T.);
#1873=FACE_BOUND('',#1771,.T.);
#1874=FACE_BOUND('',#1772,.T.);
#1875=FACE_BOUND('',#1773,.T.);
#1876=FACE_BOUND('',#1774,.T.);
#1877=FACE_BOUND('',#1775,.T.);
#1878=FACE_BOUND('',#1776,.T.);
#1879=FACE_BOUND('',#1777,.T.);
#1880=FACE_BOUND('',#1778,.T.);
#1881=FACE_BOUND('',#1779,.T.);
#1882=FACE_BOUND('',#1780,.T.);
#1883=FACE_BOUND('',#1781,.T.);
#1884=FACE_BOUND('',#1782,.T.);
#1885=FACE_BOUND('',#1783,.T.);
#1886=FACE_BOUND('',#1784,.T.);
#1887=FACE_BOUND('',#1785,.T.);
#1888=FACE_BOUND('',#1786,.T.);
#1889=FACE_BOUND('',#1787,.T.);
#1890=FACE_BOUND('',#1788,.T.);
#1891=FACE_BOUND('',#1789,.T.);
#1892=FACE_BOUND('',#1790,.T.);
#1893=FACE_BOUND('',#1791,.T.);
#1894=FACE_BOUND('',#1792,.T.);
#1895=FACE_BOUND('',#1793,.T.);
#1896=FACE_BOUND('',#1794,.T.);
#1897=FACE_BOUND('',#1795,.T.);
#1898=FACE_BOUND('',#1796,.T.);
#1899=FACE_BOUND('',#1797,.T.);
#1900=FACE_BOUND('',#1798,.T.);
#1901=FACE_BOUND('',#1799,.T.);
#1902=FACE_BOUND('',#1800,.T.);
#1903=FACE_BOUND('',#1801,.T.);
#1904=FACE_BOUND('',#1802,.T.);
#1905=FACE_BOUND('',#1803,.T.);
#1906=FACE_BOUND('',#1804,.T.);
#1907=FACE_BOUND('',#1805,.T.);
#1908=FACE_BOUND('',#1806,.T.);
#1909=FACE_BOUND('',#1807,.T.);
#1910=FACE_BOUND('',#1808,.T.);
#1911=FACE_BOUND('',#1809,.T.);
#1912=FACE_BOUND('',#1810,.T.);
#1913=FACE_BOUND('',#1811,.T.);
#1914=FACE_BOUND('',#1812,.T.);
#1915=FACE_BOUND('',#1813,.T.);
#1916=FACE_BOUND('',#1814,.T.);
#1917=FACE_BOUND('',#1815,.T.);
#1918=FACE_BOUND('',#1816,.T.);
#1919=FACE_BOUND('',#1817,.T.);
#1920=CYLINDRICAL_SURFACE('',#2045,0.0330000000000005);
#1921=CYLINDRICAL_SURFACE('',#2055,0.033);
#1922=CYLINDRICAL_SURFACE('',#2065,0.0330000000000007);
#1923=CYLINDRICAL_SURFACE('',#2075,0.0330000000000004);
#1924=CYLINDRICAL_SURFACE('',#2085,0.033);
#1925=CYLINDRICAL_SURFACE('',#2095,0.0330000000000005);
#1926=CYLINDRICAL_SURFACE('',#2105,0.0330000000000004);
#1927=CYLINDRICAL_SURFACE('',#2115,0.033);
#1928=CYLINDRICAL_SURFACE('',#2125,0.0330000000000005);
#1929=CYLINDRICAL_SURFACE('',#2135,0.0330000000000003);
#1930=CYLINDRICAL_SURFACE('',#2145,0.033);
#1931=CYLINDRICAL_SURFACE('',#2155,0.0330000000000005);
#1932=CYLINDRICAL_SURFACE('',#2164,0.0425);
#1933=ADVANCED_FACE('',(#1818),#1920,.F.);
#1934=ADVANCED_FACE('',(#1819),#12,.F.);
#1935=ADVANCED_FACE('',(#1820),#13,.F.);
#1936=ADVANCED_FACE('',(#1821),#14,.F.);
#1937=ADVANCED_FACE('',(#1822),#15,.T.);
#1938=ADVANCED_FACE('',(#1823),#16,.T.);
#1939=ADVANCED_FACE('',(#1824),#17,.T.);
#1940=ADVANCED_FACE('',(#1825),#18,.T.);
#1941=ADVANCED_FACE('',(#1826),#1921,.F.);
#1942=ADVANCED_FACE('',(#1827),#19,.F.);
#1943=ADVANCED_FACE('',(#1828),#20,.F.);
#1944=ADVANCED_FACE('',(#1829),#21,.F.);
#1945=ADVANCED_FACE('',(#1830),#22,.T.);
#1946=ADVANCED_FACE('',(#1831),#23,.T.);
#1947=ADVANCED_FACE('',(#1832),#24,.T.);
#1948=ADVANCED_FACE('',(#1833),#25,.T.);
#1949=ADVANCED_FACE('',(#1834),#1922,.F.);
#1950=ADVANCED_FACE('',(#1835),#26,.F.);
#1951=ADVANCED_FACE('',(#1836),#27,.F.);
#1952=ADVANCED_FACE('',(#1837),#28,.F.);
#1953=ADVANCED_FACE('',(#1838),#29,.T.);
#1954=ADVANCED_FACE('',(#1839),#30,.T.);
#1955=ADVANCED_FACE('',(#1840),#31,.T.);
#1956=ADVANCED_FACE('',(#1841),#32,.T.);
#1957=ADVANCED_FACE('',(#1842),#1923,.F.);
#1958=ADVANCED_FACE('',(#1843),#33,.F.);
#1959=ADVANCED_FACE('',(#1844),#34,.F.);
#1960=ADVANCED_FACE('',(#1845),#35,.F.);
#1961=ADVANCED_FACE('',(#1846),#36,.T.);
#1962=ADVANCED_FACE('',(#1847),#37,.T.);
#1963=ADVANCED_FACE('',(#1848),#38,.T.);
#1964=ADVANCED_FACE('',(#1849),#39,.T.);
#1965=ADVANCED_FACE('',(#1850),#1924,.F.);
#1966=ADVANCED_FACE('',(#1851),#40,.F.);
#1967=ADVANCED_FACE('',(#1852),#41,.F.);
#1968=ADVANCED_FACE('',(#1853),#42,.F.);
#1969=ADVANCED_FACE('',(#1854),#43,.T.);
#1970=ADVANCED_FACE('',(#1855),#44,.T.);
#1971=ADVANCED_FACE('',(#1856),#45,.T.);
#1972=ADVANCED_FACE('',(#1857),#46,.T.);
#1973=ADVANCED_FACE('',(#1858),#1925,.F.);
#1974=ADVANCED_FACE('',(#1859),#47,.F.);
#1975=ADVANCED_FACE('',(#1860),#48,.F.);
#1976=ADVANCED_FACE('',(#1861),#49,.F.);
#1977=ADVANCED_FACE('',(#1862),#50,.T.);
#1978=ADVANCED_FACE('',(#1863),#51,.T.);
#1979=ADVANCED_FACE('',(#1864),#52,.T.);
#1980=ADVANCED_FACE('',(#1865),#53,.T.);
#1981=ADVANCED_FACE('',(#1866),#1926,.F.);
#1982=ADVANCED_FACE('',(#1867),#54,.F.);
#1983=ADVANCED_FACE('',(#1868),#55,.F.);
#1984=ADVANCED_FACE('',(#1869),#56,.F.);
#1985=ADVANCED_FACE('',(#1870),#57,.T.);
#1986=ADVANCED_FACE('',(#1871),#58,.T.);
#1987=ADVANCED_FACE('',(#1872),#59,.T.);
#1988=ADVANCED_FACE('',(#1873),#60,.T.);
#1989=ADVANCED_FACE('',(#1874),#1927,.F.);
#1990=ADVANCED_FACE('',(#1875),#61,.F.);
#1991=ADVANCED_FACE('',(#1876),#62,.F.);
#1992=ADVANCED_FACE('',(#1877),#63,.F.);
#1993=ADVANCED_FACE('',(#1878),#64,.T.);
#1994=ADVANCED_FACE('',(#1879),#65,.T.);
#1995=ADVANCED_FACE('',(#1880),#66,.T.);
#1996=ADVANCED_FACE('',(#1881),#67,.T.);
#1997=ADVANCED_FACE('',(#1882),#1928,.F.);
#1998=ADVANCED_FACE('',(#1883),#68,.F.);
#1999=ADVANCED_FACE('',(#1884),#69,.F.);
#2000=ADVANCED_FACE('',(#1885),#70,.F.);
#2001=ADVANCED_FACE('',(#1886),#71,.T.);
#2002=ADVANCED_FACE('',(#1887),#72,.T.);
#2003=ADVANCED_FACE('',(#1888),#73,.T.);
#2004=ADVANCED_FACE('',(#1889),#74,.T.);
#2005=ADVANCED_FACE('',(#1890),#1929,.F.);
#2006=ADVANCED_FACE('',(#1891),#75,.F.);
#2007=ADVANCED_FACE('',(#1892),#76,.F.);
#2008=ADVANCED_FACE('',(#1893),#77,.F.);
#2009=ADVANCED_FACE('',(#1894),#78,.T.);
#2010=ADVANCED_FACE('',(#1895),#79,.T.);
#2011=ADVANCED_FACE('',(#1896),#80,.T.);
#2012=ADVANCED_FACE('',(#1897),#81,.T.);
#2013=ADVANCED_FACE('',(#1898),#1930,.F.);
#2014=ADVANCED_FACE('',(#1899),#82,.F.);
#2015=ADVANCED_FACE('',(#1900),#83,.F.);
#2016=ADVANCED_FACE('',(#1901),#84,.F.);
#2017=ADVANCED_FACE('',(#1902),#85,.T.);
#2018=ADVANCED_FACE('',(#1903),#86,.T.);
#2019=ADVANCED_FACE('',(#1904),#87,.T.);
#2020=ADVANCED_FACE('',(#1905),#88,.T.);
#2021=ADVANCED_FACE('',(#1906),#1931,.F.);
#2022=ADVANCED_FACE('',(#1907),#89,.F.);
#2023=ADVANCED_FACE('',(#1908),#90,.F.);
#2024=ADVANCED_FACE('',(#1909),#91,.F.);
#2025=ADVANCED_FACE('',(#1910),#92,.T.);
#2026=ADVANCED_FACE('',(#1911),#93,.T.);
#2027=ADVANCED_FACE('',(#1912),#94,.T.);
#2028=ADVANCED_FACE('',(#1913,#1914),#1932,.T.);
#2029=ADVANCED_FACE('',(#1915),#95,.T.);
#2030=ADVANCED_FACE('',(#1916,#1917),#96,.T.);
#2031=ADVANCED_FACE('',(#1918,#1919),#97,.F.);
#2032=CLOSED_SHELL('',(#1933,#1934,#1935,#1936,#1937,#1938,#1939,#1940,
#1941,#1942,#1943,#1944,#1945,#1946,#1947,#1948,#1949,#1950,#1951,#1952,
#1953,#1954,#1955,#1956,#1957,#1958,#1959,#1960,#1961,#1962,#1963,#1964,
#1965,#1966,#1967,#1968,#1969,#1970,#1971,#1972,#1973,#1974,#1975,#1976,
#1977,#1978,#1979,#1980,#1981,#1982,#1983,#1984,#1985,#1986,#1987,#1988,
#1989,#1990,#1991,#1992,#1993,#1994,#1995,#1996,#1997,#1998,#1999,#2000,
#2001,#2002,#2003,#2004,#2005,#2006,#2007,#2008,#2009,#2010,#2011,#2012,
#2013,#2014,#2015,#2016,#2017,#2018,#2019,#2020,#2021,#2022,#2023,#2024,
#2025,#2026,#2027,#2028,#2029,#2030,#2031));
#2033=STYLED_ITEM('',(#2034),#2041);
#2034=PRESENTATION_STYLE_ASSIGNMENT((#2035));
#2035=SURFACE_STYLE_USAGE(.BOTH.,#2036);
#2036=SURFACE_SIDE_STYLE('',(#2037));
#2037=SURFACE_STYLE_FILL_AREA(#2038);
#2038=FILL_AREA_STYLE('',(#2039));
#2039=FILL_AREA_STYLE_COLOUR('',#2040);
#2040=COLOUR_RGB('',0.615686274509804,0.811764705882353,0.929411764705882);
#2041=MANIFOLD_SOLID_BREP('Part 1',#2032);
#2042=SHAPE_DEFINITION_REPRESENTATION(#3276,#2043);
#2043=SHAPE_REPRESENTATION('Part 1',(#2044),#3271);
#2044=AXIS2_PLACEMENT_3D('',#2686,#2170,#2171);
#2045=AXIS2_PLACEMENT_3D('',#2687,#2172,#2173);
#2046=AXIS2_PLACEMENT_3D('',#2688,#2174,#2175);
#2047=AXIS2_PLACEMENT_3D('',#2693,#2177,#2178);
#2048=AXIS2_PLACEMENT_3D('',#2696,#2180,#2181);
#2049=AXIS2_PLACEMENT_3D('',#2702,#2185,#2186);
#2050=AXIS2_PLACEMENT_3D('',#2708,#2190,#2191);
#2051=AXIS2_PLACEMENT_3D('',#2714,#2195,#2196);
#2052=AXIS2_PLACEMENT_3D('',#2720,#2200,#2201);
#2053=AXIS2_PLACEMENT_3D('',#2726,#2205,#2206);
#2054=AXIS2_PLACEMENT_3D('',#2732,#2210,#2211);
#2055=AXIS2_PLACEMENT_3D('',#2738,#2215,#2216);
#2056=AXIS2_PLACEMENT_3D('',#2739,#2217,#2218);
#2057=AXIS2_PLACEMENT_3D('',#2743,#2220,#2221);
#2058=AXIS2_PLACEMENT_3D('',#2744,#2222,#2223);
#2059=AXIS2_PLACEMENT_3D('',#2750,#2227,#2228);
#2060=AXIS2_PLACEMENT_3D('',#2756,#2232,#2233);
#2061=AXIS2_PLACEMENT_3D('',#2762,#2237,#2238);
#2062=AXIS2_PLACEMENT_3D('',#2768,#2242,#2243);
#2063=AXIS2_PLACEMENT_3D('',#2774,#2247,#2248);
#2064=AXIS2_PLACEMENT_3D('',#2780,#2252,#2253);
#2065=AXIS2_PLACEMENT_3D('',#2786,#2257,#2258);
#2066=AXIS2_PLACEMENT_3D('',#2787,#2259,#2260);
#2067=AXIS2_PLACEMENT_3D('',#2791,#2262,#2263);
#2068=AXIS2_PLACEMENT_3D('',#2792,#2264,#2265);
#2069=AXIS2_PLACEMENT_3D('',#2798,#2269,#2270);
#2070=AXIS2_PLACEMENT_3D('',#2804,#2274,#2275);
#2071=AXIS2_PLACEMENT_3D('',#2810,#2279,#2280);
#2072=AXIS2_PLACEMENT_3D('',#2816,#2284,#2285);
#2073=AXIS2_PLACEMENT_3D('',#2822,#2289,#2290);
#2074=AXIS2_PLACEMENT_3D('',#2828,#2294,#2295);
#2075=AXIS2_PLACEMENT_3D('',#2834,#2299,#2300);
#2076=AXIS2_PLACEMENT_3D('',#2835,#2301,#2302);
#2077=AXIS2_PLACEMENT_3D('',#2839,#2304,#2305);
#2078=AXIS2_PLACEMENT_3D('',#2840,#2306,#2307);
#2079=AXIS2_PLACEMENT_3D('',#2846,#2311,#2312);
#2080=AXIS2_PLACEMENT_3D('',#2852,#2316,#2317);
#2081=AXIS2_PLACEMENT_3D('',#2858,#2321,#2322);
#2082=AXIS2_PLACEMENT_3D('',#2864,#2326,#2327);
#2083=AXIS2_PLACEMENT_3D('',#2870,#2331,#2332);
#2084=AXIS2_PLACEMENT_3D('',#2876,#2336,#2337);
#2085=AXIS2_PLACEMENT_3D('',#2882,#2341,#2342);
#2086=AXIS2_PLACEMENT_3D('',#2883,#2343,#2344);
#2087=AXIS2_PLACEMENT_3D('',#2887,#2346,#2347);
#2088=AXIS2_PLACEMENT_3D('',#2888,#2348,#2349);
#2089=AXIS2_PLACEMENT_3D('',#2894,#2353,#2354);
#2090=AXIS2_PLACEMENT_3D('',#2900,#2358,#2359);
#2091=AXIS2_PLACEMENT_3D('',#2906,#2363,#2364);
#2092=AXIS2_PLACEMENT_3D('',#2912,#2368,#2369);
#2093=AXIS2_PLACEMENT_3D('',#2918,#2373,#2374);
#2094=AXIS2_PLACEMENT_3D('',#2924,#2378,#2379);
#2095=AXIS2_PLACEMENT_3D('',#2930,#2383,#2384);
#2096=AXIS2_PLACEMENT_3D('',#2931,#2385,#2386);
#2097=AXIS2_PLACEMENT_3D('',#2935,#2388,#2389);
#2098=AXIS2_PLACEMENT_3D('',#2936,#2390,#2391);
#2099=AXIS2_PLACEMENT_3D('',#2942,#2395,#2396);
#2100=AXIS2_PLACEMENT_3D('',#2948,#2400,#2401);
#2101=AXIS2_PLACEMENT_3D('',#2954,#2405,#2406);
#2102=AXIS2_PLACEMENT_3D('',#2960,#2410,#2411);
#2103=AXIS2_PLACEMENT_3D('',#2966,#2415,#2416);
#2104=AXIS2_PLACEMENT_3D('',#2972,#2420,#2421);
#2105=AXIS2_PLACEMENT_3D('',#2978,#2425,#2426);
#2106=AXIS2_PLACEMENT_3D('',#2979,#2427,#2428);
#2107=AXIS2_PLACEMENT_3D('',#2983,#2430,#2431);
#2108=AXIS2_PLACEMENT_3D('',#2984,#2432,#2433);
#2109=AXIS2_PLACEMENT_3D('',#2990,#2437,#2438);
#2110=AXIS2_PLACEMENT_3D('',#2996,#2442,#2443);
#2111=AXIS2_PLACEMENT_3D('',#3002,#2447,#2448);
#2112=AXIS2_PLACEMENT_3D('',#3008,#2452,#2453);
#2113=AXIS2_PLACEMENT_3D('',#3014,#2457,#2458);
#2114=AXIS2_PLACEMENT_3D('',#3020,#2462,#2463);
#2115=AXIS2_PLACEMENT_3D('',#3026,#2467,#2468);
#2116=AXIS2_PLACEMENT_3D('',#3027,#2469,#2470);
#2117=AXIS2_PLACEMENT_3D('',#3031,#2472,#2473);
#2118=AXIS2_PLACEMENT_3D('',#3032,#2474,#2475);
#2119=AXIS2_PLACEMENT_3D('',#3038,#2479,#2480);
#2120=AXIS2_PLACEMENT_3D('',#3044,#2484,#2485);
#2121=AXIS2_PLACEMENT_3D('',#3050,#2489,#2490);
#2122=AXIS2_PLACEMENT_3D('',#3056,#2494,#2495);
#2123=AXIS2_PLACEMENT_3D('',#3062,#2499,#2500);
#2124=AXIS2_PLACEMENT_3D('',#3068,#2504,#2505);
#2125=AXIS2_PLACEMENT_3D('',#3074,#2509,#2510);
#2126=AXIS2_PLACEMENT_3D('',#3075,#2511,#2512);
#2127=AXIS2_PLACEMENT_3D('',#3079,#2514,#2515);
#2128=AXIS2_PLACEMENT_3D('',#3080,#2516,#2517);
#2129=AXIS2_PLACEMENT_3D('',#3086,#2521,#2522);
#2130=AXIS2_PLACEMENT_3D('',#3092,#2526,#2527);
#2131=AXIS2_PLACEMENT_3D('',#3098,#2531,#2532);
#2132=AXIS2_PLACEMENT_3D('',#3104,#2536,#2537);
#2133=AXIS2_PLACEMENT_3D('',#3110,#2541,#2542);
#2134=AXIS2_PLACEMENT_3D('',#3116,#2546,#2547);
#2135=AXIS2_PLACEMENT_3D('',#3122,#2551,#2552);
#2136=AXIS2_PLACEMENT_3D('',#3123,#2553,#2554);
#2137=AXIS2_PLACEMENT_3D('',#3127,#2556,#2557);
#2138=AXIS2_PLACEMENT_3D('',#3128,#2558,#2559);
#2139=AXIS2_PLACEMENT_3D('',#3134,#2563,#2564);
#2140=AXIS2_PLACEMENT_3D('',#3140,#2568,#2569);
#2141=AXIS2_PLACEMENT_3D('',#3146,#2573,#2574);
#2142=AXIS2_PLACEMENT_3D('',#3152,#2578,#2579);
#2143=AXIS2_PLACEMENT_3D('',#3158,#2583,#2584);
#2144=AXIS2_PLACEMENT_3D('',#3164,#2588,#2589);
#2145=AXIS2_PLACEMENT_3D('',#3170,#2593,#2594);
#2146=AXIS2_PLACEMENT_3D('',#3171,#2595,#2596);
#2147=AXIS2_PLACEMENT_3D('',#3175,#2598,#2599);
#2148=AXIS2_PLACEMENT_3D('',#3176,#2600,#2601);
#2149=AXIS2_PLACEMENT_3D('',#3182,#2605,#2606);
#2150=AXIS2_PLACEMENT_3D('',#3188,#2610,#2611);
#2151=AXIS2_PLACEMENT_3D('',#3194,#2615,#2616);
#2152=AXIS2_PLACEMENT_3D('',#3200,#2620,#2621);
#2153=AXIS2_PLACEMENT_3D('',#3206,#2625,#2626);
#2154=AXIS2_PLACEMENT_3D('',#3212,#2630,#2631);
#2155=AXIS2_PLACEMENT_3D('',#3218,#2635,#2636);
#2156=AXIS2_PLACEMENT_3D('',#3219,#2637,#2638);
#2157=AXIS2_PLACEMENT_3D('',#3223,#2640,#2641);
#2158=AXIS2_PLACEMENT_3D('',#3224,#2642,#2643);
#2159=AXIS2_PLACEMENT_3D('',#3230,#2647,#2648);
#2160=AXIS2_PLACEMENT_3D('',#3236,#2652,#2653);
#2161=AXIS2_PLACEMENT_3D('',#3242,#2657,#2658);
#2162=AXIS2_PLACEMENT_3D('',#3248,#2662,#2663);
#2163=AXIS2_PLACEMENT_3D('',#3254,#2667,#2668);
#2164=AXIS2_PLACEMENT_3D('',#3260,#2672,#2673);
#2165=AXIS2_PLACEMENT_3D('',#3261,#2674,#2675);
#2166=AXIS2_PLACEMENT_3D('',#3263,#2676,#2677);
#2167=AXIS2_PLACEMENT_3D('',#3265,#2678,#2679);
#2168=AXIS2_PLACEMENT_3D('',#3268,#2682,#2683);
#2169=AXIS2_PLACEMENT_3D('',#3269,#2684,#2685);
#2170=DIRECTION('',(0.,0.,1.));
#2171=DIRECTION('',(1.,0.,0.));
#2172=DIRECTION('',(0.,0.,-1.));
#2173=DIRECTION('',(-1.,0.,0.));
#2174=DIRECTION('',(0.,0.,1.));
#2175=DIRECTION('',(1.,0.,0.));
#2176=DIRECTION('',(0.,0.,-1.));
#2177=DIRECTION('',(0.,0.,1.));
#2178=DIRECTION('',(1.,0.,0.));
#2179=DIRECTION('',(0.,0.,-1.));
#2180=DIRECTION('',(0.506209545159406,-0.862410515004025,0.));
#2181=DIRECTION('',(0.862410515004025,0.506209545159406,0.));
#2182=DIRECTION('',(-0.862410515004025,-0.506209545159406,0.));
#2183=DIRECTION('',(0.,0.,-1.));
#2184=DIRECTION('',(-0.862410515004025,-0.506209545159406,0.));
#2185=DIRECTION('',(0.866025403784439,0.5,0.));
#2186=DIRECTION('',(-0.5,0.866025403784439,0.));
#2187=DIRECTION('',(0.5,-0.866025403784439,0.));
#2188=DIRECTION('',(0.,0.,-1.));
#2189=DIRECTION('',(0.5,-0.866025403784439,0.));
#2190=DIRECTION('',(0.5,-0.866025403784438,0.));
#2191=DIRECTION('',(0.866025403784439,0.5,0.));
#2192=DIRECTION('',(-0.866025403784439,-0.5,0.));
#2193=DIRECTION('',(0.,0.,-1.));
#2194=DIRECTION('',(-0.866025403784439,-0.5,0.));
#2195=DIRECTION('',(0.866025403784439,0.5,0.));
#2196=DIRECTION('',(-0.5,0.866025403784439,0.));
#2197=DIRECTION('',(0.5,-0.866025403784439,0.));
#2198=DIRECTION('',(0.,0.,-1.));
#2199=DIRECTION('',(0.5,-0.866025403784439,0.));
#2200=DIRECTION('',(0.5,-0.866025403784439,0.));
#2201=DIRECTION('',(0.866025403784439,0.5,0.));
#2202=DIRECTION('',(-0.866025403784439,-0.5,0.));
#2203=DIRECTION('',(0.,0.,-1.));
#2204=DIRECTION('',(-0.866025403784439,-0.5,0.));
#2205=DIRECTION('',(-0.866025403784439,-0.5,0.));
#2206=DIRECTION('',(0.5,-0.866025403784439,0.));
#2207=DIRECTION('',(-0.5,0.866025403784439,0.));
#2208=DIRECTION('',(0.,0.,-1.));
#2209=DIRECTION('',(-0.5,0.866025403784439,0.));
#2210=DIRECTION('',(0.493764641904602,-0.869595583248225,0.));
#2211=DIRECTION('',(0.869595583248225,0.493764641904602,0.));
#2212=DIRECTION('',(-0.869595583248225,-0.493764641904602,0.));
#2213=DIRECTION('',(0.,0.,-1.));
#2214=DIRECTION('',(-0.869595583248225,-0.493764641904602,0.));
#2215=DIRECTION('',(0.,0.,-1.));
#2216=DIRECTION('',(-1.,0.,0.));
#2217=DIRECTION('',(0.,0.,1.));
#2218=DIRECTION('',(1.,0.,0.));
#2219=DIRECTION('',(0.,0.,-1.));
#2220=DIRECTION('',(0.,0.,1.));
#2221=DIRECTION('',(1.,0.,0.));
#2222=DIRECTION('',(0.00718506824419996,-0.999974187064009,0.));
#2223=DIRECTION('',(0.999974187064009,0.00718506824419996,0.));
#2224=DIRECTION('',(-0.999974187064009,-0.00718506824419996,0.));
#2225=DIRECTION('',(0.,0.,-1.));
#2226=DIRECTION('',(-0.999974187064009,-0.00718506824419996,0.));
#2227=DIRECTION('',(1.,0.,0.));
#2228=DIRECTION('',(0.,0.,-1.));
#2229=DIRECTION('',(0.,-1.,0.));
#2230=DIRECTION('',(0.,0.,-1.));
#2231=DIRECTION('',(0.,-1.,0.));
#2232=DIRECTION('',(0.,-1.,0.));
#2233=DIRECTION('',(0.,0.,-1.));
#2234=DIRECTION('',(-1.,0.,0.));
#2235=DIRECTION('',(0.,0.,-1.));
#2236=DIRECTION('',(-1.,0.,0.));
#2237=DIRECTION('',(1.,0.,0.));
#2238=DIRECTION('',(0.,0.,-1.));
#2239=DIRECTION('',(0.,-1.,0.));
#2240=DIRECTION('',(0.,0.,-1.));
#2241=DIRECTION('',(0.,-1.,0.));
#2242=DIRECTION('',(0.,-1.,0.));
#2243=DIRECTION('',(0.,0.,-1.));
#2244=DIRECTION('',(-1.,0.,0.));
#2245=DIRECTION('',(0.,0.,-1.));
#2246=DIRECTION('',(-1.,0.,0.));
#2247=DIRECTION('',(-1.,0.,0.));
#2248=DIRECTION('',(0.,0.,1.));
#2249=DIRECTION('',(0.,1.,0.));
#2250=DIRECTION('',(0.,0.,-1.));
#2251=DIRECTION('',(0.,1.,0.));
#2252=DIRECTION('',(-0.00718506824419987,-0.999974187064009,0.));
#2253=DIRECTION('',(0.999974187064009,-0.00718506824419987,0.));
#2254=DIRECTION('',(-0.999974187064009,0.00718506824419987,0.));
#2255=DIRECTION('',(0.,0.,-1.));
#2256=DIRECTION('',(-0.999974187064009,0.00718506824419987,0.));
#2257=DIRECTION('',(0.,0.,-1.));
#2258=DIRECTION('',(-1.,0.,0.));
#2259=DIRECTION('',(0.,0.,1.));
#2260=DIRECTION('',(1.,0.,0.));
#2261=DIRECTION('',(0.,0.,-1.));
#2262=DIRECTION('',(0.,0.,1.));
#2263=DIRECTION('',(1.,0.,0.));
#2264=DIRECTION('',(-0.493764641904603,-0.869595583248224,0.));
#2265=DIRECTION('',(0.869595583248224,-0.493764641904603,0.));
#2266=DIRECTION('',(-0.869595583248224,0.493764641904603,0.));
#2267=DIRECTION('',(0.,0.,-1.));
#2268=DIRECTION('',(-0.869595583248224,0.493764641904603,0.));
#2269=DIRECTION('',(0.866025403784439,-0.5,0.));
#2270=DIRECTION('',(0.5,0.866025403784439,0.));
#2271=DIRECTION('',(-0.5,-0.866025403784439,0.));
#2272=DIRECTION('',(0.,0.,-1.));
#2273=DIRECTION('',(-0.5,-0.866025403784439,0.));
#2274=DIRECTION('',(-0.5,-0.866025403784438,0.));
#2275=DIRECTION('',(0.866025403784439,-0.5,0.));
#2276=DIRECTION('',(-0.866025403784439,0.5,0.));
#2277=DIRECTION('',(0.,0.,-1.));
#2278=DIRECTION('',(-0.866025403784439,0.5,0.));
#2279=DIRECTION('',(0.866025403784439,-0.5,0.));
#2280=DIRECTION('',(0.5,0.866025403784439,0.));
#2281=DIRECTION('',(-0.5,-0.866025403784439,0.));
#2282=DIRECTION('',(0.,0.,-1.));
#2283=DIRECTION('',(-0.5,-0.866025403784439,0.));
#2284=DIRECTION('',(-0.5,-0.866025403784438,0.));
#2285=DIRECTION('',(0.866025403784439,-0.5,0.));
#2286=DIRECTION('',(-0.866025403784439,0.5,0.));
#2287=DIRECTION('',(0.,0.,-1.));
#2288=DIRECTION('',(-0.866025403784439,0.5,0.));
#2289=DIRECTION('',(-0.866025403784439,0.5,0.));
#2290=DIRECTION('',(-0.5,-0.866025403784439,0.));
#2291=DIRECTION('',(0.5,0.866025403784439,0.));
#2292=DIRECTION('',(0.,0.,-1.));
#2293=DIRECTION('',(0.5,0.866025403784439,0.));
#2294=DIRECTION('',(-0.506209545159406,-0.862410515004024,0.));
#2295=DIRECTION('',(0.862410515004025,-0.506209545159407,0.));
#2296=DIRECTION('',(-0.862410515004025,0.506209545159407,0.));
#2297=DIRECTION('',(0.,0.,-1.));
#2298=DIRECTION('',(-0.862410515004025,0.506209545159407,0.));
#2299=DIRECTION('',(0.,0.,-1.));
#2300=DIRECTION('',(-1.,0.,0.));
#2301=DIRECTION('',(0.,0.,1.));
#2302=DIRECTION('',(1.,0.,0.));
#2303=DIRECTION('',(0.,0.,-1.));
#2304=DIRECTION('',(0.,0.,1.));
#2305=DIRECTION('',(1.,0.,0.));
#2306=DIRECTION('',(-0.862410515004025,-0.506209545159406,0.));
#2307=DIRECTION('',(0.506209545159406,-0.862410515004025,0.));
#2308=DIRECTION('',(-0.506209545159406,0.862410515004025,0.));
#2309=DIRECTION('',(0.,0.,-1.));
#2310=DIRECTION('',(-0.506209545159406,0.862410515004025,0.));
#2311=DIRECTION('',(0.5,-0.866025403784439,0.));
#2312=DIRECTION('',(0.866025403784439,0.5,0.));
#2313=DIRECTION('',(-0.866025403784439,-0.5,0.));
#2314=DIRECTION('',(0.,0.,-1.));
#2315=DIRECTION('',(-0.866025403784439,-0.5,0.));
#2316=DIRECTION('',(-0.866025403784439,-0.5,0.));
#2317=DIRECTION('',(0.5,-0.866025403784439,0.));
#2318=DIRECTION('',(-0.5,0.866025403784439,0.));
#2319=DIRECTION('',(0.,0.,-1.));
#2320=DIRECTION('',(-0.5,0.866025403784439,0.));
#2321=DIRECTION('',(0.5,-0.866025403784438,0.));
#2322=DIRECTION('',(0.866025403784439,0.5,0.));
#2323=DIRECTION('',(-0.866025403784439,-0.5,0.));
#2324=DIRECTION('',(0.,0.,-1.));
#2325=DIRECTION('',(-0.866025403784439,-0.5,0.));
#2326=DIRECTION('',(-0.866025403784439,-0.5,0.));
#2327=DIRECTION('',(0.5,-0.866025403784439,0.));
#2328=DIRECTION('',(-0.5,0.866025403784439,0.));
#2329=DIRECTION('',(0.,0.,-1.));
#2330=DIRECTION('',(-0.5,0.866025403784439,0.));
#2331=DIRECTION('',(-0.5,0.866025403784439,0.));
#2332=DIRECTION('',(-0.866025403784439,-0.5,0.));
#2333=DIRECTION('',(0.866025403784439,0.5,0.));
#2334=DIRECTION('',(0.,0.,-1.));
#2335=DIRECTION('',(0.866025403784439,0.5,0.));
#2336=DIRECTION('',(-0.869595583248225,-0.493764641904602,0.));
#2337=DIRECTION('',(0.493764641904602,-0.869595583248225,0.));
#2338=DIRECTION('',(-0.493764641904602,0.869595583248225,0.));
#2339=DIRECTION('',(0.,0.,-1.));
#2340=DIRECTION('',(-0.493764641904602,0.869595583248225,0.));
#2341=DIRECTION('',(0.,0.,-1.));
#2342=DIRECTION('',(-1.,0.,0.));
#2343=DIRECTION('',(0.,0.,1.));
#2344=DIRECTION('',(1.,0.,0.));
#2345=DIRECTION('',(0.,0.,-1.));
#2346=DIRECTION('',(0.,0.,1.));
#2347=DIRECTION('',(1.,0.,0.));
#2348=DIRECTION('',(-0.999974187064009,-0.00718506824420023,0.));
#2349=DIRECTION('',(0.00718506824420023,-0.999974187064009,0.));
#2350=DIRECTION('',(-0.00718506824420023,0.999974187064009,0.));
#2351=DIRECTION('',(0.,0.,-1.));
#2352=DIRECTION('',(-0.00718506824420023,0.999974187064009,0.));
#2353=DIRECTION('',(0.,-1.,0.));
#2354=DIRECTION('',(0.,0.,-1.));
#2355=DIRECTION('',(-1.,0.,0.));
#2356=DIRECTION('',(0.,0.,-1.));
#2357=DIRECTION('',(-1.,0.,0.));
#2358=DIRECTION('',(-1.,0.,0.));
#2359=DIRECTION('',(0.,0.,1.));
#2360=DIRECTION('',(0.,1.,0.));
#2361=DIRECTION('',(0.,0.,-1.));
#2362=DIRECTION('',(0.,1.,0.));
#2363=DIRECTION('',(0.,-1.,0.));
#2364=DIRECTION('',(0.,0.,-1.));
#2365=DIRECTION('',(-1.,0.,0.));
#2366=DIRECTION('',(0.,0.,-1.));
#2367=DIRECTION('',(-1.,0.,0.));
#2368=DIRECTION('',(-1.,0.,0.));
#2369=DIRECTION('',(0.,0.,1.));
#2370=DIRECTION('',(0.,1.,0.));
#2371=DIRECTION('',(0.,0.,-1.));
#2372=DIRECTION('',(0.,1.,0.));
#2373=DIRECTION('',(0.,1.,0.));
#2374=DIRECTION('',(0.,0.,1.));
#2375=DIRECTION('',(1.,0.,0.));
#2376=DIRECTION('',(0.,0.,-1.));
#2377=DIRECTION('',(1.,0.,0.));
#2378=DIRECTION('',(-0.999974187064009,0.00718506824419941,0.));
#2379=DIRECTION('',(-0.00718506824419942,-0.999974187064009,0.));
#2380=DIRECTION('',(0.00718506824419941,0.999974187064009,0.));
#2381=DIRECTION('',(0.,0.,-1.));
#2382=DIRECTION('',(0.00718506824419941,0.999974187064009,0.));
#2383=DIRECTION('',(0.,0.,-1.));
#2384=DIRECTION('',(-1.,0.,0.));
#2385=DIRECTION('',(0.,0.,1.));
#2386=DIRECTION('',(1.,0.,0.));
#2387=DIRECTION('',(0.,0.,-1.));
#2388=DIRECTION('',(0.,0.,1.));
#2389=DIRECTION('',(1.,0.,0.));
#2390=DIRECTION('',(-0.869595583248224,0.493764641904603,0.));
#2391=DIRECTION('',(-0.493764641904603,-0.869595583248224,0.));
#2392=DIRECTION('',(0.493764641904603,0.869595583248224,0.));
#2393=DIRECTION('',(0.,0.,-1.));
#2394=DIRECTION('',(0.493764641904603,0.869595583248224,0.));
#2395=DIRECTION('',(-0.5,-0.866025403784439,0.));
#2396=DIRECTION('',(0.866025403784439,-0.5,0.));
#2397=DIRECTION('',(-0.866025403784439,0.5,0.));
#2398=DIRECTION('',(0.,0.,-1.));
#2399=DIRECTION('',(-0.866025403784439,0.5,0.));
#2400=DIRECTION('',(-0.866025403784438,0.5,0.));
#2401=DIRECTION('',(-0.5,-0.866025403784439,0.));
#2402=DIRECTION('',(0.5,0.866025403784439,0.));
#2403=DIRECTION('',(0.,0.,-1.));
#2404=DIRECTION('',(0.5,0.866025403784439,0.));
#2405=DIRECTION('',(-0.5,-0.866025403784439,0.));
#2406=DIRECTION('',(0.866025403784439,-0.5,0.));
#2407=DIRECTION('',(-0.866025403784439,0.5,0.));
#2408=DIRECTION('',(0.,0.,-1.));
#2409=DIRECTION('',(-0.866025403784439,0.5,0.));
#2410=DIRECTION('',(-0.866025403784438,0.5,0.));
#2411=DIRECTION('',(-0.5,-0.866025403784439,0.));
#2412=DIRECTION('',(0.5,0.866025403784439,0.));
#2413=DIRECTION('',(0.,0.,-1.));
#2414=DIRECTION('',(0.5,0.866025403784439,0.));
#2415=DIRECTION('',(0.5,0.866025403784439,0.));
#2416=DIRECTION('',(-0.866025403784439,0.5,0.));
#2417=DIRECTION('',(0.866025403784439,-0.5,0.));
#2418=DIRECTION('',(0.,0.,-1.));
#2419=DIRECTION('',(0.866025403784439,-0.5,0.));
#2420=DIRECTION('',(-0.862410515004025,0.506209545159406,0.));
#2421=DIRECTION('',(-0.506209545159406,-0.862410515004025,0.));
#2422=DIRECTION('',(0.506209545159406,0.862410515004025,0.));
#2423=DIRECTION('',(0.,0.,-1.));
#2424=DIRECTION('',(0.506209545159406,0.862410515004025,0.));
#2425=DIRECTION('',(0.,0.,-1.));
#2426=DIRECTION('',(-1.,0.,0.));
#2427=DIRECTION('',(0.,0.,1.));
#2428=DIRECTION('',(1.,0.,0.));
#2429=DIRECTION('',(0.,0.,-1.));
#2430=DIRECTION('',(0.,0.,1.));
#2431=DIRECTION('',(1.,0.,0.));
#2432=DIRECTION('',(-0.506209545159406,0.862410515004025,0.));
#2433=DIRECTION('',(-0.862410515004025,-0.506209545159406,0.));
#2434=DIRECTION('',(0.862410515004025,0.506209545159406,0.));
#2435=DIRECTION('',(0.,0.,-1.));
#2436=DIRECTION('',(0.862410515004025,0.506209545159406,0.));
#2437=DIRECTION('',(-0.866025403784439,-0.5,0.));
#2438=DIRECTION('',(0.5,-0.866025403784439,0.));
#2439=DIRECTION('',(-0.5,0.866025403784439,0.));
#2440=DIRECTION('',(0.,0.,-1.));
#2441=DIRECTION('',(-0.5,0.866025403784439,0.));
#2442=DIRECTION('',(-0.5,0.866025403784439,0.));
#2443=DIRECTION('',(-0.866025403784439,-0.5,0.));
#2444=DIRECTION('',(0.866025403784439,0.5,0.));
#2445=DIRECTION('',(0.,0.,-1.));
#2446=DIRECTION('',(0.866025403784439,0.5,0.));
#2447=DIRECTION('',(-0.866025403784439,-0.5,0.));
#2448=DIRECTION('',(0.5,-0.866025403784439,0.));
#2449=DIRECTION('',(-0.5,0.866025403784439,0.));
#2450=DIRECTION('',(0.,0.,-1.));
#2451=DIRECTION('',(-0.5,0.866025403784439,0.));
#2452=DIRECTION('',(-0.5,0.866025403784439,0.));
#2453=DIRECTION('',(-0.866025403784439,-0.5,0.));
#2454=DIRECTION('',(0.866025403784439,0.5,0.));
#2455=DIRECTION('',(0.,0.,-1.));
#2456=DIRECTION('',(0.866025403784439,0.5,0.));
#2457=DIRECTION('',(0.866025403784439,0.5,0.));
#2458=DIRECTION('',(-0.5,0.866025403784439,0.));
#2459=DIRECTION('',(0.5,-0.866025403784439,0.));
#2460=DIRECTION('',(0.,0.,-1.));
#2461=DIRECTION('',(0.5,-0.866025403784439,0.));
#2462=DIRECTION('',(-0.493764641904602,0.869595583248225,0.));
#2463=DIRECTION('',(-0.869595583248225,-0.493764641904602,0.));
#2464=DIRECTION('',(0.869595583248225,0.493764641904602,0.));
#2465=DIRECTION('',(0.,0.,-1.));
#2466=DIRECTION('',(0.869595583248225,0.493764641904602,0.));
#2467=DIRECTION('',(0.,0.,-1.));
#2468=DIRECTION('',(-1.,0.,0.));
#2469=DIRECTION('',(0.,0.,1.));
#2470=DIRECTION('',(1.,0.,0.));
#2471=DIRECTION('',(0.,0.,-1.));
#2472=DIRECTION('',(0.,0.,1.));
#2473=DIRECTION('',(1.,0.,0.));
#2474=DIRECTION('',(-0.00718506824420014,0.999974187064009,0.));
#2475=DIRECTION('',(-0.999974187064009,-0.00718506824420014,0.));
#2476=DIRECTION('',(0.999974187064009,0.00718506824420014,0.));
#2477=DIRECTION('',(0.,0.,-1.));
#2478=DIRECTION('',(0.999974187064009,0.00718506824420014,0.));
#2479=DIRECTION('',(-1.,0.,0.));
#2480=DIRECTION('',(0.,0.,1.));
#2481=DIRECTION('',(0.,1.,0.));
#2482=DIRECTION('',(0.,0.,-1.));
#2483=DIRECTION('',(0.,1.,0.));
#2484=DIRECTION('',(0.,1.,0.));
#2485=DIRECTION('',(0.,0.,1.));
#2486=DIRECTION('',(1.,0.,0.));
#2487=DIRECTION('',(0.,0.,-1.));
#2488=DIRECTION('',(1.,0.,0.));
#2489=DIRECTION('',(-1.,0.,0.));
#2490=DIRECTION('',(0.,0.,1.));
#2491=DIRECTION('',(0.,1.,0.));
#2492=DIRECTION('',(0.,0.,-1.));
#2493=DIRECTION('',(0.,1.,0.));
#2494=DIRECTION('',(0.,1.,0.));
#2495=DIRECTION('',(0.,0.,1.));
#2496=DIRECTION('',(1.,0.,0.));
#2497=DIRECTION('',(0.,0.,-1.));
#2498=DIRECTION('',(1.,0.,0.));
#2499=DIRECTION('',(1.,0.,0.));
#2500=DIRECTION('',(0.,0.,-1.));
#2501=DIRECTION('',(0.,-1.,0.));
#2502=DIRECTION('',(0.,0.,-1.));
#2503=DIRECTION('',(0.,-1.,0.));
#2504=DIRECTION('',(0.00718506824419959,0.999974187064009,0.));
#2505=DIRECTION('',(-0.999974187064009,0.0071850682441996,0.));
#2506=DIRECTION('',(0.999974187064009,-0.00718506824419959,0.));
#2507=DIRECTION('',(0.,0.,-1.));
#2508=DIRECTION('',(0.999974187064009,-0.00718506824419959,0.));
#2509=DIRECTION('',(0.,0.,-1.));
#2510=DIRECTION('',(-1.,0.,0.));
#2511=DIRECTION('',(0.,0.,1.));
#2512=DIRECTION('',(1.,0.,0.));
#2513=DIRECTION('',(0.,0.,-1.));
#2514=DIRECTION('',(0.,0.,1.));
#2515=DIRECTION('',(1.,0.,0.));
#2516=DIRECTION('',(0.493764641904604,0.869595583248224,0.));
#2517=DIRECTION('',(-0.869595583248224,0.493764641904604,0.));
#2518=DIRECTION('',(0.869595583248224,-0.493764641904604,0.));
#2519=DIRECTION('',(0.,0.,-1.));
#2520=DIRECTION('',(0.869595583248224,-0.493764641904604,0.));
#2521=DIRECTION('',(-0.866025403784439,0.5,0.));
#2522=DIRECTION('',(-0.5,-0.866025403784439,0.));
#2523=DIRECTION('',(0.5,0.866025403784439,0.));
#2524=DIRECTION('',(0.,0.,-1.));
#2525=DIRECTION('',(0.5,0.866025403784439,0.));
#2526=DIRECTION('',(0.5,0.866025403784439,0.));
#2527=DIRECTION('',(-0.866025403784439,0.5,0.));
#2528=DIRECTION('',(0.866025403784439,-0.5,0.));
#2529=DIRECTION('',(0.,0.,-1.));
#2530=DIRECTION('',(0.866025403784439,-0.5,0.));
#2531=DIRECTION('',(-0.866025403784439,0.5,0.));
#2532=DIRECTION('',(-0.5,-0.866025403784439,0.));
#2533=DIRECTION('',(0.5,0.866025403784439,0.));
#2534=DIRECTION('',(0.,0.,-1.));
#2535=DIRECTION('',(0.5,0.866025403784439,0.));
#2536=DIRECTION('',(0.5,0.866025403784439,0.));
#2537=DIRECTION('',(-0.866025403784439,0.5,0.));
#2538=DIRECTION('',(0.866025403784439,-0.5,0.));
#2539=DIRECTION('',(0.,0.,-1.));
#2540=DIRECTION('',(0.866025403784439,-0.5,0.));
#2541=DIRECTION('',(0.866025403784439,-0.5,0.));
#2542=DIRECTION('',(0.5,0.866025403784439,0.));
#2543=DIRECTION('',(-0.5,-0.866025403784439,0.));
#2544=DIRECTION('',(0.,0.,-1.));
#2545=DIRECTION('',(-0.5,-0.866025403784439,0.));
#2546=DIRECTION('',(0.506209545159408,0.862410515004024,0.));
#2547=DIRECTION('',(-0.862410515004024,0.506209545159408,0.));
#2548=DIRECTION('',(0.862410515004024,-0.506209545159408,0.));
#2549=DIRECTION('',(0.,0.,-1.));
#2550=DIRECTION('',(0.862410515004024,-0.506209545159408,0.));
#2551=DIRECTION('',(0.,0.,-1.));
#2552=DIRECTION('',(-1.,0.,0.));
#2553=DIRECTION('',(0.,0.,1.));
#2554=DIRECTION('',(1.,0.,0.));
#2555=DIRECTION('',(0.,0.,-1.));
#2556=DIRECTION('',(0.,0.,1.));
#2557=DIRECTION('',(1.,0.,0.));
#2558=DIRECTION('',(0.862410515004025,0.506209545159406,0.));
#2559=DIRECTION('',(-0.506209545159406,0.862410515004025,0.));
#2560=DIRECTION('',(0.506209545159406,-0.862410515004025,0.));
#2561=DIRECTION('',(0.,0.,-1.));
#2562=DIRECTION('',(0.506209545159406,-0.862410515004025,0.));
#2563=DIRECTION('',(-0.5,0.866025403784439,0.));
#2564=DIRECTION('',(-0.866025403784439,-0.5,0.));
#2565=DIRECTION('',(0.866025403784439,0.5,0.));
#2566=DIRECTION('',(0.,0.,-1.));
#2567=DIRECTION('',(0.866025403784439,0.5,0.));
#2568=DIRECTION('',(0.866025403784439,0.5,0.));
#2569=DIRECTION('',(-0.5,0.866025403784439,0.));
#2570=DIRECTION('',(0.5,-0.866025403784439,0.));
#2571=DIRECTION('',(0.,0.,-1.));
#2572=DIRECTION('',(0.5,-0.866025403784439,0.));
#2573=DIRECTION('',(-0.5,0.866025403784439,0.));
#2574=DIRECTION('',(-0.866025403784439,-0.5,0.));
#2575=DIRECTION('',(0.866025403784439,0.5,0.));
#2576=DIRECTION('',(0.,0.,-1.));
#2577=DIRECTION('',(0.866025403784439,0.5,0.));
#2578=DIRECTION('',(0.866025403784439,0.5,0.));
#2579=DIRECTION('',(-0.5,0.866025403784439,0.));
#2580=DIRECTION('',(0.5,-0.866025403784439,0.));
#2581=DIRECTION('',(0.,0.,-1.));
#2582=DIRECTION('',(0.5,-0.866025403784439,0.));
#2583=DIRECTION('',(0.5,-0.866025403784439,0.));
#2584=DIRECTION('',(0.866025403784439,0.5,0.));
#2585=DIRECTION('',(-0.866025403784439,-0.5,0.));
#2586=DIRECTION('',(0.,0.,-1.));
#2587=DIRECTION('',(-0.866025403784439,-0.5,0.));
#2588=DIRECTION('',(0.869595583248225,0.493764641904602,0.));
#2589=DIRECTION('',(-0.493764641904602,0.869595583248225,0.));
#2590=DIRECTION('',(0.493764641904602,-0.869595583248225,0.));
#2591=DIRECTION('',(0.,0.,-1.));
#2592=DIRECTION('',(0.493764641904602,-0.869595583248225,0.));
#2593=DIRECTION('',(0.,0.,-1.));
#2594=DIRECTION('',(-1.,0.,0.));
#2595=DIRECTION('',(0.,0.,1.));
#2596=DIRECTION('',(1.,0.,0.));
#2597=DIRECTION('',(0.,0.,-1.));
#2598=DIRECTION('',(0.,0.,1.));
#2599=DIRECTION('',(1.,0.,0.));
#2600=DIRECTION('',(0.999974187064009,0.00718506824419996,0.));
#2601=DIRECTION('',(-0.00718506824419996,0.999974187064009,0.));
#2602=DIRECTION('',(0.00718506824419996,-0.999974187064009,0.));
#2603=DIRECTION('',(0.,0.,-1.));
#2604=DIRECTION('',(0.00718506824419996,-0.999974187064009,0.));
#2605=DIRECTION('',(0.,1.,0.));
#2606=DIRECTION('',(0.,0.,1.));
#2607=DIRECTION('',(1.,0.,0.));
#2608=DIRECTION('',(0.,0.,-1.));
#2609=DIRECTION('',(1.,0.,0.));
#2610=DIRECTION('',(1.,0.,0.));
#2611=DIRECTION('',(0.,0.,-1.));
#2612=DIRECTION('',(0.,-1.,0.));
#2613=DIRECTION('',(0.,0.,-1.));
#2614=DIRECTION('',(0.,-1.,0.));
#2615=DIRECTION('',(0.,1.,0.));
#2616=DIRECTION('',(0.,0.,1.));
#2617=DIRECTION('',(1.,0.,0.));
#2618=DIRECTION('',(0.,0.,-1.));
#2619=DIRECTION('',(1.,0.,0.));
#2620=DIRECTION('',(1.,0.,0.));
#2621=DIRECTION('',(0.,0.,-1.));
#2622=DIRECTION('',(0.,-1.,0.));
#2623=DIRECTION('',(0.,0.,-1.));
#2624=DIRECTION('',(0.,-1.,0.));
#2625=DIRECTION('',(0.,-1.,0.));
#2626=DIRECTION('',(0.,0.,-1.));
#2627=DIRECTION('',(-1.,0.,0.));
#2628=DIRECTION('',(0.,0.,-1.));
#2629=DIRECTION('',(-1.,0.,0.));
#2630=DIRECTION('',(0.999974187064009,-0.0071850682441995,0.));
#2631=DIRECTION('',(0.00718506824419951,0.999974187064009,0.));
#2632=DIRECTION('',(-0.0071850682441995,-0.999974187064009,0.));
#2633=DIRECTION('',(0.,0.,-1.));
#2634=DIRECTION('',(-0.0071850682441995,-0.999974187064009,0.));
#2635=DIRECTION('',(0.,0.,-1.));
#2636=DIRECTION('',(-1.,0.,0.));
#2637=DIRECTION('',(0.,0.,1.));
#2638=DIRECTION('',(1.,0.,0.));
#2639=DIRECTION('',(0.,0.,-1.));
#2640=DIRECTION('',(0.,0.,1.));
#2641=DIRECTION('',(1.,0.,0.));
#2642=DIRECTION('',(0.869595583248224,-0.493764641904604,0.));
#2643=DIRECTION('',(0.493764641904604,0.869595583248224,0.));
#2644=DIRECTION('',(-0.493764641904604,-0.869595583248224,0.));
#2645=DIRECTION('',(0.,0.,-1.));
#2646=DIRECTION('',(-0.493764641904604,-0.869595583248224,0.));
#2647=DIRECTION('',(0.5,0.866025403784439,0.));
#2648=DIRECTION('',(-0.866025403784439,0.5,0.));
#2649=DIRECTION('',(0.866025403784439,-0.5,0.));
#2650=DIRECTION('',(0.,0.,-1.));
#2651=DIRECTION('',(0.866025403784439,-0.5,0.));
#2652=DIRECTION('',(0.866025403784439,-0.5,0.));
#2653=DIRECTION('',(0.5,0.866025403784439,0.));
#2654=DIRECTION('',(-0.5,-0.866025403784439,0.));
#2655=DIRECTION('',(0.,0.,-1.));
#2656=DIRECTION('',(-0.5,-0.866025403784439,0.));
#2657=DIRECTION('',(0.5,0.866025403784439,0.));
#2658=DIRECTION('',(-0.866025403784439,0.5,0.));
#2659=DIRECTION('',(0.866025403784439,-0.5,0.));
#2660=DIRECTION('',(0.,0.,-1.));
#2661=DIRECTION('',(0.866025403784439,-0.5,0.));
#2662=DIRECTION('',(0.866025403784439,-0.5,0.));
#2663=DIRECTION('',(0.5,0.866025403784439,0.));
#2664=DIRECTION('',(-0.5,-0.866025403784439,0.));
#2665=DIRECTION('',(0.,0.,-1.));
#2666=DIRECTION('',(-0.5,-0.866025403784439,0.));
#2667=DIRECTION('',(-0.5,-0.866025403784439,0.));
#2668=DIRECTION('',(0.866025403784439,-0.5,0.));
#2669=DIRECTION('',(-0.866025403784439,0.5,0.));
#2670=DIRECTION('',(0.,0.,-1.));
#2671=DIRECTION('',(-0.866025403784439,0.5,0.));
#2672=DIRECTION('',(0.,0.,-1.));
#2673=DIRECTION('',(-1.,0.,0.));
#2674=DIRECTION('',(0.,0.,1.));
#2675=DIRECTION('',(1.,0.,0.));
#2676=DIRECTION('',(0.,0.,1.));
#2677=DIRECTION('',(1.,0.,0.));
#2678=DIRECTION('',(0.862410515004024,-0.506209545159406,0.));
#2679=DIRECTION('',(0.506209545159407,0.862410515004025,0.));
#2680=DIRECTION('',(-0.506209545159407,-0.862410515004025,0.));
#2681=DIRECTION('',(-0.506209545159407,-0.862410515004025,0.));
#2682=DIRECTION('',(0.,0.,1.));
#2683=DIRECTION('',(1.,0.,0.));
#2684=DIRECTION('',(0.,0.,1.));
#2685=DIRECTION('',(1.,0.,0.));
#2686=CARTESIAN_POINT('',(0.,0.,0.));
#2687=CARTESIAN_POINT('',(4.61436444609831E-16,3.33066907387547E-16,0.021));
#2688=CARTESIAN_POINT('',(4.61436444609831E-16,3.33066907387547E-16,0.));
#2689=CARTESIAN_POINT('',(-0.0277922143454736,-0.0177930554367498,0.));
#2690=CARTESIAN_POINT('',(-0.0177930554367498,-0.0277922143454736,0.));
#2691=CARTESIAN_POINT('',(-0.0277922143454736,-0.0177930554367498,0.021));
#2692=CARTESIAN_POINT('',(-0.0277922143454736,-0.0177930554367498,0.021));
#2693=CARTESIAN_POINT('',(4.61436444609831E-16,3.33066907387547E-16,0.021));
#2694=CARTESIAN_POINT('',(-0.0177930554367498,-0.0277922143454736,0.021));
#2695=CARTESIAN_POINT('',(-0.0177930554367498,-0.0277922143454736,0.021));
#2696=CARTESIAN_POINT('',(-0.0288283174447395,-0.0184012174077517,0.021));
#2697=CARTESIAN_POINT('',(-0.0288283174447395,-0.0184012174077517,0.));
#2698=CARTESIAN_POINT('',(-0.0298644205440055,-0.0190093793787538,0.));
#2699=CARTESIAN_POINT('',(-0.0298644205440055,-0.0190093793787538,0.021));
#2700=CARTESIAN_POINT('',(-0.0298644205440055,-0.0190093793787538,0.021));
#2701=CARTESIAN_POINT('',(-0.0288283174447395,-0.0184012174077517,0.021));
#2702=CARTESIAN_POINT('',(-0.0284259419076217,-0.0215008974625731,0.021));
#2703=CARTESIAN_POINT('',(-0.0284259419076217,-0.0215008974625731,0.));
#2704=CARTESIAN_POINT('',(-0.0269874632712377,-0.0239924155463923,0.));
#2705=CARTESIAN_POINT('',(-0.0269874632712377,-0.0239924155463923,0.021));
#2706=CARTESIAN_POINT('',(-0.0269874632712377,-0.0239924155463923,0.021));
#2707=CARTESIAN_POINT('',(-0.0284259419076217,-0.0215008974625731,0.021));
#2708=CARTESIAN_POINT('',(-0.0283417893604217,-0.0247743360785532,0.021));
#2709=CARTESIAN_POINT('',(-0.0283417893604217,-0.0247743360785532,0.));
#2710=CARTESIAN_POINT('',(-0.0296961154496055,-0.025556256610714,0.));
#2711=CARTESIAN_POINT('',(-0.0296961154496055,-0.025556256610714,0.021));
#2712=CARTESIAN_POINT('',(-0.0296961154496055,-0.025556256610714,0.021));
#2713=CARTESIAN_POINT('',(-0.0283417893604217,-0.0247743360785532,0.021));
#2714=CARTESIAN_POINT('',(-0.0333382703124603,-0.0192478593392154,0.021));
#2715=CARTESIAN_POINT('',(-0.0333382703124603,-0.0192478593392154,0.));
#2716=CARTESIAN_POINT('',(-0.0369804251753151,-0.0129394620677169,0.));
#2717=CARTESIAN_POINT('',(-0.0369804251753151,-0.0129394620677169,0.021));
#2718=CARTESIAN_POINT('',(-0.0369804251753151,-0.0129394620677169,0.021));
#2719=CARTESIAN_POINT('',(-0.0333382703124603,-0.0192478593392154,0.021));
#2720=CARTESIAN_POINT('',(-0.0356260990861312,-0.0121575415355561,0.021));
#2721=CARTESIAN_POINT('',(-0.0356260990861312,-0.0121575415355561,0.));
#2722=CARTESIAN_POINT('',(-0.0342717729969474,-0.0113756210033952,0.));
#2723=CARTESIAN_POINT('',(-0.0342717729969474,-0.0113756210033952,0.021));
#2724=CARTESIAN_POINT('',(-0.0342717729969474,-0.0113756210033952,0.021));
#2725=CARTESIAN_POINT('',(-0.0356260990861312,-0.0121575415355561,0.021));
#2726=CARTESIAN_POINT('',(-0.0328332943605635,-0.0138671390872145,0.021));
#2727=CARTESIAN_POINT('',(-0.0328332943605635,-0.0138671390872145,0.));
#2728=CARTESIAN_POINT('',(-0.0313948157241795,-0.0163586571710338,0.));
#2729=CARTESIAN_POINT('',(-0.0313948157241795,-0.0163586571710338,0.021));
#2730=CARTESIAN_POINT('',(-0.0313948157241795,-0.0163586571710338,0.021));
#2731=CARTESIAN_POINT('',(-0.0328332943605635,-0.0138671390872145,0.021));
#2732=CARTESIAN_POINT('',(-0.0303500804580433,-0.0157654465516306,0.021));
#2733=CARTESIAN_POINT('',(-0.0303500804580433,-0.0157654465516306,0.));
#2734=CARTESIAN_POINT('',(-0.029305345191907,-0.0151722359322275,0.));
#2735=CARTESIAN_POINT('',(-0.029305345191907,-0.0151722359322275,0.021));
#2736=CARTESIAN_POINT('',(-0.029305345191907,-0.0151722359322275,0.021));
#2737=CARTESIAN_POINT('',(-0.0303500804580433,-0.0157654465516306,0.021));
#2738=CARTESIAN_POINT('',(2.4980018054066E-16,6.76542155630955E-17,0.021));
#2739=CARTESIAN_POINT('',(2.4980018054066E-16,6.76542155630955E-17,0.));
#2740=CARTESIAN_POINT('',(-0.0329652913689773,-0.00151313084643334,0.));
#2741=CARTESIAN_POINT('',(-0.0329652913689773,-0.00151313084643334,0.021));
#2742=CARTESIAN_POINT('',(-0.0329652913689773,-0.00151313084643334,0.021));
#2743=CARTESIAN_POINT('',(2.4980018054066E-16,6.76542155630955E-17,0.021));
#2744=CARTESIAN_POINT('',(-0.0341666639593824,-0.00152176301330368,0.021));
#2745=CARTESIAN_POINT('',(-0.0341666639593824,-0.00152176301330368,0.));
#2746=CARTESIAN_POINT('',(-0.0353680365497875,-0.00153039518017402,0.));
#2747=CARTESIAN_POINT('',(-0.0353680365497875,-0.00153039518017402,0.021));
#2748=CARTESIAN_POINT('',(-0.0353680365497875,-0.00153039518017402,0.021));
#2749=CARTESIAN_POINT('',(-0.0341666639593824,-0.00152176301330368,0.021));
#2750=CARTESIAN_POINT('',(-0.0353680365497875,-0.0044073524529418,0.021));
#2751=CARTESIAN_POINT('',(-0.0353680365497875,-0.0044073524529418,0.));
#2752=CARTESIAN_POINT('',(-0.0353680365497875,-0.00728430972570957,0.));
#2753=CARTESIAN_POINT('',(-0.0353680365497875,-0.00728430972570957,0.021));
#2754=CARTESIAN_POINT('',(-0.0353680365497875,-0.00728430972570957,0.021));
#2755=CARTESIAN_POINT('',(-0.0353680365497875,-0.0044073524529418,0.021));
#2756=CARTESIAN_POINT('',(-0.0369318776141093,-0.00728430972570958,0.021));
#2757=CARTESIAN_POINT('',(-0.0369318776141093,-0.00728430972570958,0.));
#2758=CARTESIAN_POINT('',(-0.0384957186784309,-0.00728430972570958,0.));
#2759=CARTESIAN_POINT('',(-0.0384957186784309,-0.00728430972570958,0.021));
#2760=CARTESIAN_POINT('',(-0.0384957186784309,-0.00728430972570958,0.021));
#2761=CARTESIAN_POINT('',(-0.0369318776141093,-0.00728430972570958,0.021));
#2762=CARTESIAN_POINT('',(-0.0384957186784309,0.,0.021));
#2763=CARTESIAN_POINT('',(-0.0384957186784309,0.,0.));
#2764=CARTESIAN_POINT('',(-0.0384957186784309,0.00728430972570958,0.));
#2765=CARTESIAN_POINT('',(-0.0384957186784309,0.00728430972570958,0.021));
#2766=CARTESIAN_POINT('',(-0.0384957186784309,0.00728430972570958,0.021));
#2767=CARTESIAN_POINT('',(-0.0384957186784309,0.,0.021));
#2768=CARTESIAN_POINT('',(-0.0369318776141093,0.00728430972570958,0.021));
#2769=CARTESIAN_POINT('',(-0.0369318776141093,0.00728430972570958,0.));
#2770=CARTESIAN_POINT('',(-0.0353680365497875,0.00728430972570958,0.));
#2771=CARTESIAN_POINT('',(-0.0353680365497875,0.00728430972570958,0.021));
#2772=CARTESIAN_POINT('',(-0.0353680365497875,0.00728430972570958,0.021));
#2773=CARTESIAN_POINT('',(-0.0369318776141093,0.00728430972570958,0.021));
#2774=CARTESIAN_POINT('',(-0.0353680365497875,0.0044073524529418,0.021));
#2775=CARTESIAN_POINT('',(-0.0353680365497875,0.0044073524529418,0.));
#2776=CARTESIAN_POINT('',(-0.0353680365497875,0.00153039518017403,0.));
#2777=CARTESIAN_POINT('',(-0.0353680365497875,0.00153039518017403,0.021));
#2778=CARTESIAN_POINT('',(-0.0353680365497875,0.00153039518017403,0.021));
#2779=CARTESIAN_POINT('',(-0.0353680365497875,0.0044073524529418,0.021));
#2780=CARTESIAN_POINT('',(-0.0341666639593824,0.00152176301330368,0.021));
#2781=CARTESIAN_POINT('',(-0.0341666639593824,0.00152176301330368,0.));
#2782=CARTESIAN_POINT('',(-0.0329652913689773,0.00151313084643333,0.));
#2783=CARTESIAN_POINT('',(-0.0329652913689773,0.00151313084643333,0.021));
#2784=CARTESIAN_POINT('',(-0.0329652913689773,0.00151313084643333,0.021));
#2785=CARTESIAN_POINT('',(-0.0341666639593824,0.00152176301330368,0.021));
#2786=CARTESIAN_POINT('',(6.93889390390723E-16,-8.91214185783085E-17,0.021));
#2787=CARTESIAN_POINT('',(6.93889390390723E-16,-8.91214185783085E-17,0.));
#2788=CARTESIAN_POINT('',(-0.029305345191907,0.0151722359322275,0.));
#2789=CARTESIAN_POINT('',(-0.029305345191907,0.0151722359322275,0.021));
#2790=CARTESIAN_POINT('',(-0.029305345191907,0.0151722359322275,0.021));
#2791=CARTESIAN_POINT('',(6.93889390390723E-16,-8.91214185783085E-17,0.021));
#2792=CARTESIAN_POINT('',(-0.0303500804580433,0.0157654465516307,0.021));
#2793=CARTESIAN_POINT('',(-0.0303500804580433,0.0157654465516307,0.));
#2794=CARTESIAN_POINT('',(-0.0313948157241795,0.0163586571710338,0.));
#2795=CARTESIAN_POINT('',(-0.0313948157241795,0.0163586571710338,0.021));
#2796=CARTESIAN_POINT('',(-0.0313948157241795,0.0163586571710338,0.021));
#2797=CARTESIAN_POINT('',(-0.0303500804580433,0.0157654465516307,0.021));
#2798=CARTESIAN_POINT('',(-0.0328332943605635,0.0138671390872145,0.021));
#2799=CARTESIAN_POINT('',(-0.0328332943605635,0.0138671390872145,0.));
#2800=CARTESIAN_POINT('',(-0.0342717729969474,0.0113756210033952,0.));
#2801=CARTESIAN_POINT('',(-0.0342717729969474,0.0113756210033952,0.021));
#2802=CARTESIAN_POINT('',(-0.0342717729969474,0.0113756210033952,0.021));
#2803=CARTESIAN_POINT('',(-0.0328332943605635,0.0138671390872145,0.021));
#2804=CARTESIAN_POINT('',(-0.0356260990861312,0.0121575415355561,0.021));
#2805=CARTESIAN_POINT('',(-0.0356260990861312,0.0121575415355561,0.));
#2806=CARTESIAN_POINT('',(-0.0369804251753151,0.0129394620677169,0.));
#2807=CARTESIAN_POINT('',(-0.0369804251753151,0.0129394620677169,0.021));
#2808=CARTESIAN_POINT('',(-0.0369804251753151,0.0129394620677169,0.021));
#2809=CARTESIAN_POINT('',(-0.0356260990861312,0.0121575415355561,0.021));
#2810=CARTESIAN_POINT('',(-0.0333382703124602,0.0192478593392154,0.021));
#2811=CARTESIAN_POINT('',(-0.0333382703124602,0.0192478593392154,0.));
#2812=CARTESIAN_POINT('',(-0.0296961154496055,0.025556256610714,0.));
#2813=CARTESIAN_POINT('',(-0.0296961154496055,0.025556256610714,0.021));
#2814=CARTESIAN_POINT('',(-0.0296961154496055,0.025556256610714,0.021));
#2815=CARTESIAN_POINT('',(-0.0333382703124602,0.0192478593392154,0.021));
#2816=CARTESIAN_POINT('',(-0.0283417893604216,0.0247743360785532,0.021));
#2817=CARTESIAN_POINT('',(-0.0283417893604216,0.0247743360785532,0.));
#2818=CARTESIAN_POINT('',(-0.0269874632712377,0.0239924155463923,0.));
#2819=CARTESIAN_POINT('',(-0.0269874632712377,0.0239924155463923,0.021));
#2820=CARTESIAN_POINT('',(-0.0269874632712377,0.0239924155463923,0.021));
#2821=CARTESIAN_POINT('',(-0.0283417893604216,0.0247743360785532,0.021));
#2822=CARTESIAN_POINT('',(-0.0284259419076217,0.0215008974625731,0.021));
#2823=CARTESIAN_POINT('',(-0.0284259419076217,0.0215008974625731,0.));
#2824=CARTESIAN_POINT('',(-0.0298644205440055,0.0190093793787538,0.));
#2825=CARTESIAN_POINT('',(-0.0298644205440055,0.0190093793787538,0.021));
#2826=CARTESIAN_POINT('',(-0.0298644205440055,0.0190093793787538,0.021));
#2827=CARTESIAN_POINT('',(-0.0284259419076217,0.0215008974625731,0.021));
#2828=CARTESIAN_POINT('',(-0.0288283174447395,0.0184012174077517,0.021));
#2829=CARTESIAN_POINT('',(-0.0288283174447395,0.0184012174077517,0.));
#2830=CARTESIAN_POINT('',(-0.0277922143454736,0.0177930554367498,0.));
#2831=CARTESIAN_POINT('',(-0.0277922143454736,0.0177930554367498,0.021));
#2832=CARTESIAN_POINT('',(-0.0277922143454736,0.0177930554367498,0.021));
#2833=CARTESIAN_POINT('',(-0.0288283174447395,0.0184012174077517,0.021));
#2834=CARTESIAN_POINT('',(3.17454396103756E-16,-2.02962646689286E-16,0.021));
#2835=CARTESIAN_POINT('',(3.17454396103756E-16,-2.02962646689286E-16,0.));
#2836=CARTESIAN_POINT('',(-0.0177930554367497,0.0277922143454736,0.));
#2837=CARTESIAN_POINT('',(-0.0177930554367497,0.0277922143454736,0.021));
#2838=CARTESIAN_POINT('',(-0.0177930554367497,0.0277922143454736,0.021));
#2839=CARTESIAN_POINT('',(3.17454396103756E-16,-2.02962646689286E-16,0.021));
#2840=CARTESIAN_POINT('',(-0.0184012174077517,0.0288283174447396,0.021));
#2841=CARTESIAN_POINT('',(-0.0184012174077517,0.0288283174447396,0.));
#2842=CARTESIAN_POINT('',(-0.0190093793787537,0.0298644205440055,0.));
#2843=CARTESIAN_POINT('',(-0.0190093793787537,0.0298644205440055,0.021));
#2844=CARTESIAN_POINT('',(-0.0190093793787537,0.0298644205440055,0.021));
#2845=CARTESIAN_POINT('',(-0.0184012174077517,0.0288283174447396,0.021));
#2846=CARTESIAN_POINT('',(-0.021500897462573,0.0284259419076217,0.021));
#2847=CARTESIAN_POINT('',(-0.021500897462573,0.0284259419076217,0.));
#2848=CARTESIAN_POINT('',(-0.0239924155463923,0.0269874632712378,0.));
#2849=CARTESIAN_POINT('',(-0.0239924155463923,0.0269874632712378,0.021));
#2850=CARTESIAN_POINT('',(-0.0239924155463923,0.0269874632712378,0.021));
#2851=CARTESIAN_POINT('',(-0.021500897462573,0.0284259419076217,0.021));
#2852=CARTESIAN_POINT('',(-0.0247743360785532,0.0283417893604217,0.021));
#2853=CARTESIAN_POINT('',(-0.0247743360785532,0.0283417893604217,0.));
#2854=CARTESIAN_POINT('',(-0.025556256610714,0.0296961154496055,0.));
#2855=CARTESIAN_POINT('',(-0.025556256610714,0.0296961154496055,0.021));
#2856=CARTESIAN_POINT('',(-0.025556256610714,0.0296961154496055,0.021));
#2857=CARTESIAN_POINT('',(-0.0247743360785532,0.0283417893604217,0.021));
#2858=CARTESIAN_POINT('',(-0.0192478593392154,0.0333382703124603,0.021));
#2859=CARTESIAN_POINT('',(-0.0192478593392154,0.0333382703124603,0.));
#2860=CARTESIAN_POINT('',(-0.0129394620677169,0.0369804251753151,0.));
#2861=CARTESIAN_POINT('',(-0.0129394620677169,0.0369804251753151,0.021));
#2862=CARTESIAN_POINT('',(-0.0129394620677169,0.0369804251753151,0.021));
#2863=CARTESIAN_POINT('',(-0.0192478593392154,0.0333382703124603,0.021));
#2864=CARTESIAN_POINT('',(-0.0121575415355561,0.0356260990861312,0.021));
#2865=CARTESIAN_POINT('',(-0.0121575415355561,0.0356260990861312,0.));
#2866=CARTESIAN_POINT('',(-0.0113756210033952,0.0342717729969473,0.));
#2867=CARTESIAN_POINT('',(-0.0113756210033952,0.0342717729969473,0.021));
#2868=CARTESIAN_POINT('',(-0.0113756210033952,0.0342717729969473,0.021));
#2869=CARTESIAN_POINT('',(-0.0121575415355561,0.0356260990861312,0.021));
#2870=CARTESIAN_POINT('',(-0.0138671390872145,0.0328332943605635,0.021));
#2871=CARTESIAN_POINT('',(-0.0138671390872145,0.0328332943605635,0.));
#2872=CARTESIAN_POINT('',(-0.0163586571710338,0.0313948157241796,0.));
#2873=CARTESIAN_POINT('',(-0.0163586571710338,0.0313948157241796,0.021));
#2874=CARTESIAN_POINT('',(-0.0163586571710338,0.0313948157241796,0.021));
#2875=CARTESIAN_POINT('',(-0.0138671390872145,0.0328332943605635,0.021));
#2876=CARTESIAN_POINT('',(-0.0157654465516306,0.0303500804580433,0.021));
#2877=CARTESIAN_POINT('',(-0.0157654465516306,0.0303500804580433,0.));
#2878=CARTESIAN_POINT('',(-0.0151722359322275,0.029305345191907,0.));
#2879=CARTESIAN_POINT('',(-0.0151722359322275,0.029305345191907,0.021));
#2880=CARTESIAN_POINT('',(-0.0151722359322275,0.029305345191907,0.021));
#2881=CARTESIAN_POINT('',(-0.0157654465516306,0.0303500804580433,0.021));
#2882=CARTESIAN_POINT('',(5.20417042793042E-17,-2.35922392732846E-16,0.021));
#2883=CARTESIAN_POINT('',(5.20417042793042E-17,-2.35922392732846E-16,0.));
#2884=CARTESIAN_POINT('',(-0.00151313084643333,0.0329652913689773,0.));
#2885=CARTESIAN_POINT('',(-0.00151313084643333,0.0329652913689773,0.021));
#2886=CARTESIAN_POINT('',(-0.00151313084643333,0.0329652913689773,0.021));
#2887=CARTESIAN_POINT('',(5.20417042793042E-17,-2.35922392732846E-16,0.021));
#2888=CARTESIAN_POINT('',(-0.00152176301330367,0.0341666639593824,0.021));
#2889=CARTESIAN_POINT('',(-0.00152176301330367,0.0341666639593824,0.));
#2890=CARTESIAN_POINT('',(-0.00153039518017402,0.0353680365497875,0.));
#2891=CARTESIAN_POINT('',(-0.00153039518017402,0.0353680365497875,0.021));
#2892=CARTESIAN_POINT('',(-0.00153039518017402,0.0353680365497875,0.021));
#2893=CARTESIAN_POINT('',(-0.00152176301330367,0.0341666639593824,0.021));
#2894=CARTESIAN_POINT('',(-0.00440735245294179,0.0353680365497875,0.021));
#2895=CARTESIAN_POINT('',(-0.00440735245294179,0.0353680365497875,0.));
#2896=CARTESIAN_POINT('',(-0.00728430972570957,0.0353680365497875,0.));
#2897=CARTESIAN_POINT('',(-0.00728430972570957,0.0353680365497875,0.021));
#2898=CARTESIAN_POINT('',(-0.00728430972570957,0.0353680365497875,0.021));
#2899=CARTESIAN_POINT('',(-0.00440735245294179,0.0353680365497875,0.021));
#2900=CARTESIAN_POINT('',(-0.00728430972570957,0.0369318776141093,0.021));
#2901=CARTESIAN_POINT('',(-0.00728430972570957,0.0369318776141093,0.));
#2902=CARTESIAN_POINT('',(-0.00728430972570957,0.0384957186784309,0.));
#2903=CARTESIAN_POINT('',(-0.00728430972570957,0.0384957186784309,0.021));
#2904=CARTESIAN_POINT('',(-0.00728430972570957,0.0384957186784309,0.021));
#2905=CARTESIAN_POINT('',(-0.00728430972570957,0.0369318776141093,0.021));
#2906=CARTESIAN_POINT('',(6.93889390390723E-18,0.0384957186784309,0.021));
#2907=CARTESIAN_POINT('',(6.93889390390723E-18,0.0384957186784309,0.));
#2908=CARTESIAN_POINT('',(0.00728430972570958,0.0384957186784309,0.));
#2909=CARTESIAN_POINT('',(0.00728430972570958,0.0384957186784309,0.021));
#2910=CARTESIAN_POINT('',(0.00728430972570958,0.0384957186784309,0.021));
#2911=CARTESIAN_POINT('',(6.93889390390723E-18,0.0384957186784309,0.021));
#2912=CARTESIAN_POINT('',(0.00728430972570958,0.0369318776141093,0.021));
#2913=CARTESIAN_POINT('',(0.00728430972570958,0.0369318776141093,0.));
#2914=CARTESIAN_POINT('',(0.00728430972570958,0.0353680365497875,0.));
#2915=CARTESIAN_POINT('',(0.00728430972570958,0.0353680365497875,0.021));
#2916=CARTESIAN_POINT('',(0.00728430972570958,0.0353680365497875,0.021));
#2917=CARTESIAN_POINT('',(0.00728430972570958,0.0369318776141093,0.021));
#2918=CARTESIAN_POINT('',(0.0044073524529418,0.0353680365497875,0.021));
#2919=CARTESIAN_POINT('',(0.0044073524529418,0.0353680365497875,0.));
#2920=CARTESIAN_POINT('',(0.00153039518017404,0.0353680365497875,0.));
#2921=CARTESIAN_POINT('',(0.00153039518017404,0.0353680365497875,0.021));
#2922=CARTESIAN_POINT('',(0.00153039518017404,0.0353680365497875,0.021));
#2923=CARTESIAN_POINT('',(0.0044073524529418,0.0353680365497875,0.021));
#2924=CARTESIAN_POINT('',(0.00152176301330368,0.0341666639593824,0.021));
#2925=CARTESIAN_POINT('',(0.00152176301330368,0.0341666639593824,0.));
#2926=CARTESIAN_POINT('',(0.00151313084643335,0.0329652913689773,0.));
#2927=CARTESIAN_POINT('',(0.00151313084643335,0.0329652913689773,0.021));
#2928=CARTESIAN_POINT('',(0.00151313084643335,0.0329652913689773,0.021));
#2929=CARTESIAN_POINT('',(0.00152176301330368,0.0341666639593824,0.021));
#2930=CARTESIAN_POINT('',(-7.69783542464708E-17,-5.68989300120393E-16,0.021));
#2931=CARTESIAN_POINT('',(-7.69783542464708E-17,-5.68989300120393E-16,0.));
#2932=CARTESIAN_POINT('',(0.0151722359322275,0.029305345191907,0.));
#2933=CARTESIAN_POINT('',(0.0151722359322275,0.029305345191907,0.021));
#2934=CARTESIAN_POINT('',(0.0151722359322275,0.029305345191907,0.021));
#2935=CARTESIAN_POINT('',(-7.69783542464708E-17,-5.68989300120393E-16,0.021));
#2936=CARTESIAN_POINT('',(0.0157654465516307,0.0303500804580433,0.021));
#2937=CARTESIAN_POINT('',(0.0157654465516307,0.0303500804580433,0.));
#2938=CARTESIAN_POINT('',(0.0163586571710338,0.0313948157241795,0.));
#2939=CARTESIAN_POINT('',(0.0163586571710338,0.0313948157241795,0.021));
#2940=CARTESIAN_POINT('',(0.0163586571710338,0.0313948157241795,0.021));
#2941=CARTESIAN_POINT('',(0.0157654465516307,0.0303500804580433,0.021));
#2942=CARTESIAN_POINT('',(0.0138671390872145,0.0328332943605635,0.021));
#2943=CARTESIAN_POINT('',(0.0138671390872145,0.0328332943605635,0.));
#2944=CARTESIAN_POINT('',(0.0113756210033952,0.0342717729969474,0.));
#2945=CARTESIAN_POINT('',(0.0113756210033952,0.0342717729969474,0.021));
#2946=CARTESIAN_POINT('',(0.0113756210033952,0.0342717729969474,0.021));
#2947=CARTESIAN_POINT('',(0.0138671390872145,0.0328332943605635,0.021));
#2948=CARTESIAN_POINT('',(0.0121575415355561,0.0356260990861312,0.021));
#2949=CARTESIAN_POINT('',(0.0121575415355561,0.0356260990861312,0.));
#2950=CARTESIAN_POINT('',(0.0129394620677169,0.0369804251753151,0.));
#2951=CARTESIAN_POINT('',(0.0129394620677169,0.0369804251753151,0.021));
#2952=CARTESIAN_POINT('',(0.0129394620677169,0.0369804251753151,0.021));
#2953=CARTESIAN_POINT('',(0.0121575415355561,0.0356260990861312,0.021));
#2954=CARTESIAN_POINT('',(0.0192478593392154,0.0333382703124602,0.021));
#2955=CARTESIAN_POINT('',(0.0192478593392154,0.0333382703124602,0.));
#2956=CARTESIAN_POINT('',(0.025556256610714,0.0296961154496055,0.));
#2957=CARTESIAN_POINT('',(0.025556256610714,0.0296961154496055,0.021));
#2958=CARTESIAN_POINT('',(0.025556256610714,0.0296961154496055,0.021));
#2959=CARTESIAN_POINT('',(0.0192478593392154,0.0333382703124602,0.021));
#2960=CARTESIAN_POINT('',(0.0247743360785532,0.0283417893604216,0.021));
#2961=CARTESIAN_POINT('',(0.0247743360785532,0.0283417893604216,0.));
#2962=CARTESIAN_POINT('',(0.0239924155463923,0.0269874632712377,0.));
#2963=CARTESIAN_POINT('',(0.0239924155463923,0.0269874632712377,0.021));
#2964=CARTESIAN_POINT('',(0.0239924155463923,0.0269874632712377,0.021));
#2965=CARTESIAN_POINT('',(0.0247743360785532,0.0283417893604216,0.021));
#2966=CARTESIAN_POINT('',(0.0215008974625731,0.0284259419076217,0.021));
#2967=CARTESIAN_POINT('',(0.0215008974625731,0.0284259419076217,0.));
#2968=CARTESIAN_POINT('',(0.0190093793787538,0.0298644205440055,0.));
#2969=CARTESIAN_POINT('',(0.0190093793787538,0.0298644205440055,0.021));
#2970=CARTESIAN_POINT('',(0.0190093793787538,0.0298644205440055,0.021));
#2971=CARTESIAN_POINT('',(0.0215008974625731,0.0284259419076217,0.021));
#2972=CARTESIAN_POINT('',(0.0184012174077518,0.0288283174447395,0.021));
#2973=CARTESIAN_POINT('',(0.0184012174077518,0.0288283174447395,0.));
#2974=CARTESIAN_POINT('',(0.0177930554367498,0.0277922143454736,0.));
#2975=CARTESIAN_POINT('',(0.0177930554367498,0.0277922143454736,0.021));
#2976=CARTESIAN_POINT('',(0.0177930554367498,0.0277922143454736,0.021));
#2977=CARTESIAN_POINT('',(0.0184012174077518,0.0288283174447395,0.021));
#2978=CARTESIAN_POINT('',(-2.02962646689286E-16,-3.17454396103756E-16,0.021));
#2979=CARTESIAN_POINT('',(-2.02962646689286E-16,-3.17454396103756E-16,0.));
#2980=CARTESIAN_POINT('',(0.0277922143454736,0.0177930554367498,0.));
#2981=CARTESIAN_POINT('',(0.0277922143454736,0.0177930554367498,0.021));
#2982=CARTESIAN_POINT('',(0.0277922143454736,0.0177930554367498,0.021));
#2983=CARTESIAN_POINT('',(-2.02962646689286E-16,-3.17454396103756E-16,0.021));
#2984=CARTESIAN_POINT('',(0.0288283174447395,0.0184012174077517,0.021));
#2985=CARTESIAN_POINT('',(0.0288283174447395,0.0184012174077517,0.));
#2986=CARTESIAN_POINT('',(0.0298644205440055,0.0190093793787538,0.));
#2987=CARTESIAN_POINT('',(0.0298644205440055,0.0190093793787538,0.021));
#2988=CARTESIAN_POINT('',(0.0298644205440055,0.0190093793787538,0.021));
#2989=CARTESIAN_POINT('',(0.0288283174447395,0.0184012174077517,0.021));
#2990=CARTESIAN_POINT('',(0.0284259419076217,0.0215008974625731,0.021));
#2991=CARTESIAN_POINT('',(0.0284259419076217,0.0215008974625731,0.));
#2992=CARTESIAN_POINT('',(0.0269874632712378,0.0239924155463923,0.));
#2993=CARTESIAN_POINT('',(0.0269874632712378,0.0239924155463923,0.021));
#2994=CARTESIAN_POINT('',(0.0269874632712378,0.0239924155463923,0.021));
#2995=CARTESIAN_POINT('',(0.0284259419076217,0.0215008974625731,0.021));
#2996=CARTESIAN_POINT('',(0.0283417893604217,0.0247743360785532,0.021));
#2997=CARTESIAN_POINT('',(0.0283417893604217,0.0247743360785532,0.));
#2998=CARTESIAN_POINT('',(0.0296961154496055,0.025556256610714,0.));
#2999=CARTESIAN_POINT('',(0.0296961154496055,0.025556256610714,0.021));
#3000=CARTESIAN_POINT('',(0.0296961154496055,0.025556256610714,0.021));
#3001=CARTESIAN_POINT('',(0.0283417893604217,0.0247743360785532,0.021));
#3002=CARTESIAN_POINT('',(0.0333382703124603,0.0192478593392154,0.021));
#3003=CARTESIAN_POINT('',(0.0333382703124603,0.0192478593392154,0.));
#3004=CARTESIAN_POINT('',(0.0369804251753151,0.0129394620677169,0.));
#3005=CARTESIAN_POINT('',(0.0369804251753151,0.0129394620677169,0.021));
#3006=CARTESIAN_POINT('',(0.0369804251753151,0.0129394620677169,0.021));
#3007=CARTESIAN_POINT('',(0.0333382703124603,0.0192478593392154,0.021));
#3008=CARTESIAN_POINT('',(0.0356260990861312,0.0121575415355561,0.021));
#3009=CARTESIAN_POINT('',(0.0356260990861312,0.0121575415355561,0.));
#3010=CARTESIAN_POINT('',(0.0342717729969474,0.0113756210033952,0.));
#3011=CARTESIAN_POINT('',(0.0342717729969474,0.0113756210033952,0.021));
#3012=CARTESIAN_POINT('',(0.0342717729969474,0.0113756210033952,0.021));
#3013=CARTESIAN_POINT('',(0.0356260990861312,0.0121575415355561,0.021));
#3014=CARTESIAN_POINT('',(0.0328332943605635,0.0138671390872145,0.021));
#3015=CARTESIAN_POINT('',(0.0328332943605635,0.0138671390872145,0.));
#3016=CARTESIAN_POINT('',(0.0313948157241795,0.0163586571710338,0.));
#3017=CARTESIAN_POINT('',(0.0313948157241795,0.0163586571710338,0.021));
#3018=CARTESIAN_POINT('',(0.0313948157241795,0.0163586571710338,0.021));
#3019=CARTESIAN_POINT('',(0.0328332943605635,0.0138671390872145,0.021));
#3020=CARTESIAN_POINT('',(0.0303500804580433,0.0157654465516307,0.021));
#3021=CARTESIAN_POINT('',(0.0303500804580433,0.0157654465516307,0.));
#3022=CARTESIAN_POINT('',(0.029305345191907,0.0151722359322275,0.));
#3023=CARTESIAN_POINT('',(0.029305345191907,0.0151722359322275,0.021));
#3024=CARTESIAN_POINT('',(0.029305345191907,0.0151722359322275,0.021));
#3025=CARTESIAN_POINT('',(0.0303500804580433,0.0157654465516307,0.021));
#3026=CARTESIAN_POINT('',(-1.94289029309402E-16,-4.42354486374086E-17,0.021));
#3027=CARTESIAN_POINT('',(-1.94289029309402E-16,-4.42354486374086E-17,0.));
#3028=CARTESIAN_POINT('',(0.0329652913689773,0.00151313084643333,0.));
#3029=CARTESIAN_POINT('',(0.0329652913689773,0.00151313084643333,0.021));
#3030=CARTESIAN_POINT('',(0.0329652913689773,0.00151313084643333,0.021));
#3031=CARTESIAN_POINT('',(-1.94289029309402E-16,-4.42354486374086E-17,0.021));
#3032=CARTESIAN_POINT('',(0.0341666639593824,0.00152176301330367,0.021));
#3033=CARTESIAN_POINT('',(0.0341666639593824,0.00152176301330367,0.));
#3034=CARTESIAN_POINT('',(0.0353680365497875,0.00153039518017402,0.));
#3035=CARTESIAN_POINT('',(0.0353680365497875,0.00153039518017402,0.021));
#3036=CARTESIAN_POINT('',(0.0353680365497875,0.00153039518017402,0.021));
#3037=CARTESIAN_POINT('',(0.0341666639593824,0.00152176301330367,0.021));
#3038=CARTESIAN_POINT('',(0.0353680365497875,0.00440735245294179,0.021));
#3039=CARTESIAN_POINT('',(0.0353680365497875,0.00440735245294179,0.));
#3040=CARTESIAN_POINT('',(0.0353680365497875,0.00728430972570957,0.));
#3041=CARTESIAN_POINT('',(0.0353680365497875,0.00728430972570957,0.021));
#3042=CARTESIAN_POINT('',(0.0353680365497875,0.00728430972570957,0.021));
#3043=CARTESIAN_POINT('',(0.0353680365497875,0.00440735245294179,0.021));
#3044=CARTESIAN_POINT('',(0.0369318776141093,0.00728430972570957,0.021));
#3045=CARTESIAN_POINT('',(0.0369318776141093,0.00728430972570957,0.));
#3046=CARTESIAN_POINT('',(0.0384957186784309,0.00728430972570957,0.));
#3047=CARTESIAN_POINT('',(0.0384957186784309,0.00728430972570957,0.021));
#3048=CARTESIAN_POINT('',(0.0384957186784309,0.00728430972570957,0.021));
#3049=CARTESIAN_POINT('',(0.0369318776141093,0.00728430972570957,0.021));
#3050=CARTESIAN_POINT('',(0.0384957186784309,-4.33680868994202E-18,0.021));
#3051=CARTESIAN_POINT('',(0.0384957186784309,-4.33680868994202E-18,0.));
#3052=CARTESIAN_POINT('',(0.0384957186784309,-0.00728430972570958,0.));
#3053=CARTESIAN_POINT('',(0.0384957186784309,-0.00728430972570958,0.021));
#3054=CARTESIAN_POINT('',(0.0384957186784309,-0.00728430972570958,0.021));
#3055=CARTESIAN_POINT('',(0.0384957186784309,-4.33680868994202E-18,0.021));
#3056=CARTESIAN_POINT('',(0.0369318776141093,-0.00728430972570958,0.021));
#3057=CARTESIAN_POINT('',(0.0369318776141093,-0.00728430972570958,0.));
#3058=CARTESIAN_POINT('',(0.0353680365497875,-0.00728430972570958,0.));
#3059=CARTESIAN_POINT('',(0.0353680365497875,-0.00728430972570958,0.021));
#3060=CARTESIAN_POINT('',(0.0353680365497875,-0.00728430972570958,0.021));
#3061=CARTESIAN_POINT('',(0.0369318776141093,-0.00728430972570958,0.021));
#3062=CARTESIAN_POINT('',(0.0353680365497875,-0.0044073524529418,0.021));
#3063=CARTESIAN_POINT('',(0.0353680365497875,-0.0044073524529418,0.));
#3064=CARTESIAN_POINT('',(0.0353680365497875,-0.00153039518017403,0.));
#3065=CARTESIAN_POINT('',(0.0353680365497875,-0.00153039518017403,0.021));
#3066=CARTESIAN_POINT('',(0.0353680365497875,-0.00153039518017403,0.021));
#3067=CARTESIAN_POINT('',(0.0353680365497875,-0.0044073524529418,0.021));
#3068=CARTESIAN_POINT('',(0.0341666639593824,-0.00152176301330367,0.021));
#3069=CARTESIAN_POINT('',(0.0341666639593824,-0.00152176301330367,0.));
#3070=CARTESIAN_POINT('',(0.0329652913689773,-0.00151313084643334,0.));
#3071=CARTESIAN_POINT('',(0.0329652913689773,-0.00151313084643334,0.021));
#3072=CARTESIAN_POINT('',(0.0329652913689773,-0.00151313084643334,0.021));
#3073=CARTESIAN_POINT('',(0.0341666639593824,-0.00152176301330367,0.021));
#3074=CARTESIAN_POINT('',(-5.759281940243E-16,8.01225405466788E-17,0.021));
#3075=CARTESIAN_POINT('',(-5.759281940243E-16,8.01225405466788E-17,0.));
#3076=CARTESIAN_POINT('',(0.029305345191907,-0.0151722359322275,0.));
#3077=CARTESIAN_POINT('',(0.029305345191907,-0.0151722359322275,0.021));
#3078=CARTESIAN_POINT('',(0.029305345191907,-0.0151722359322275,0.021));
#3079=CARTESIAN_POINT('',(-5.759281940243E-16,8.01225405466788E-17,0.021));
#3080=CARTESIAN_POINT('',(0.0303500804580433,-0.0157654465516307,0.021));
#3081=CARTESIAN_POINT('',(0.0303500804580433,-0.0157654465516307,0.));
#3082=CARTESIAN_POINT('',(0.0313948157241795,-0.0163586571710338,0.));
#3083=CARTESIAN_POINT('',(0.0313948157241795,-0.0163586571710338,0.021));
#3084=CARTESIAN_POINT('',(0.0313948157241795,-0.0163586571710338,0.021));
#3085=CARTESIAN_POINT('',(0.0303500804580433,-0.0157654465516307,0.021));
#3086=CARTESIAN_POINT('',(0.0328332943605635,-0.0138671390872145,0.021));
#3087=CARTESIAN_POINT('',(0.0328332943605635,-0.0138671390872145,0.));
#3088=CARTESIAN_POINT('',(0.0342717729969474,-0.0113756210033952,0.));
#3089=CARTESIAN_POINT('',(0.0342717729969474,-0.0113756210033952,0.021));
#3090=CARTESIAN_POINT('',(0.0342717729969474,-0.0113756210033952,0.021));
#3091=CARTESIAN_POINT('',(0.0328332943605635,-0.0138671390872145,0.021));
#3092=CARTESIAN_POINT('',(0.0356260990861312,-0.0121575415355561,0.021));
#3093=CARTESIAN_POINT('',(0.0356260990861312,-0.0121575415355561,0.));
#3094=CARTESIAN_POINT('',(0.0369804251753151,-0.0129394620677169,0.));
#3095=CARTESIAN_POINT('',(0.0369804251753151,-0.0129394620677169,0.021));
#3096=CARTESIAN_POINT('',(0.0369804251753151,-0.0129394620677169,0.021));
#3097=CARTESIAN_POINT('',(0.0356260990861312,-0.0121575415355561,0.021));
#3098=CARTESIAN_POINT('',(0.0333382703124603,-0.0192478593392154,0.021));
#3099=CARTESIAN_POINT('',(0.0333382703124603,-0.0192478593392154,0.));
#3100=CARTESIAN_POINT('',(0.0296961154496055,-0.025556256610714,0.));
#3101=CARTESIAN_POINT('',(0.0296961154496055,-0.025556256610714,0.021));
#3102=CARTESIAN_POINT('',(0.0296961154496055,-0.025556256610714,0.021));
#3103=CARTESIAN_POINT('',(0.0333382703124603,-0.0192478593392154,0.021));
#3104=CARTESIAN_POINT('',(0.0283417893604217,-0.0247743360785532,0.021));
#3105=CARTESIAN_POINT('',(0.0283417893604217,-0.0247743360785532,0.));
#3106=CARTESIAN_POINT('',(0.0269874632712377,-0.0239924155463923,0.));
#3107=CARTESIAN_POINT('',(0.0269874632712377,-0.0239924155463923,0.021));
#3108=CARTESIAN_POINT('',(0.0269874632712377,-0.0239924155463923,0.021));
#3109=CARTESIAN_POINT('',(0.0283417893604217,-0.0247743360785532,0.021));
#3110=CARTESIAN_POINT('',(0.0284259419076217,-0.0215008974625731,0.021));
#3111=CARTESIAN_POINT('',(0.0284259419076217,-0.0215008974625731,0.));
#3112=CARTESIAN_POINT('',(0.0298644205440055,-0.0190093793787538,0.));
#3113=CARTESIAN_POINT('',(0.0298644205440055,-0.0190093793787538,0.021));
#3114=CARTESIAN_POINT('',(0.0298644205440055,-0.0190093793787538,0.021));
#3115=CARTESIAN_POINT('',(0.0284259419076217,-0.0215008974625731,0.021));
#3116=CARTESIAN_POINT('',(0.0288283174447395,-0.0184012174077518,0.021));
#3117=CARTESIAN_POINT('',(0.0288283174447395,-0.0184012174077518,0.));
#3118=CARTESIAN_POINT('',(0.0277922143454736,-0.0177930554367498,0.));
#3119=CARTESIAN_POINT('',(0.0277922143454736,-0.0177930554367498,0.021));
#3120=CARTESIAN_POINT('',(0.0277922143454736,-0.0177930554367498,0.021));
#3121=CARTESIAN_POINT('',(0.0288283174447395,-0.0184012174077518,0.021));
#3122=CARTESIAN_POINT('',(-2.89698820488127E-16,1.97758476261356E-16,0.021));
#3123=CARTESIAN_POINT('',(-2.89698820488127E-16,1.97758476261356E-16,0.));
#3124=CARTESIAN_POINT('',(0.0177930554367497,-0.0277922143454736,0.));
#3125=CARTESIAN_POINT('',(0.0177930554367497,-0.0277922143454736,0.021));
#3126=CARTESIAN_POINT('',(0.0177930554367497,-0.0277922143454736,0.021));
#3127=CARTESIAN_POINT('',(-2.89698820488127E-16,1.97758476261356E-16,0.021));
#3128=CARTESIAN_POINT('',(0.0184012174077517,-0.0288283174447396,0.021));
#3129=CARTESIAN_POINT('',(0.0184012174077517,-0.0288283174447396,0.));
#3130=CARTESIAN_POINT('',(0.0190093793787537,-0.0298644205440055,0.));
#3131=CARTESIAN_POINT('',(0.0190093793787537,-0.0298644205440055,0.021));
#3132=CARTESIAN_POINT('',(0.0190093793787537,-0.0298644205440055,0.021));
#3133=CARTESIAN_POINT('',(0.0184012174077517,-0.0288283174447396,0.021));
#3134=CARTESIAN_POINT('',(0.0215008974625731,-0.0284259419076217,0.021));
#3135=CARTESIAN_POINT('',(0.0215008974625731,-0.0284259419076217,0.));
#3136=CARTESIAN_POINT('',(0.0239924155463923,-0.0269874632712377,0.));
#3137=CARTESIAN_POINT('',(0.0239924155463923,-0.0269874632712377,0.021));
#3138=CARTESIAN_POINT('',(0.0239924155463923,-0.0269874632712377,0.021));
#3139=CARTESIAN_POINT('',(0.0215008974625731,-0.0284259419076217,0.021));
#3140=CARTESIAN_POINT('',(0.0247743360785532,-0.0283417893604217,0.021));
#3141=CARTESIAN_POINT('',(0.0247743360785532,-0.0283417893604217,0.));
#3142=CARTESIAN_POINT('',(0.025556256610714,-0.0296961154496055,0.));
#3143=CARTESIAN_POINT('',(0.025556256610714,-0.0296961154496055,0.021));
#3144=CARTESIAN_POINT('',(0.025556256610714,-0.0296961154496055,0.021));
#3145=CARTESIAN_POINT('',(0.0247743360785532,-0.0283417893604217,0.021));
#3146=CARTESIAN_POINT('',(0.0192478593392154,-0.0333382703124603,0.021));
#3147=CARTESIAN_POINT('',(0.0192478593392154,-0.0333382703124603,0.));
#3148=CARTESIAN_POINT('',(0.0129394620677169,-0.0369804251753151,0.));
#3149=CARTESIAN_POINT('',(0.0129394620677169,-0.0369804251753151,0.021));
#3150=CARTESIAN_POINT('',(0.0129394620677169,-0.0369804251753151,0.021));
#3151=CARTESIAN_POINT('',(0.0192478593392154,-0.0333382703124603,0.021));
#3152=CARTESIAN_POINT('',(0.0121575415355561,-0.0356260990861312,0.021));
#3153=CARTESIAN_POINT('',(0.0121575415355561,-0.0356260990861312,0.));
#3154=CARTESIAN_POINT('',(0.0113756210033952,-0.0342717729969474,0.));
#3155=CARTESIAN_POINT('',(0.0113756210033952,-0.0342717729969474,0.021));
#3156=CARTESIAN_POINT('',(0.0113756210033952,-0.0342717729969474,0.021));
#3157=CARTESIAN_POINT('',(0.0121575415355561,-0.0356260990861312,0.021));
#3158=CARTESIAN_POINT('',(0.0138671390872145,-0.0328332943605635,0.021));
#3159=CARTESIAN_POINT('',(0.0138671390872145,-0.0328332943605635,0.));
#3160=CARTESIAN_POINT('',(0.0163586571710338,-0.0313948157241795,0.));
#3161=CARTESIAN_POINT('',(0.0163586571710338,-0.0313948157241795,0.021));
#3162=CARTESIAN_POINT('',(0.0163586571710338,-0.0313948157241795,0.021));
#3163=CARTESIAN_POINT('',(0.0138671390872145,-0.0328332943605635,0.021));
#3164=CARTESIAN_POINT('',(0.0157654465516306,-0.0303500804580433,0.021));
#3165=CARTESIAN_POINT('',(0.0157654465516306,-0.0303500804580433,0.));
#3166=CARTESIAN_POINT('',(0.0151722359322275,-0.029305345191907,0.));
#3167=CARTESIAN_POINT('',(0.0151722359322275,-0.029305345191907,0.021));
#3168=CARTESIAN_POINT('',(0.0151722359322275,-0.029305345191907,0.021));
#3169=CARTESIAN_POINT('',(0.0157654465516306,-0.0303500804580433,0.021));
#3170=CARTESIAN_POINT('',(-4.25007251614318E-17,1.94289029309402E-16,0.021));
#3171=CARTESIAN_POINT('',(-4.25007251614318E-17,1.94289029309402E-16,0.));
#3172=CARTESIAN_POINT('',(0.00151313084643333,-0.0329652913689773,0.));
#3173=CARTESIAN_POINT('',(0.00151313084643333,-0.0329652913689773,0.021));
#3174=CARTESIAN_POINT('',(0.00151313084643333,-0.0329652913689773,0.021));
#3175=CARTESIAN_POINT('',(-4.25007251614318E-17,1.94289029309402E-16,0.021));
#3176=CARTESIAN_POINT('',(0.00152176301330368,-0.0341666639593824,0.021));
#3177=CARTESIAN_POINT('',(0.00152176301330368,-0.0341666639593824,0.));
#3178=CARTESIAN_POINT('',(0.00153039518017403,-0.0353680365497875,0.));
#3179=CARTESIAN_POINT('',(0.00153039518017403,-0.0353680365497875,0.021));
#3180=CARTESIAN_POINT('',(0.00153039518017403,-0.0353680365497875,0.021));
#3181=CARTESIAN_POINT('',(0.00152176301330368,-0.0341666639593824,0.021));
#3182=CARTESIAN_POINT('',(0.00440735245294179,-0.0353680365497875,0.021));
#3183=CARTESIAN_POINT('',(0.00440735245294179,-0.0353680365497875,0.));
#3184=CARTESIAN_POINT('',(0.00728430972570957,-0.0353680365497875,0.));
#3185=CARTESIAN_POINT('',(0.00728430972570957,-0.0353680365497875,0.021));
#3186=CARTESIAN_POINT('',(0.00728430972570957,-0.0353680365497875,0.021));
#3187=CARTESIAN_POINT('',(0.00440735245294179,-0.0353680365497875,0.021));
#3188=CARTESIAN_POINT('',(0.00728430972570957,-0.0369318776141093,0.021));
#3189=CARTESIAN_POINT('',(0.00728430972570957,-0.0369318776141093,0.));
#3190=CARTESIAN_POINT('',(0.00728430972570957,-0.0384957186784309,0.));
#3191=CARTESIAN_POINT('',(0.00728430972570957,-0.0384957186784309,0.021));
#3192=CARTESIAN_POINT('',(0.00728430972570957,-0.0384957186784309,0.021));
#3193=CARTESIAN_POINT('',(0.00728430972570957,-0.0369318776141093,0.021));
#3194=CARTESIAN_POINT('',(-2.60208521396521E-18,-0.0384957186784309,0.021));
#3195=CARTESIAN_POINT('',(-2.60208521396521E-18,-0.0384957186784309,0.));
#3196=CARTESIAN_POINT('',(-0.00728430972570958,-0.0384957186784309,0.));
#3197=CARTESIAN_POINT('',(-0.00728430972570958,-0.0384957186784309,0.021));
#3198=CARTESIAN_POINT('',(-0.00728430972570958,-0.0384957186784309,0.021));
#3199=CARTESIAN_POINT('',(-2.60208521396521E-18,-0.0384957186784309,0.021));
#3200=CARTESIAN_POINT('',(-0.00728430972570958,-0.0369318776141093,0.021));
#3201=CARTESIAN_POINT('',(-0.00728430972570958,-0.0369318776141093,0.));
#3202=CARTESIAN_POINT('',(-0.00728430972570958,-0.0353680365497875,0.));
#3203=CARTESIAN_POINT('',(-0.00728430972570958,-0.0353680365497875,0.021));
#3204=CARTESIAN_POINT('',(-0.00728430972570958,-0.0353680365497875,0.021));
#3205=CARTESIAN_POINT('',(-0.00728430972570958,-0.0369318776141093,0.021));
#3206=CARTESIAN_POINT('',(-0.0044073524529418,-0.0353680365497875,0.021));
#3207=CARTESIAN_POINT('',(-0.0044073524529418,-0.0353680365497875,0.));
#3208=CARTESIAN_POINT('',(-0.00153039518017403,-0.0353680365497875,0.));
#3209=CARTESIAN_POINT('',(-0.00153039518017403,-0.0353680365497875,0.021));
#3210=CARTESIAN_POINT('',(-0.00153039518017403,-0.0353680365497875,0.021));
#3211=CARTESIAN_POINT('',(-0.0044073524529418,-0.0353680365497875,0.021));
#3212=CARTESIAN_POINT('',(-0.00152176301330368,-0.0341666639593824,0.021));
#3213=CARTESIAN_POINT('',(-0.00152176301330368,-0.0341666639593824,0.));
#3214=CARTESIAN_POINT('',(-0.00151313084643334,-0.0329652913689773,0.));
#3215=CARTESIAN_POINT('',(-0.00151313084643334,-0.0329652913689773,0.021));
#3216=CARTESIAN_POINT('',(-0.00151313084643334,-0.0329652913689773,0.021));
#3217=CARTESIAN_POINT('',(-0.00152176301330368,-0.0341666639593824,0.021));
#3218=CARTESIAN_POINT('',(8.22909448916498E-17,5.759281940243E-16,0.021));
#3219=CARTESIAN_POINT('',(8.22909448916498E-17,5.759281940243E-16,0.));
#3220=CARTESIAN_POINT('',(-0.0151722359322275,-0.029305345191907,0.));
#3221=CARTESIAN_POINT('',(-0.0151722359322275,-0.029305345191907,0.021));
#3222=CARTESIAN_POINT('',(-0.0151722359322275,-0.029305345191907,0.021));
#3223=CARTESIAN_POINT('',(8.22909448916498E-17,5.759281940243E-16,0.021));
#3224=CARTESIAN_POINT('',(-0.0157654465516307,-0.0303500804580433,0.021));
#3225=CARTESIAN_POINT('',(-0.0157654465516307,-0.0303500804580433,0.));
#3226=CARTESIAN_POINT('',(-0.0163586571710338,-0.0313948157241795,0.));
#3227=CARTESIAN_POINT('',(-0.0163586571710338,-0.0313948157241795,0.021));
#3228=CARTESIAN_POINT('',(-0.0163586571710338,-0.0313948157241795,0.021));
#3229=CARTESIAN_POINT('',(-0.0157654465516307,-0.0303500804580433,0.021));
#3230=CARTESIAN_POINT('',(-0.0138671390872145,-0.0328332943605635,0.021));
#3231=CARTESIAN_POINT('',(-0.0138671390872145,-0.0328332943605635,0.));
#3232=CARTESIAN_POINT('',(-0.0113756210033952,-0.0342717729969474,0.));
#3233=CARTESIAN_POINT('',(-0.0113756210033952,-0.0342717729969474,0.021));
#3234=CARTESIAN_POINT('',(-0.0113756210033952,-0.0342717729969474,0.021));
#3235=CARTESIAN_POINT('',(-0.0138671390872145,-0.0328332943605635,0.021));
#3236=CARTESIAN_POINT('',(-0.0121575415355561,-0.0356260990861312,0.021));
#3237=CARTESIAN_POINT('',(-0.0121575415355561,-0.0356260990861312,0.));
#3238=CARTESIAN_POINT('',(-0.0129394620677169,-0.0369804251753151,0.));
#3239=CARTESIAN_POINT('',(-0.0129394620677169,-0.0369804251753151,0.021));
#3240=CARTESIAN_POINT('',(-0.0129394620677169,-0.0369804251753151,0.021));
#3241=CARTESIAN_POINT('',(-0.0121575415355561,-0.0356260990861312,0.021));
#3242=CARTESIAN_POINT('',(-0.0192478593392154,-0.0333382703124603,0.021));
#3243=CARTESIAN_POINT('',(-0.0192478593392154,-0.0333382703124603,0.));
#3244=CARTESIAN_POINT('',(-0.025556256610714,-0.0296961154496055,0.));
#3245=CARTESIAN_POINT('',(-0.025556256610714,-0.0296961154496055,0.021));
#3246=CARTESIAN_POINT('',(-0.025556256610714,-0.0296961154496055,0.021));
#3247=CARTESIAN_POINT('',(-0.0192478593392154,-0.0333382703124603,0.021));
#3248=CARTESIAN_POINT('',(-0.0247743360785532,-0.0283417893604216,0.021));
#3249=CARTESIAN_POINT('',(-0.0247743360785532,-0.0283417893604216,0.));
#3250=CARTESIAN_POINT('',(-0.0239924155463923,-0.0269874632712377,0.));
#3251=CARTESIAN_POINT('',(-0.0239924155463923,-0.0269874632712377,0.021));
#3252=CARTESIAN_POINT('',(-0.0239924155463923,-0.0269874632712377,0.021));
#3253=CARTESIAN_POINT('',(-0.0247743360785532,-0.0283417893604216,0.021));
#3254=CARTESIAN_POINT('',(-0.0215008974625731,-0.0284259419076217,0.021));
#3255=CARTESIAN_POINT('',(-0.0215008974625731,-0.0284259419076217,0.));
#3256=CARTESIAN_POINT('',(-0.0190093793787538,-0.0298644205440055,0.));
#3257=CARTESIAN_POINT('',(-0.0190093793787538,-0.0298644205440055,0.021));
#3258=CARTESIAN_POINT('',(-0.0190093793787538,-0.0298644205440055,0.021));
#3259=CARTESIAN_POINT('',(-0.0215008974625731,-0.0284259419076217,0.021));
#3260=CARTESIAN_POINT('',(0.,2.60237444818812E-18,0.021));
#3261=CARTESIAN_POINT('',(0.,2.60237444818812E-18,0.021));
#3262=CARTESIAN_POINT('',(0.0425,2.60237444818812E-18,0.021));
#3263=CARTESIAN_POINT('',(0.,2.60237444818812E-18,0.));
#3264=CARTESIAN_POINT('',(0.0425,2.60237444818812E-18,0.));
#3265=CARTESIAN_POINT('',(-0.0184012174077517,-0.0288283174447395,0.021));
#3266=CARTESIAN_POINT('',(-0.0184012174077517,-0.0288283174447395,0.));
#3267=CARTESIAN_POINT('',(-0.0184012174077517,-0.0288283174447395,0.021));
#3268=CARTESIAN_POINT('',(0.,0.,0.021));
#3269=CARTESIAN_POINT('',(0.,0.,0.));
#3270=MECHANICAL_DESIGN_GEOMETRIC_PRESENTATION_REPRESENTATION('',(#2033),
#3271);
#3271=(
GEOMETRIC_REPRESENTATION_CONTEXT(3)
GLOBAL_UNCERTAINTY_ASSIGNED_CONTEXT((#3272))
GLOBAL_UNIT_ASSIGNED_CONTEXT((#3275,#3274,#3273))
REPRESENTATION_CONTEXT('Part 1','TOP_LEVEL_ASSEMBLY_PART')
);
#3272=UNCERTAINTY_MEASURE_WITH_UNIT(LENGTH_MEASURE(1.E-8),#3275,
'DISTANCE_ACCURACY_VALUE','Maximum Tolerance applied to model');
#3273=(
NAMED_UNIT(*)
SI_UNIT($,.STERADIAN.)
SOLID_ANGLE_UNIT()
);
#3274=(
NAMED_UNIT(*)
PLANE_ANGLE_UNIT()
SI_UNIT($,.RADIAN.)
);
#3275=(
LENGTH_UNIT()
NAMED_UNIT(*)
SI_UNIT($,.METRE.)
);
#3276=PRODUCT_DEFINITION_SHAPE('','',#3277);
#3277=PRODUCT_DEFINITION('','',#3279,#3278);
#3278=PRODUCT_DEFINITION_CONTEXT('',#3285,'design');
#3279=PRODUCT_DEFINITION_FORMATION_WITH_SPECIFIED_SOURCE('','',#3281,
 .NOT_KNOWN.);
#3280=PRODUCT_RELATED_PRODUCT_CATEGORY('','',(#3281));
#3281=PRODUCT('Part 1','Part 1','Part 1',(#3283));
#3282=PRODUCT_CATEGORY('','');
#3283=PRODUCT_CONTEXT('',#3285,'mechanical');
#3284=APPLICATION_PROTOCOL_DEFINITION('international standard',
'ap242_managed_model_based_3d_engineering',2020,#3285);
#3285=APPLICATION_CONTEXT('managed model based 3d engineering');
ENDSEC;
END-ISO-10303-21;
